Date,HE,Control Area Load
01/01/2025,1,7942
01/01/2025,2,7819
01/01/2025,3,7710
01/01/2025,4,7637
01/01/2025,5,7670
01/01/2025,6,7798
01/01/2025,7,8011
01/01/2025,8,8269
01/01/2025,9,8524
01/01/2025,10,8721
01/01/2025,11,8933
01/01/2025,12,9032
01/01/2025,13,9031
01/01/2025,14,9042
01/01/2025,15,9049
01/01/2025,16,9192
01/01/2025,17,9588
01/01/2025,18,9749
01/01/2025,19,9496
01/01/2025,20,9268
01/01/2025,21,9063
01/01/2025,22,8803
01/01/2025,23,8446
01/01/2025,24,8089
01/02/2025,1,7871
01/02/2025,2,7723
01/02/2025,3,7651
01/02/2025,4,7652
01/02/2025,5,7758
01/02/2025,6,8103
01/02/2025,7,8580
01/02/2025,8,9145
01/02/2025,9,9500
01/02/2025,10,9722
01/02/2025,11,9916
01/02/2025,12,10012
01/02/2025,13,10062
01/02/2025,14,10012
01/02/2025,15,10024
01/02/2025,16,10066
01/02/2025,17,10374
01/02/2025,18,10514
01/02/2025,19,10267
01/02/2025,20,9996
01/02/2025,21,9682
01/02/2025,22,9313
01/02/2025,23,8854
01/02/2025,24,8428
01/03/2025,1,8097
01/03/2025,2,7897
01/03/2025,3,7806
01/03/2025,4,7794
01/03/2025,5,7899
01/03/2025,6,8165
01/03/2025,7,8673
01/03/2025,8,9243
01/03/2025,9,9651
01/03/2025,10,9885
01/03/2025,11,9981
01/03/2025,12,10075
01/03/2025,13,10091
01/03/2025,14,10040
01/03/2025,15,10021
01/03/2025,16,10063
01/03/2025,17,10290
01/03/2025,18,10400
01/03/2025,19,10144
01/03/2025,20,9866
01/03/2025,21,9579
01/03/2025,22,9256
01/03/2025,23,8805
01/03/2025,24,8447
01/04/2025,1,8110
01/04/2025,2,7894
01/04/2025,3,7727
01/04/2025,4,7644
01/04/2025,5,7660
01/04/2025,6,7784
01/04/2025,7,8071
01/04/2025,8,8427
01/04/2025,9,8753
01/04/2025,10,9017
01/04/2025,11,9193
01/04/2025,12,9314
01/04/2025,13,9351
01/04/2025,14,9324
01/04/2025,15,9312
01/04/2025,16,9390
01/04/2025,17,9689
01/04/2025,18,9834
01/04/2025,19,9632
01/04/2025,20,9394
01/04/2025,21,9174
01/04/2025,22,8952
01/04/2025,23,8561
01/04/2025,24,8201
01/05/2025,1,7877
01/05/2025,2,7699
01/05/2025,3,7571
01/05/2025,4,7500
01/05/2025,5,7511
01/05/2025,6,7642
01/05/2025,7,7833
01/05/2025,8,8168
01/05/2025,9,8530
01/05/2025,10,8780
01/05/2025,11,8886
01/05/2025,12,8986
01/05/2025,13,9004
01/05/2025,14,8964
01/05/2025,15,8942
01/05/2025,16,9045
01/05/2025,17,9474
01/05/2025,18,9756
01/05/2025,19,9592
01/05/2025,20,9412
01/05/2025,21,9215
01/05/2025,22,8887
01/05/2025,23,8443
01/05/2025,24,8039
01/06/2025,1,7750
01/06/2025,2,7646
01/06/2025,3,7558
01/06/2025,4,7571
01/06/2025,5,7668
01/06/2025,6,8077
01/06/2025,7,8684
01/06/2025,8,9461
01/06/2025,9,9683
01/06/2025,10,9702
01/06/2025,11,9615
01/06/2025,12,9555
01/06/2025,13,9507
01/06/2025,14,9399
01/06/2025,15,9322
01/06/2025,16,9449
01/06/2025,17,9938
01/06/2025,18,10258
01/06/2025,19,10075
01/06/2025,20,9863
01/06/2025,21,9601
01/06/2025,22,9219
01/06/2025,23,8742
01/06/2025,24,8277
01/07/2025,1,7977
01/07/2025,2,7828
01/07/2025,3,7738
01/07/2025,4,7749
01/07/2025,5,7863
01/07/2025,6,8256
01/07/2025,7,8846
01/07/2025,8,9584
01/07/2025,9,9770
01/07/2025,10,9841
01/07/2025,11,9829
01/07/2025,12,9783
01/07/2025,13,9759
01/07/2025,14,9662
01/07/2025,15,9572
01/07/2025,16,9702
01/07/2025,17,10041
01/07/2025,18,10310
01/07/2025,19,10110
01/07/2025,20,9834
01/07/2025,21,9542
01/07/2025,22,9144
01/07/2025,23,8615
01/07/2025,24,8175
01/08/2025,1,7819
01/08/2025,2,7654
01/08/2025,3,7524
01/08/2025,4,7469
01/08/2025,5,7539
01/08/2025,6,7894
01/08/2025,7,8500
01/08/2025,8,9250
01/08/2025,9,9484
01/08/2025,10,9462
01/08/2025,11,9407
01/08/2025,12,9340
01/08/2025,13,9333
01/08/2025,14,9226
01/08/2025,15,9138
01/08/2025,16,9232
01/08/2025,17,9629
01/08/2025,18,9983
01/08/2025,19,9850
01/08/2025,20,9662
01/08/2025,21,9442
01/08/2025,22,9165
01/08/2025,23,8630
01/08/2025,24,8210
01/09/2025,1,7863
01/09/2025,2,7705
01/09/2025,3,7631
01/09/2025,4,7614
01/09/2025,5,7723
01/09/2025,6,8086
01/09/2025,7,8668
01/09/2025,8,9375
01/09/2025,9,9594
01/09/2025,10,9540
01/09/2025,11,9481
01/09/2025,12,9357
01/09/2025,13,9284
01/09/2025,14,9218
01/09/2025,15,9130
01/09/2025,16,9259
01/09/2025,17,9625
01/09/2025,18,9964
01/09/2025,19,9784
01/09/2025,20,9557
01/09/2025,21,9280
01/09/2025,22,8933
01/09/2025,23,8433
01/09/2025,24,8002
01/10/2025,1,7670
01/10/2025,2,7492
01/10/2025,3,7471
01/10/2025,4,7473
01/10/2025,5,7547
01/10/2025,6,7879
01/10/2025,7,8460
01/10/2025,8,9156
01/10/2025,9,9423
01/10/2025,10,9426
01/10/2025,11,9457
01/10/2025,12,9318
01/10/2025,13,9130
01/10/2025,14,8998
01/10/2025,15,8881
01/10/2025,16,8887
01/10/2025,17,9255
01/10/2025,18,9560
01/10/2025,19,9392
01/10/2025,20,9163
01/10/2025,21,8942
01/10/2025,22,8690
01/10/2025,23,8305
01/10/2025,24,7932
01/11/2025,1,7629
01/11/2025,2,7432
01/11/2025,3,7317
01/11/2025,4,7278
01/11/2025,5,7331
01/11/2025,6,7478
01/11/2025,7,7797
01/11/2025,8,8237
01/11/2025,9,8637
01/11/2025,10,8821
01/11/2025,11,8840
01/11/2025,12,8801
01/11/2025,13,8722
01/11/2025,14,8623
01/11/2025,15,8578
01/11/2025,16,8676
01/11/2025,17,9010
01/11/2025,18,9316
01/11/2025,19,9135
01/11/2025,20,8946
01/11/2025,21,8769
01/11/2025,22,8503
01/11/2025,23,8097
01/11/2025,24,7825
01/12/2025,1,7510
01/12/2025,2,7371
01/12/2025,3,7265
01/12/2025,4,7233
01/12/2025,5,7263
01/12/2025,6,7413
01/12/2025,7,7700
01/12/2025,8,8072
01/12/2025,9,8443
01/12/2025,10,8695
01/12/2025,11,8774
01/12/2025,12,8728
01/12/2025,13,8667
01/12/2025,14,8578
01/12/2025,15,8530
01/12/2025,16,8636
01/12/2025,17,9046
01/12/2025,18,9541
01/12/2025,19,9470
01/12/2025,20,9301
01/12/2025,21,9151
01/12/2025,22,8808
01/12/2025,23,8348
01/12/2025,24,7997
01/13/2025,1,7788
01/13/2025,2,7651
01/13/2025,3,7607
01/13/2025,4,7602
01/13/2025,5,7720
01/13/2025,6,8082
01/13/2025,7,8742
01/13/2025,8,9519
01/13/2025,9,9740
01/13/2025,10,9744
01/13/2025,11,9731
01/13/2025,12,9677
01/13/2025,13,9609
01/13/2025,14,9526
01/13/2025,15,9425
01/13/2025,16,9503
01/13/2025,17,9867
01/13/2025,18,10147
01/13/2025,19,9961
01/13/2025,20,9727
01/13/2025,21,9467
01/13/2025,22,9128
01/13/2025,23,8571
01/13/2025,24,8112
01/14/2025,1,7822
01/14/2025,2,7668
01/14/2025,3,7553
01/14/2025,4,7591
01/14/2025,5,7652
01/14/2025,6,8049
01/14/2025,7,8652
01/14/2025,8,9342
01/14/2025,9,9541
01/14/2025,10,9497
01/14/2025,11,9434
01/14/2025,12,9288
01/14/2025,13,9196
01/14/2025,14,9112
01/14/2025,15,9007
01/14/2025,16,9104
01/14/2025,17,9501
01/14/2025,18,9916
01/14/2025,19,9782
01/14/2025,20,9515
01/14/2025,21,9278
01/14/2025,22,8950
01/14/2025,23,8410
01/14/2025,24,8022
01/15/2025,1,7672
01/15/2025,2,7578
01/15/2025,3,7491
01/15/2025,4,7492
01/15/2025,5,7620
01/15/2025,6,8008
01/15/2025,7,8648
01/15/2025,8,9403
01/15/2025,9,9557
01/15/2025,10,9461
01/15/2025,11,9268
01/15/2025,12,9154
01/15/2025,13,8986
01/15/2025,14,8813
01/15/2025,15,8713
01/15/2025,16,8787
01/15/2025,17,9155
01/15/2025,18,9613
01/15/2025,19,9602
01/15/2025,20,9478
01/15/2025,21,9295
01/15/2025,22,9077
01/15/2025,23,8456
01/15/2025,24,8015
01/16/2025,1,7710
01/16/2025,2,7607
01/16/2025,3,7515
01/16/2025,4,7515
01/16/2025,5,7579
01/16/2025,6,7934
01/16/2025,7,8546
01/16/2025,8,9238
01/16/2025,9,9452
01/16/2025,10,9416
01/16/2025,11,9387
01/16/2025,12,9335
01/16/2025,13,9235
01/16/2025,14,9083
01/16/2025,15,8939
01/16/2025,16,8947
01/16/2025,17,9230
01/16/2025,18,9694
01/16/2025,19,9594
01/16/2025,20,9464
01/16/2025,21,9289
01/16/2025,22,9015
01/16/2025,23,8556
01/16/2025,24,8115
01/17/2025,1,7856
01/17/2025,2,7727
01/17/2025,3,7668
01/17/2025,4,7698
01/17/2025,5,7835
01/17/2025,6,8189
01/17/2025,7,8838
01/17/2025,8,9589
01/17/2025,9,9828
01/17/2025,10,9785
01/17/2025,11,9607
01/17/2025,12,9467
01/17/2025,13,9297
01/17/2025,14,9130
01/17/2025,15,8993
01/17/2025,16,9034
01/17/2025,17,9406
01/17/2025,18,9833
01/17/2025,19,9773
01/17/2025,20,9610
01/17/2025,21,9439
01/17/2025,22,9197
01/17/2025,23,8782
01/17/2025,24,8450
01/18/2025,1,8138
01/18/2025,2,7961
01/18/2025,3,7924
01/18/2025,4,7918
01/18/2025,5,8004
01/18/2025,6,8180
01/18/2025,7,8493
01/18/2025,8,8995
01/18/2025,9,9412
01/18/2025,10,9553
01/18/2025,11,9475
01/18/2025,12,9299
01/18/2025,13,9142
01/18/2025,14,9003
01/18/2025,15,8970
01/18/2025,16,9068
01/18/2025,17,9394
01/18/2025,18,9835
01/18/2025,19,9715
01/18/2025,20,9490
01/18/2025,21,9267
01/18/2025,22,9000
01/18/2025,23,8675
01/18/2025,24,8374
01/19/2025,1,8160
01/19/2025,2,8053
01/19/2025,3,7986
01/19/2025,4,8012
01/19/2025,5,8046
01/19/2025,6,8197
01/19/2025,7,8497
01/19/2025,8,8936
01/19/2025,9,9313
01/19/2025,10,9482
01/19/2025,11,9449
01/19/2025,12,9323
01/19/2025,13,9178
01/19/2025,14,9028
01/19/2025,15,8901
01/19/2025,16,8991
01/19/2025,17,9423
01/19/2025,18,9998
01/19/2025,19,9967
01/19/2025,20,9856
01/19/2025,21,9705
01/19/2025,22,9381
01/19/2025,23,8892
01/19/2025,24,8501
01/20/2025,1,8174
01/20/2025,2,8118
01/20/2025,3,8098
01/20/2025,4,8163
01/20/2025,5,8303
01/20/2025,6,8725
01/20/2025,7,9426
01/20/2025,8,10189
01/20/2025,9,10367
01/20/2025,10,10293
01/20/2025,11,10141
01/20/2025,12,9967
01/20/2025,13,9856
01/20/2025,14,9765
01/20/2025,15,9649
01/20/2025,16,9728
01/20/2025,17,10168
01/20/2025,18,10615
01/20/2025,19,10477
01/20/2025,20,10259
01/20/2025,21,9964
01/20/2025,22,9543
01/20/2025,23,8993
01/20/2025,24,8539
01/21/2025,1,8205
01/21/2025,2,8121
01/21/2025,3,8093
01/21/2025,4,8092
01/21/2025,5,8176
01/21/2025,6,8587
01/21/2025,7,9285
01/21/2025,8,10089
01/21/2025,9,10237
01/21/2025,10,10163
01/21/2025,11,10035
01/21/2025,12,9836
01/21/2025,13,9718
01/21/2025,14,9558
01/21/2025,15,9379
01/21/2025,16,9416
01/21/2025,17,9807
01/21/2025,18,10354
01/21/2025,19,10292
01/21/2025,20,10132
01/21/2025,21,9874
01/21/2025,22,9515
01/21/2025,23,8985
01/21/2025,24,8513
01/22/2025,1,8191
01/22/2025,2,7995
01/22/2025,3,7905
01/22/2025,4,7935
01/22/2025,5,8079
01/22/2025,6,8520
01/22/2025,7,9231
01/22/2025,8,10024
01/22/2025,9,10185
01/22/2025,10,10092
01/22/2025,11,9943
01/22/2025,12,9774
01/22/2025,13,9672
01/22/2025,14,9621
01/22/2025,15,9543
01/22/2025,16,9595
01/22/2025,17,9908
01/22/2025,18,10343
01/22/2025,19,10221
01/22/2025,20,10044
01/22/2025,21,9819
01/22/2025,22,9467
01/22/2025,23,8960
01/22/2025,24,8516
01/23/2025,1,8183
01/23/2025,2,8047
01/23/2025,3,7981
01/23/2025,4,7991
01/23/2025,5,8118
01/23/2025,6,8536
01/23/2025,7,9295
01/23/2025,8,10039
01/23/2025,9,10184
01/23/2025,10,10137
01/23/2025,11,9976
01/23/2025,12,9819
01/23/2025,13,9709
01/23/2025,14,9591
01/23/2025,15,9565
01/23/2025,16,9586
01/23/2025,17,9838
01/23/2025,18,10244
01/23/2025,19,10046
01/23/2025,20,9885
01/23/2025,21,9663
01/23/2025,22,9337
01/23/2025,23,8833
01/23/2025,24,8401
01/24/2025,1,8130
01/24/2025,2,7978
01/24/2025,3,7899
01/24/2025,4,7890
01/24/2025,5,8036
01/24/2025,6,8476
01/24/2025,7,9130
01/24/2025,8,9898
01/24/2025,9,10155
01/24/2025,10,10041
01/24/2025,11,9854
01/24/2025,12,9612
01/24/2025,13,9428
01/24/2025,14,9265
01/24/2025,15,9142
01/24/2025,16,9193
01/24/2025,17,9497
01/24/2025,18,9960
01/24/2025,19,9912
01/24/2025,20,9743
01/24/2025,21,9553
01/24/2025,22,9306
01/24/2025,23,8949
01/24/2025,24,8516
01/25/2025,1,8224
01/25/2025,2,8080
01/25/2025,3,7988
01/25/2025,4,8005
01/25/2025,5,8090
01/25/2025,6,8305
01/25/2025,7,8642
01/25/2025,8,9160
01/25/2025,9,9552
01/25/2025,10,9698
01/25/2025,11,9575
01/25/2025,12,9388
01/25/2025,13,9154
01/25/2025,14,8963
01/25/2025,15,8865
01/25/2025,16,8918
01/25/2025,17,9243
01/25/2025,18,9751
01/25/2025,19,9715
01/25/2025,20,9563
01/25/2025,21,9395
01/25/2025,22,9107
01/25/2025,23,8771
01/25/2025,24,8481
01/26/2025,1,8261
01/26/2025,2,8133
01/26/2025,3,8059
01/26/2025,4,8083
01/26/2025,5,8158
01/26/2025,6,8319
01/26/2025,7,8644
01/26/2025,8,9102
01/26/2025,9,9460
01/26/2025,10,9683
01/26/2025,11,9587
01/26/2025,12,9409
01/26/2025,13,9253
01/26/2025,14,9047
01/26/2025,15,8910
01/26/2025,16,8963
01/26/2025,17,9329
01/26/2025,18,9870
01/26/2025,19,9891
01/26/2025,20,9794
01/26/2025,21,9596
01/26/2025,22,9265
01/26/2025,23,8800
01/26/2025,24,8492
01/27/2025,1,8229
01/27/2025,2,8160
01/27/2025,3,8127
01/27/2025,4,8144
01/27/2025,5,8293
01/27/2025,6,8722
01/27/2025,7,9401
01/27/2025,8,10181
01/27/2025,9,10352
01/27/2025,10,10280
01/27/2025,11,10072
01/27/2025,12,9853
01/27/2025,13,9721
01/27/2025,14,9516
01/27/2025,15,9329
01/27/2025,16,9358
01/27/2025,17,9630
01/27/2025,18,10175
01/27/2025,19,10209
01/27/2025,20,10042
01/27/2025,21,9821
01/27/2025,22,9498
01/27/2025,23,8952
01/27/2025,24,8534
01/28/2025,1,8241
01/28/2025,2,8122
01/28/2025,3,8055
01/28/2025,4,8097
01/28/2025,5,8257
01/28/2025,6,8665
01/28/2025,7,9372
01/28/2025,8,10160
01/28/2025,9,10303
01/28/2025,10,10188
01/28/2025,11,9967
01/28/2025,12,9780
01/28/2025,13,9600
01/28/2025,14,9391
01/28/2025,15,9248
01/28/2025,16,9286
01/28/2025,17,9583
01/28/2025,18,10080
01/28/2025,19,10104
01/28/2025,20,9950
01/28/2025,21,9725
01/28/2025,22,9439
01/28/2025,23,8945
01/28/2025,24,8532
01/29/2025,1,8258
01/29/2025,2,8126
01/29/2025,3,8051
01/29/2025,4,8068
01/29/2025,5,8210
01/29/2025,6,8623
01/29/2025,7,9334
01/29/2025,8,10137
01/29/2025,9,10259
01/29/2025,10,10143
01/29/2025,11,9930
01/29/2025,12,9710
01/29/2025,13,9523
01/29/2025,14,9337
01/29/2025,15,9157
01/29/2025,16,9216
01/29/2025,17,9529
01/29/2025,18,10051
01/29/2025,19,10004
01/29/2025,20,9863
01/29/2025,21,9612
01/29/2025,22,9279
01/29/2025,23,8767
01/29/2025,24,8344
01/30/2025,1,8023
01/30/2025,2,7872
01/30/2025,3,7760
01/30/2025,4,7751
01/30/2025,5,7880
01/30/2025,6,8226
01/30/2025,7,8884
01/30/2025,8,9668
01/30/2025,9,9825
01/30/2025,10,9859
01/30/2025,11,9827
01/30/2025,12,9747
01/30/2025,13,9693
01/30/2025,14,9639
01/30/2025,15,9562
01/30/2025,16,9661
01/30/2025,17,9901
01/30/2025,18,10250
01/30/2025,19,10095
01/30/2025,20,9896
01/30/2025,21,9665
01/30/2025,22,9331
01/30/2025,23,8873
01/30/2025,24,8450
01/31/2025,1,8135
01/31/2025,2,7972
01/31/2025,3,7817
01/31/2025,4,7777
01/31/2025,5,7858
01/31/2025,6,8186
01/31/2025,7,8789
01/31/2025,8,9495
01/31/2025,9,9689
01/31/2025,10,9720
01/31/2025,11,9739
01/31/2025,12,9712
01/31/2025,13,9695
01/31/2025,14,9608
01/31/2025,15,9508
01/31/2025,16,9498
01/31/2025,17,9636
01/31/2025,18,9901
01/31/2025,19,9841
01/31/2025,20,9644
01/31/2025,21,9422
01/31/2025,22,9135
01/31/2025,23,8720
01/31/2025,24,8335
02/01/2025,1,8059
02/01/2025,2,7890
02/01/2025,3,7757
02/01/2025,4,7740
02/01/2025,5,7790
02/01/2025,6,7950
02/01/2025,7,8292
02/01/2025,8,8768
02/01/2025,9,9178
02/01/2025,10,9401
02/01/2025,11,9516
02/01/2025,12,9544
02/01/2025,13,9500
02/01/2025,14,9326
02/01/2025,15,9214
02/01/2025,16,9236
02/01/2025,17,9454
02/01/2025,18,9869
02/01/2025,19,9829
02/01/2025,20,9654
02/01/2025,21,9431
02/01/2025,22,9173
02/01/2025,23,8782
02/01/2025,24,8452
02/02/2025,1,8224
02/02/2025,2,8108
02/02/2025,3,8032
02/02/2025,4,7996
02/02/2025,5,8015
02/02/2025,6,8163
02/02/2025,7,8478
02/02/2025,8,8890
02/02/2025,9,9295
02/02/2025,10,9556
02/02/2025,11,9655
02/02/2025,12,9671
02/02/2025,13,9597
02/02/2025,14,9531
02/02/2025,15,9531
02/02/2025,16,9659
02/02/2025,17,9996
02/02/2025,18,10433
02/02/2025,19,10403
02/02/2025,20,10188
02/02/2025,21,9998
02/02/2025,22,9622
02/02/2025,23,9154
02/02/2025,24,8770
02/03/2025,1,8554
02/03/2025,2,8472
02/03/2025,3,8437
02/03/2025,4,8495
02/03/2025,5,8633
02/03/2025,6,9043
02/03/2025,7,9711
02/03/2025,8,10441
02/03/2025,9,10745
02/03/2025,10,10867
02/03/2025,11,10933
02/03/2025,12,10945
02/03/2025,13,10936
02/03/2025,14,10852
02/03/2025,15,10757
02/03/2025,16,10747
02/03/2025,17,10966
02/03/2025,18,11359
02/03/2025,19,11290
02/03/2025,20,11041
02/03/2025,21,10749
02/03/2025,22,10322
02/03/2025,23,9763
02/03/2025,24,9291
02/04/2025,1,8996
02/04/2025,2,8896
02/04/2025,3,8854
02/04/2025,4,8880
02/04/2025,5,9022
02/04/2025,6,9348
02/04/2025,7,9971
02/04/2025,8,10654
02/04/2025,9,10905
02/04/2025,10,10946
02/04/2025,11,10937
02/04/2025,12,10841
02/04/2025,13,10742
02/04/2025,14,10581
02/04/2025,15,10457
02/04/2025,16,10471
02/04/2025,17,10733
02/04/2025,18,11212
02/04/2025,19,11252
02/04/2025,20,11024
02/04/2025,21,10802
02/04/2025,22,10429
02/04/2025,23,9906
02/04/2025,24,9446
02/05/2025,1,9183
02/05/2025,2,9061
02/05/2025,3,8989
02/05/2025,4,9010
02/05/2025,5,9161
02/05/2025,6,9536
02/05/2025,7,10170
02/05/2025,8,10876
02/05/2025,9,11054
02/05/2025,10,11014
02/05/2025,11,10968
02/05/2025,12,10882
02/05/2025,13,10835
02/05/2025,14,10667
02/05/2025,15,10585
02/05/2025,16,10633
02/05/2025,17,10862
02/05/2025,18,11254
02/05/2025,19,11268
02/05/2025,20,11041
02/05/2025,21,10806
02/05/2025,22,10426
02/05/2025,23,9850
02/05/2025,24,9429
02/06/2025,1,9085
02/06/2025,2,8933
02/06/2025,3,8841
02/06/2025,4,8855
02/06/2025,5,9008
02/06/2025,6,9420
02/06/2025,7,10092
02/06/2025,8,10769
02/06/2025,9,10983
02/06/2025,10,10974
02/06/2025,11,10838
02/06/2025,12,10680
02/06/2025,13,10546
02/06/2025,14,10387
02/06/2025,15,10266
02/06/2025,16,10271
02/06/2025,17,10490
02/06/2025,18,10976
02/06/2025,19,11055
02/06/2025,20,10922
02/06/2025,21,10682
02/06/2025,22,10340
02/06/2025,23,9830
02/06/2025,24,9424
02/07/2025,1,9117
02/07/2025,2,8962
02/07/2025,3,8927
02/07/2025,4,8944
02/07/2025,5,9098
02/07/2025,6,9461
02/07/2025,7,10137
02/07/2025,8,10866
02/07/2025,9,11009
02/07/2025,10,10888
02/07/2025,11,10683
02/07/2025,12,10448
02/07/2025,13,10240
02/07/2025,14,10089
02/07/2025,15,9927
02/07/2025,16,9949
02/07/2025,17,10281
02/07/2025,18,10716
02/07/2025,19,10756
02/07/2025,20,10606
02/07/2025,21,10348
02/07/2025,22,10041
02/07/2025,23,9573
02/07/2025,24,9177
02/08/2025,1,8865
02/08/2025,2,8715
02/08/2025,3,8606
02/08/2025,4,8578
02/08/2025,5,8608
02/08/2025,6,8772
02/08/2025,7,9080
02/08/2025,8,9517
02/08/2025,9,9853
02/08/2025,10,10062
02/08/2025,11,10044
02/08/2025,12,9965
02/08/2025,13,9808
02/08/2025,14,9657
02/08/2025,15,9560
02/08/2025,16,9572
02/08/2025,17,9772
02/08/2025,18,10130
02/08/2025,19,10175
02/08/2025,20,10002
02/08/2025,21,9764
02/08/2025,22,9515
02/08/2025,23,9177
02/08/2025,24,8847
02/09/2025,1,8615
02/09/2025,2,8467
02/09/2025,3,8390
02/09/2025,4,8372
02/09/2025,5,8470
02/09/2025,6,8648
02/09/2025,7,8974
02/09/2025,8,9407
02/09/2025,9,9782
02/09/2025,10,9961
02/09/2025,11,9925
02/09/2025,12,9864
02/09/2025,13,9741
02/09/2025,14,9591
02/09/2025,15,9511
02/09/2025,16,9594
02/09/2025,17,9769
02/09/2025,18,10223
02/09/2025,19,10329
02/09/2025,20,10278
02/09/2025,21,10190
02/09/2025,22,9888
02/09/2025,23,9444
02/09/2025,24,9043
02/10/2025,1,8827
02/10/2025,2,8711
02/10/2025,3,8688
02/10/2025,4,8772
02/10/2025,5,8928
02/10/2025,6,9351
02/10/2025,7,10031
02/10/2025,8,10788
02/10/2025,9,10966
02/10/2025,10,10677
02/10/2025,11,10592
02/10/2025,12,10355
02/10/2025,13,10166
02/10/2025,14,9974
02/10/2025,15,9847
02/10/2025,16,9910
02/10/2025,17,10258
02/10/2025,18,10867
02/10/2025,19,11054
02/10/2025,20,10937
02/10/2025,21,10741
02/10/2025,22,10389
02/10/2025,23,9843
02/10/2025,24,9437
02/11/2025,1,9225
02/11/2025,2,9079
02/11/2025,3,9007
02/11/2025,4,8997
02/11/2025,5,9194
02/11/2025,6,9572
02/11/2025,7,10323
02/11/2025,8,11088
02/11/2025,9,11183
02/11/2025,10,10930
02/11/2025,11,10634
02/11/2025,12,10359
02/11/2025,13,10176
02/11/2025,14,10006
02/11/2025,15,9839
02/11/2025,16,9866
02/11/2025,17,10146
02/11/2025,18,10678
02/11/2025,19,10874
02/11/2025,20,10823
02/11/2025,21,10619
02/11/2025,22,10289
02/11/2025,23,9804
02/11/2025,24,9400
02/12/2025,1,9144
02/12/2025,2,9058
02/12/2025,3,9035
02/12/2025,4,9072
02/12/2025,5,9221
02/12/2025,6,9626
02/12/2025,7,10304
02/12/2025,8,11062
02/12/2025,9,11052
02/12/2025,10,10764
02/12/2025,11,10426
02/12/2025,12,10189
02/12/2025,13,9955
02/12/2025,14,9743
02/12/2025,15,9600
02/12/2025,16,9635
02/12/2025,17,9972
02/12/2025,18,10565
02/12/2025,19,10758
02/12/2025,20,10678
02/12/2025,21,10464
02/12/2025,22,10147
02/12/2025,23,9655
02/12/2025,24,9260
02/13/2025,1,9008
02/13/2025,2,8870
02/13/2025,3,8806
02/13/2025,4,8852
02/13/2025,5,9002
02/13/2025,6,9405
02/13/2025,7,10076
02/13/2025,8,10801
02/13/2025,9,10909
02/13/2025,10,10677
02/13/2025,11,10386
02/13/2025,12,10107
02/13/2025,13,9895
02/13/2025,14,9726
02/13/2025,15,9643
02/13/2025,16,9760
02/13/2025,17,10051
02/13/2025,18,10499
02/13/2025,19,10568
02/13/2025,20,10425
02/13/2025,21,10226
02/13/2025,22,9854
02/13/2025,23,9356
02/13/2025,24,8962
02/14/2025,1,8683
02/14/2025,2,8526
02/14/2025,3,8474
02/14/2025,4,8528
02/14/2025,5,8679
02/14/2025,6,9004
02/14/2025,7,9614
02/14/2025,8,10250
02/14/2025,9,10406
02/14/2025,10,10335
02/14/2025,11,10086
02/14/2025,12,9869
02/14/2025,13,9677
02/14/2025,14,9515
02/14/2025,15,9351
02/14/2025,16,9361
02/14/2025,17,9532
02/14/2025,18,9961
02/14/2025,19,10072
02/14/2025,20,9896
02/14/2025,21,9717
02/14/2025,22,9451
02/14/2025,23,9079
02/14/2025,24,8749
02/15/2025,1,8441
02/15/2025,2,8269
02/15/2025,3,8165
02/15/2025,4,8135
02/15/2025,5,8203
02/15/2025,6,8378
02/15/2025,7,8715
02/15/2025,8,9112
02/15/2025,9,9431
02/15/2025,10,9674
02/15/2025,11,9761
02/15/2025,12,9766
02/15/2025,13,9714
02/15/2025,14,9630
02/15/2025,15,9560
02/15/2025,16,9581
02/15/2025,17,9755
02/15/2025,18,9961
02/15/2025,19,9875
02/15/2025,20,9673
02/15/2025,21,9493
02/15/2025,22,9239
02/15/2025,23,8853
02/15/2025,24,8508
02/16/2025,1,8236
02/16/2025,2,8077
02/16/2025,3,7952
02/16/2025,4,7940
02/16/2025,5,7953
02/16/2025,6,8087
02/16/2025,7,8337
02/16/2025,8,8706
02/16/2025,9,9070
02/16/2025,10,9337
02/16/2025,11,9438
02/16/2025,12,9488
02/16/2025,13,9431
02/16/2025,14,9307
02/16/2025,15,9198
02/16/2025,16,9246
02/16/2025,17,9395
02/16/2025,18,9688
02/16/2025,19,9689
02/16/2025,20,9455
02/16/2025,21,9232
02/16/2025,22,8936
02/16/2025,23,8535
02/16/2025,24,8181
02/17/2025,1,7941
02/17/2025,2,7765
02/17/2025,3,7712
02/17/2025,4,7685
02/17/2025,5,7733
02/17/2025,6,7919
02/17/2025,7,8250
02/17/2025,8,8574
02/17/2025,9,8861
02/17/2025,10,9079
02/17/2025,11,9179
02/17/2025,12,9174
02/17/2025,13,9055
02/17/2025,14,8863
02/17/2025,15,8765
02/17/2025,16,8821
02/17/2025,17,9023
02/17/2025,18,9426
02/17/2025,19,9525
02/17/2025,20,9346
02/17/2025,21,9160
02/17/2025,22,8800
02/17/2025,23,8351
02/17/2025,24,7959
02/18/2025,1,7700
02/18/2025,2,7585
02/18/2025,3,7515
02/18/2025,4,7530
02/18/2025,5,7683
02/18/2025,6,8050
02/18/2025,7,8678
02/18/2025,8,9363
02/18/2025,9,9579
02/18/2025,10,9580
02/18/2025,11,9521
02/18/2025,12,9438
02/18/2025,13,9324
02/18/2025,14,9182
02/18/2025,15,9083
02/18/2025,16,9102
02/18/2025,17,9347
02/18/2025,18,9714
02/18/2025,19,9717
02/18/2025,20,9552
02/18/2025,21,9309
02/18/2025,22,8926
02/18/2025,23,8461
02/18/2025,24,8048
02/19/2025,1,7733
02/19/2025,2,7569
02/19/2025,3,7495
02/19/2025,4,7480
02/19/2025,5,7592
02/19/2025,6,7927
02/19/2025,7,8535
02/19/2025,8,9237
02/19/2025,9,9379
02/19/2025,10,9348
02/19/2025,11,9295
02/19/2025,12,9245
02/19/2025,13,9208
02/19/2025,14,9206
02/19/2025,15,9156
02/19/2025,16,9218
02/19/2025,17,9462
02/19/2025,18,9723
02/19/2025,19,9693
02/19/2025,20,9440
02/19/2025,21,9145
02/19/2025,22,8788
02/19/2025,23,8325
02/19/2025,24,7894
02/20/2025,1,7578
02/20/2025,2,7373
02/20/2025,3,7322
02/20/2025,4,7312
02/20/2025,5,7455
02/20/2025,6,7820
02/20/2025,7,8434
02/20/2025,8,9076
02/20/2025,9,9177
02/20/2025,10,9104
02/20/2025,11,9051
02/20/2025,12,9014
02/20/2025,13,8960
02/20/2025,14,8868
02/20/2025,15,8811
02/20/2025,16,8898
02/20/2025,17,9127
02/20/2025,18,9415
02/20/2025,19,9413
02/20/2025,20,9240
02/20/2025,21,9006
02/20/2025,22,8757
02/20/2025,23,8256
02/20/2025,24,7861
02/21/2025,1,7548
02/21/2025,2,7379
02/21/2025,3,7297
02/21/2025,4,7303
02/21/2025,5,7443
02/21/2025,6,7768
02/21/2025,7,8315
02/21/2025,8,8979
02/21/2025,9,9251
02/21/2025,10,9300
02/21/2025,11,9380
02/21/2025,12,9377
02/21/2025,13,9378
02/21/2025,14,9288
02/21/2025,15,9169
02/21/2025,16,9163
02/21/2025,17,9357
02/21/2025,18,9571
02/21/2025,19,9502
02/21/2025,20,9249
02/21/2025,21,8923
02/21/2025,22,8624
02/21/2025,23,8211
02/21/2025,24,7806
02/22/2025,1,7493
02/22/2025,2,7313
02/22/2025,3,7158
02/22/2025,4,7138
02/22/2025,5,7147
02/22/2025,6,7320
02/22/2025,7,7633
02/22/2025,8,8029
02/22/2025,9,8363
02/22/2025,10,8601
02/22/2025,11,8695
02/22/2025,12,8769
02/22/2025,13,8797
02/22/2025,14,8800
02/22/2025,15,8804
02/22/2025,16,8817
02/22/2025,17,8886
02/22/2025,18,9026
02/22/2025,19,8928
02/22/2025,20,8714
02/22/2025,21,8502
02/22/2025,22,8172
02/22/2025,23,7753
02/22/2025,24,7440
02/23/2025,1,7150
02/23/2025,2,6996
02/23/2025,3,6886
02/23/2025,4,6847
02/23/2025,5,6872
02/23/2025,6,7020
02/23/2025,7,7281
02/23/2025,8,7659
02/23/2025,9,7948
02/23/2025,10,8076
02/23/2025,11,8140
02/23/2025,12,8098
02/23/2025,13,8054
02/23/2025,14,8042
02/23/2025,15,8058
02/23/2025,16,8198
02/23/2025,17,8482
02/23/2025,18,8823
02/23/2025,19,8874
02/23/2025,20,8705
02/23/2025,21,8499
02/23/2025,22,8180
02/23/2025,23,7709
02/23/2025,24,7357
02/24/2025,1,7071
02/24/2025,2,6926
02/24/2025,3,6864
02/24/2025,4,6865
02/24/2025,5,7029
02/24/2025,6,7425
02/24/2025,7,8116
02/24/2025,8,8703
02/24/2025,9,8934
02/24/2025,10,8970
02/24/2025,11,8882
02/24/2025,12,8871
02/24/2025,13,8829
02/24/2025,14,8827
02/24/2025,15,8809
02/24/2025,16,8907
02/24/2025,17,9165
02/24/2025,18,9395
02/24/2025,19,9386
02/24/2025,20,9212
02/24/2025,21,8932
02/24/2025,22,8569
02/24/2025,23,8049
02/24/2025,24,7630
02/25/2025,1,7312
02/25/2025,2,7171
02/25/2025,3,7087
02/25/2025,4,7069
02/25/2025,5,7200
02/25/2025,6,7587
02/25/2025,7,8243
02/25/2025,8,8951
02/25/2025,9,9052
02/25/2025,10,9113
02/25/2025,11,9033
02/25/2025,12,8916
02/25/2025,13,8841
02/25/2025,14,8662
02/25/2025,15,8560
02/25/2025,16,8553
02/25/2025,17,8770
02/25/2025,18,9118
02/25/2025,19,9249
02/25/2025,20,9035
02/25/2025,21,8800
02/25/2025,22,8428
02/25/2025,23,7966
02/25/2025,24,7544
02/26/2025,1,7253
02/26/2025,2,7110
02/26/2025,3,7020
02/26/2025,4,7003
02/26/2025,5,7131
02/26/2025,6,7571
02/26/2025,7,8263
02/26/2025,8,8799
02/26/2025,9,8890
02/26/2025,10,8757
02/26/2025,11,8553
02/26/2025,12,8400
02/26/2025,13,8362
02/26/2025,14,8283
02/26/2025,15,8171
02/26/2025,16,8223
02/26/2025,17,8418
02/26/2025,18,8728
02/26/2025,19,8911
02/26/2025,20,8824
02/26/2025,21,8622
02/26/2025,22,8349
02/26/2025,23,7904
02/26/2025,24,7568
02/27/2025,1,7208
02/27/2025,2,7078
02/27/2025,3,6989
02/27/2025,4,6970
02/27/2025,5,7112
02/27/2025,6,7493
02/27/2025,7,8135
02/27/2025,8,8778
02/27/2025,9,8871
02/27/2025,10,8779
02/27/2025,11,8679
02/27/2025,12,8614
02/27/2025,13,8571
02/27/2025,14,8396
02/27/2025,15,8223
02/27/2025,16,8230
02/27/2025,17,8418
02/27/2025,18,8733
02/27/2025,19,8820
02/27/2025,20,8635
02/27/2025,21,8386
02/27/2025,22,8070
02/27/2025,23,7636
02/27/2025,24,7250
02/28/2025,1,6940
02/28/2025,2,6763
02/28/2025,3,6661
02/28/2025,4,6627
02/28/2025,5,6780
02/28/2025,6,7181
02/28/2025,7,7809
02/28/2025,8,8399
02/28/2025,9,8531
02/28/2025,10,8441
02/28/2025,11,8301
02/28/2025,12,8168
02/28/2025,13,8074
02/28/2025,14,7935
02/28/2025,15,7810
02/28/2025,16,7811
02/28/2025,17,7945
02/28/2025,18,8154
02/28/2025,19,8326
02/28/2025,20,8243
02/28/2025,21,8136
02/28/2025,22,7895
02/28/2025,23,7588
02/28/2025,24,7236
03/01/2025,1,6965
03/01/2025,2,6854
03/01/2025,3,6807
03/01/2025,4,6760
03/01/2025,5,6823
03/01/2025,6,7024
03/01/2025,7,7309
03/01/2025,8,7605
03/01/2025,9,7853
03/01/2025,10,7934
03/01/2025,11,7895
03/01/2025,12,7780
03/01/2025,13,7695
03/01/2025,14,7575
03/01/2025,15,7508
03/01/2025,16,7551
03/01/2025,17,7751
03/01/2025,18,8005
03/01/2025,19,8150
03/01/2025,20,8028
03/01/2025,21,7894
03/01/2025,22,7662
03/01/2025,23,7378
03/01/2025,24,7044
03/02/2025,1,6777
03/02/2025,2,6644
03/02/2025,3,6535
03/02/2025,4,6528
03/02/2025,5,6608
03/02/2025,6,6768
03/02/2025,7,7046
03/02/2025,8,7424
03/02/2025,9,7725
03/02/2025,10,7828
03/02/2025,11,7813
03/02/2025,12,7788
03/02/2025,13,7675
03/02/2025,14,7589
03/02/2025,15,7509
03/02/2025,16,7554
03/02/2025,17,7769
03/02/2025,18,8061
03/02/2025,19,8215
03/02/2025,20,8189
03/02/2025,21,8008
03/02/2025,22,7715
03/02/2025,23,7318
03/02/2025,24,6940
03/03/2025,1,6666
03/03/2025,2,6525
03/03/2025,3,6451
03/03/2025,4,6482
03/03/2025,5,6633
03/03/2025,6,6999
03/03/2025,7,7618
03/03/2025,8,8269
03/03/2025,9,8456
03/03/2025,10,8455
03/03/2025,11,8415
03/03/2025,12,8380
03/03/2025,13,8355
03/03/2025,14,8206
03/03/2025,15,8088
03/03/2025,16,8089
03/03/2025,17,8281
03/03/2025,18,8619
03/03/2025,19,8778
03/03/2025,20,8654
03/03/2025,21,8435
03/03/2025,22,8100
03/03/2025,23,7638
03/03/2025,24,7259
03/04/2025,1,6964
03/04/2025,2,6797
03/04/2025,3,6694
03/04/2025,4,6702
03/04/2025,5,6834
03/04/2025,6,7189
03/04/2025,7,7840
03/04/2025,8,8403
03/04/2025,9,8540
03/04/2025,10,8497
03/04/2025,11,8420
03/04/2025,12,8431
03/04/2025,13,8472
03/04/2025,14,8444
03/04/2025,15,8421
03/04/2025,16,8501
03/04/2025,17,8711
03/04/2025,18,9015
03/04/2025,19,9075
03/04/2025,20,8900
03/04/2025,21,8720
03/04/2025,22,8365
03/04/2025,23,7893
03/04/2025,24,7522
03/05/2025,1,7219
03/05/2025,2,7082
03/05/2025,3,6989
03/05/2025,4,6993
03/05/2025,5,7087
03/05/2025,6,7463
03/05/2025,7,8105
03/05/2025,8,8678
03/05/2025,9,8689
03/05/2025,10,8564
03/05/2025,11,8428
03/05/2025,12,8279
03/05/2025,13,8154
03/05/2025,14,8045
03/05/2025,15,7914
03/05/2025,16,7924
03/05/2025,17,8125
03/05/2025,18,8510
03/05/2025,19,8794
03/05/2025,20,8764
03/05/2025,21,8581
03/05/2025,22,8310
03/05/2025,23,7926
03/05/2025,24,7546
03/06/2025,1,7219
03/06/2025,2,7109
03/06/2025,3,7067
03/06/2025,4,7102
03/06/2025,5,7293
03/06/2025,6,7691
03/06/2025,7,8396
03/06/2025,8,8968
03/06/2025,9,8905
03/06/2025,10,8678
03/06/2025,11,8469
03/06/2025,12,8309
03/06/2025,13,8168
03/06/2025,14,8038
03/06/2025,15,7898
03/06/2025,16,7896
03/06/2025,17,8068
03/06/2025,18,8442
03/06/2025,19,8702
03/06/2025,20,8704
03/06/2025,21,8572
03/06/2025,22,8290
03/06/2025,23,7868
03/06/2025,24,7504
03/07/2025,1,7244
03/07/2025,2,7096
03/07/2025,3,7048
03/07/2025,4,7064
03/07/2025,5,7199
03/07/2025,6,7553
03/07/2025,7,8150
03/07/2025,8,8789
03/07/2025,9,8914
03/07/2025,10,8841
03/07/2025,11,8689
03/07/2025,12,8532
03/07/2025,13,8525
03/07/2025,14,8402
03/07/2025,15,8199
03/07/2025,16,8245
03/07/2025,17,8470
03/07/2025,18,8698
03/07/2025,19,8842
03/07/2025,20,8689
03/07/2025,21,8464
03/07/2025,22,8174
03/07/2025,23,7803
03/07/2025,24,7413
03/08/2025,1,7119
03/08/2025,2,6975
03/08/2025,3,6870
03/08/2025,4,6829
03/08/2025,5,6864
03/08/2025,6,7013
03/08/2025,7,7337
03/08/2025,8,7720
03/08/2025,9,8085
03/08/2025,10,8348
03/08/2025,11,8446
03/08/2025,12,8545
03/08/2025,13,8521
03/08/2025,14,8447
03/08/2025,15,8412
03/08/2025,16,8459
03/08/2025,17,9066
03/08/2025,18,8735
03/08/2025,19,8741
03/08/2025,20,8503
03/08/2025,21,8243
03/08/2025,22,7944
03/08/2025,23,7580
03/08/2025,24,7270
03/09/2025,1,6977
03/09/2025,3,6801
03/09/2025,4,6740
03/09/2025,5,6721
03/09/2025,6,6819
03/09/2025,7,6990
03/09/2025,8,7290
03/09/2025,9,7631
03/09/2025,10,7938
03/09/2025,11,8124
03/09/2025,12,8230
03/09/2025,13,8328
03/09/2025,14,8352
03/09/2025,15,8294
03/09/2025,16,8258
03/09/2025,17,8408
03/09/2025,18,8581
03/09/2025,19,8693
03/09/2025,20,8735
03/09/2025,21,8649
03/09/2025,22,8383
03/09/2025,23,7957
03/09/2025,24,7527
03/10/2025,1,7208
03/10/2025,2,7085
03/10/2025,3,7016
03/10/2025,4,6991
03/10/2025,5,7096
03/10/2025,6,7482
03/10/2025,7,8165
03/10/2025,8,8837
03/10/2025,9,9129
03/10/2025,10,9131
03/10/2025,11,8989
03/10/2025,12,8870
03/10/2025,13,8746
03/10/2025,14,8577
03/10/2025,15,8437
03/10/2025,16,8458
03/10/2025,17,8614
03/10/2025,18,8849
03/10/2025,19,8971
03/10/2025,20,9031
03/10/2025,21,8913
03/10/2025,22,8591
03/10/2025,23,8114
03/10/2025,24,7576
03/11/2025,1,7288
03/11/2025,2,7122
03/11/2025,3,7052
03/11/2025,4,7014
03/11/2025,5,7115
03/11/2025,6,7464
03/11/2025,7,8069
03/11/2025,8,8827
03/11/2025,9,9028
03/11/2025,10,9050
03/11/2025,11,9012
03/11/2025,12,8930
03/11/2025,13,8826
03/11/2025,14,8772
03/11/2025,15,8711
03/11/2025,16,8687
03/11/2025,17,8843
03/11/2025,18,9098
03/11/2025,19,9128
03/11/2025,20,9194
03/11/2025,21,9012
03/11/2025,22,8653
03/11/2025,23,8124
03/11/2025,24,7692
03/12/2025,1,7409
03/12/2025,2,7243
03/12/2025,3,7191
03/12/2025,4,7135
03/12/2025,5,7216
03/12/2025,6,7510
03/12/2025,7,8119
03/12/2025,8,8809
03/12/2025,9,9023
03/12/2025,10,9013
03/12/2025,11,8987
03/12/2025,12,8940
03/12/2025,13,8879
03/12/2025,14,8772
03/12/2025,15,8618
03/12/2025,16,8584
03/12/2025,17,8712
03/12/2025,18,8877
03/12/2025,19,8919
03/12/2025,20,8927
03/12/2025,21,8726
03/12/2025,22,8423
03/12/2025,23,7954
03/12/2025,24,7581
03/13/2025,1,7255
03/13/2025,2,7116
03/13/2025,3,7021
03/13/2025,4,7004
03/13/2025,5,7162
03/13/2025,6,7511
03/13/2025,7,8143
03/13/2025,8,8829
03/13/2025,9,8922
03/13/2025,10,8798
03/13/2025,11,8649
03/13/2025,12,8477
03/13/2025,13,8395
03/13/2025,14,8290
03/13/2025,15,8234
03/13/2025,16,8226
03/13/2025,17,8403
03/13/2025,18,8659
03/13/2025,19,8691
03/13/2025,20,8892
03/13/2025,21,8871
03/13/2025,22,8577
03/13/2025,23,8150
03/13/2025,24,7734
03/14/2025,1,7399
03/14/2025,2,7272
03/14/2025,3,7156
03/14/2025,4,7158
03/14/2025,5,7307
03/14/2025,6,7653
03/14/2025,7,8270
03/14/2025,8,9017
03/14/2025,9,9219
03/14/2025,10,9133
03/14/2025,11,8928
03/14/2025,12,8899
03/14/2025,13,8592
03/14/2025,14,8396
03/14/2025,15,8255
03/14/2025,16,8171
03/14/2025,17,8295
03/14/2025,18,8462
03/14/2025,19,8502
03/14/2025,20,8597
03/14/2025,21,8509
03/14/2025,22,8293
03/14/2025,23,7954
03/14/2025,24,7608
03/15/2025,1,7299
03/15/2025,2,7094
03/15/2025,3,7022
03/15/2025,4,6990
03/15/2025,5,7077
03/15/2025,6,7279
03/15/2025,7,7623
03/15/2025,8,8055
03/15/2025,9,8454
03/15/2025,10,8674
03/15/2025,11,8856
03/15/2025,12,8886
03/15/2025,13,8854
03/15/2025,14,8761
03/15/2025,15,8617
03/15/2025,16,8541
03/15/2025,17,8570
03/15/2025,18,8696
03/15/2025,19,8673
03/15/2025,20,8692
03/15/2025,21,8565
03/15/2025,22,8311
03/15/2025,23,7950
03/15/2025,24,7603
03/16/2025,1,7387
03/16/2025,2,7162
03/16/2025,3,7058
03/16/2025,4,7054
03/16/2025,5,7138
03/16/2025,6,7283
03/16/2025,7,7487
03/16/2025,8,7855
03/16/2025,9,8219
03/16/2025,10,8303
03/16/2025,11,8351
03/16/2025,12,8268
03/16/2025,13,8143
03/16/2025,14,7999
03/16/2025,15,7941
03/16/2025,16,7952
03/16/2025,17,8011
03/16/2025,18,8217
03/16/2025,19,8344
03/16/2025,20,8498
03/16/2025,21,8520
03/16/2025,22,8268
03/16/2025,23,7871
03/16/2025,24,7439
03/17/2025,1,7232
03/17/2025,2,7136
03/17/2025,3,7073
03/17/2025,4,7065
03/17/2025,5,7219
03/17/2025,6,7562
03/17/2025,7,8134
03/17/2025,8,8754
03/17/2025,9,9011
03/17/2025,10,8904
03/17/2025,11,8745
03/17/2025,12,8624
03/17/2025,13,8563
03/17/2025,14,8401
03/17/2025,15,8215
03/17/2025,16,8126
03/17/2025,17,8181
03/17/2025,18,8405
03/17/2025,19,8545
03/17/2025,20,8606
03/17/2025,21,8624
03/17/2025,22,8367
03/17/2025,23,7945
03/17/2025,24,7587
03/18/2025,1,7434
03/18/2025,2,7303
03/18/2025,3,7253
03/18/2025,4,7301
03/18/2025,5,7445
03/18/2025,6,7827
03/18/2025,7,8426
03/18/2025,8,9040
03/18/2025,9,9214
03/18/2025,10,9114
03/18/2025,11,8918
03/18/2025,12,8760
03/18/2025,13,8639
03/18/2025,14,8459
03/18/2025,15,8363
03/18/2025,16,8282
03/18/2025,17,8379
03/18/2025,18,8607
03/18/2025,19,8707
03/18/2025,20,8749
03/18/2025,21,8692
03/18/2025,22,8432
03/18/2025,23,8011
03/18/2025,24,7611
03/19/2025,1,7319
03/19/2025,2,7172
03/19/2025,3,7101
03/19/2025,4,7098
03/19/2025,5,7180
03/19/2025,6,7522
03/19/2025,7,8107
03/19/2025,8,8687
03/19/2025,9,8892
03/19/2025,10,9006
03/19/2025,11,8994
03/19/2025,12,8982
03/19/2025,13,8992
03/19/2025,14,8945
03/19/2025,15,8825
03/19/2025,16,8781
03/19/2025,17,8905
03/19/2025,18,9068
03/19/2025,19,9042
03/19/2025,20,9044
03/19/2025,21,8855
03/19/2025,22,8502
03/19/2025,23,8046
03/19/2025,24,7596
03/20/2025,1,7244
03/20/2025,2,7079
03/20/2025,3,6989
03/20/2025,4,6955
03/20/2025,5,7052
03/20/2025,6,7345
03/20/2025,7,7981
03/20/2025,8,8604
03/20/2025,9,8823
03/20/2025,10,8672
03/20/2025,11,8544
03/20/2025,12,8458
03/20/2025,13,8499
03/20/2025,14,8319
03/20/2025,15,8238
03/20/2025,16,8281
03/20/2025,17,8450
03/20/2025,18,8649
03/20/2025,19,8727
03/20/2025,20,8769
03/20/2025,21,8652
03/20/2025,22,8336
03/20/2025,23,7886
03/20/2025,24,7498
03/21/2025,1,7170
03/21/2025,2,7039
03/21/2025,3,6956
03/21/2025,4,6936
03/21/2025,5,7015
03/21/2025,6,7323
03/21/2025,7,7880
03/21/2025,8,8466
03/21/2025,9,8785
03/21/2025,10,8898
03/21/2025,11,8927
03/21/2025,12,8902
03/21/2025,13,8786
03/21/2025,14,8585
03/21/2025,15,8413
03/21/2025,16,8406
03/21/2025,17,8517
03/21/2025,18,8689
03/21/2025,19,8715
03/21/2025,20,8692
03/21/2025,21,8630
03/21/2025,22,8356
03/21/2025,23,7982
03/21/2025,24,7613
03/22/2025,1,7341
03/22/2025,2,7137
03/22/2025,3,7065
03/22/2025,4,7054
03/22/2025,5,7134
03/22/2025,6,7290
03/22/2025,7,7633
03/22/2025,8,8034
03/22/2025,9,8344
03/22/2025,10,8427
03/22/2025,11,8363
03/22/2025,12,8258
03/22/2025,13,8095
03/22/2025,14,7919
03/22/2025,15,7792
03/22/2025,16,7728
03/22/2025,17,7834
03/22/2025,18,8036
03/22/2025,19,8139
03/22/2025,20,8206
03/22/2025,21,8206
03/22/2025,22,7995
03/22/2025,23,7625
03/22/2025,24,7365
03/23/2025,1,7088
03/23/2025,2,6967
03/23/2025,3,6883
03/23/2025,4,6861
03/23/2025,5,6958
03/23/2025,6,7138
03/23/2025,7,7417
03/23/2025,8,7765
03/23/2025,9,8134
03/23/2025,10,8453
03/23/2025,11,8626
03/23/2025,12,8775
03/23/2025,13,8801
03/23/2025,14,8723
03/23/2025,15,8628
03/23/2025,16,8595
03/23/2025,17,8687
03/23/2025,18,8786
03/23/2025,19,8681
03/23/2025,20,8601
03/23/2025,21,8428
03/23/2025,22,8082
03/23/2025,23,7589
03/23/2025,24,7195
03/24/2025,1,6892
03/24/2025,2,6718
03/24/2025,3,6617
03/24/2025,4,6615
03/24/2025,5,6692
03/24/2025,6,7030
03/24/2025,7,7587
03/24/2025,8,8136
03/24/2025,9,8478
03/24/2025,10,8592
03/24/2025,11,8633
03/24/2025,12,8602
03/24/2025,13,8545
03/24/2025,14,8392
03/24/2025,15,8244
03/24/2025,16,8207
03/24/2025,17,8230
03/24/2025,18,8427
03/24/2025,19,8436
03/24/2025,20,8428
03/24/2025,21,8262
03/24/2025,22,7943
03/24/2025,23,7483
03/24/2025,24,7097
03/25/2025,1,6792
03/25/2025,2,6603
03/25/2025,3,6500
03/25/2025,4,6463
03/25/2025,5,6563
03/25/2025,6,6864
03/25/2025,7,7480
03/25/2025,8,8022
03/25/2025,9,8230
03/25/2025,10,8250
03/25/2025,11,8210
03/25/2025,12,8134
03/25/2025,13,8023
03/25/2025,14,7855
03/25/2025,15,7714
03/25/2025,16,7638
03/25/2025,17,7671
03/25/2025,18,7795
03/25/2025,19,7754
03/25/2025,20,7806
03/25/2025,21,7835
03/25/2025,22,7556
03/25/2025,23,7147
03/25/2025,24,6763
03/26/2025,1,6466
03/26/2025,2,6302
03/26/2025,3,6223
03/26/2025,4,6173
03/26/2025,5,6282
03/26/2025,6,6596
03/26/2025,7,7145
03/26/2025,8,7700
03/26/2025,9,7912
03/26/2025,10,7900
03/26/2025,11,7902
03/26/2025,12,7892
03/26/2025,13,7896
03/26/2025,14,7825
03/26/2025,15,7747
03/26/2025,16,7692
03/26/2025,17,7691
03/26/2025,18,7804
03/26/2025,19,7773
03/26/2025,20,7846
03/26/2025,21,7791
03/26/2025,22,7482
03/26/2025,23,7118
03/26/2025,24,6764
03/27/2025,1,6470
03/27/2025,2,6302
03/27/2025,3,6216
03/27/2025,4,6194
03/27/2025,5,6266
03/27/2025,6,6565
03/27/2025,7,7104
03/27/2025,8,7688
03/27/2025,9,7950
03/27/2025,10,7963
03/27/2025,11,7883
03/27/2025,12,7846
03/27/2025,13,7761
03/27/2025,14,7680
03/27/2025,15,7605
03/27/2025,16,7598
03/27/2025,17,7703
03/27/2025,18,7884
03/27/2025,19,7893
03/27/2025,20,7977
03/27/2025,21,7955
03/27/2025,22,7691
03/27/2025,23,7297
03/27/2025,24,6932
03/28/2025,1,6632
03/28/2025,2,6476
03/28/2025,3,6390
03/28/2025,4,6346
03/28/2025,5,6441
03/28/2025,6,6732
03/28/2025,7,7283
03/28/2025,8,7822
03/28/2025,9,8176
03/28/2025,10,8274
03/28/2025,11,8307
03/28/2025,12,8242
03/28/2025,13,8236
03/28/2025,14,8157
03/28/2025,15,8067
03/28/2025,16,7993
03/28/2025,17,8058
03/28/2025,18,8102
03/28/2025,19,8055
03/28/2025,20,8058
03/28/2025,21,7988
03/28/2025,22,7776
03/28/2025,23,7379
03/28/2025,24,7012
03/29/2025,1,6717
03/29/2025,2,6601
03/29/2025,3,6502
03/29/2025,4,6468
03/29/2025,5,6526
03/29/2025,6,6642
03/29/2025,7,6939
03/29/2025,8,7303
03/29/2025,9,7633
03/29/2025,10,7845
03/29/2025,11,7915
03/29/2025,12,7880
03/29/2025,13,7775
03/29/2025,14,7616
03/29/2025,15,7473
03/29/2025,16,7379
03/29/2025,17,7395
03/29/2025,18,7492
03/29/2025,19,7498
03/29/2025,20,7565
03/29/2025,21,7675
03/29/2025,22,7514
03/29/2025,23,7265
03/29/2025,24,6982
03/30/2025,1,6709
03/30/2025,2,6603
03/30/2025,3,6546
03/30/2025,4,6527
03/30/2025,5,6583
03/30/2025,6,6767
03/30/2025,7,7051
03/30/2025,8,7387
03/30/2025,9,7658
03/30/2025,10,7782
03/30/2025,11,7786
03/30/2025,12,7695
03/30/2025,13,7547
03/30/2025,14,7370
03/30/2025,15,7187
03/30/2025,16,7148
03/30/2025,17,7222
03/30/2025,18,7391
03/30/2025,19,7511
03/30/2025,20,7647
03/30/2025,21,7693
03/30/2025,22,7421
03/30/2025,23,7005
03/30/2025,24,6657
03/31/2025,1,6357
03/31/2025,2,6241
03/31/2025,3,6199
03/31/2025,4,6226
03/31/2025,5,6352
03/31/2025,6,6703
03/31/2025,7,7332
03/31/2025,8,7987
03/31/2025,9,8158
03/31/2025,10,8144
03/31/2025,11,8062
03/31/2025,12,7982
03/31/2025,13,7906
03/31/2025,14,7824
03/31/2025,15,7676
03/31/2025,16,7628
03/31/2025,17,7698
03/31/2025,18,7875
03/31/2025,19,7859
03/31/2025,20,7902
03/31/2025,21,7961
03/31/2025,22,7741
03/31/2025,23,7207
03/31/2025,24,6807
04/01/2025,1,6481
04/01/2025,2,6344
04/01/2025,3,6271
04/01/2025,4,6258
04/01/2025,5,6369
04/01/2025,6,6682
04/01/2025,7,7345
04/01/2025,8,7970
04/01/2025,9,8071
04/01/2025,10,7996
04/01/2025,11,7858
04/01/2025,12,7754
04/01/2025,13,7689
04/01/2025,14,7560
04/01/2025,15,7439
04/01/2025,16,7392
04/01/2025,17,7466
04/01/2025,18,7663
04/01/2025,19,7635
04/01/2025,20,7716
04/01/2025,21,7808
04/01/2025,22,7562
04/01/2025,23,7096
04/01/2025,24,6695
04/02/2025,1,6424
04/02/2025,2,6272
04/02/2025,3,6236
04/02/2025,4,6233
04/02/2025,5,6352
04/02/2025,6,6707
04/02/2025,7,7363
04/02/2025,8,8032
04/02/2025,9,8239
04/02/2025,10,8185
04/02/2025,11,8030
04/02/2025,12,7896
04/02/2025,13,7821
04/02/2025,14,7707
04/02/2025,15,7588
04/02/2025,16,7532
04/02/2025,17,7591
04/02/2025,18,7723
04/02/2025,19,7720
04/02/2025,20,7785
04/02/2025,21,7955
04/02/2025,22,7794
04/02/2025,23,7357
04/02/2025,24,6955
04/03/2025,1,6667
04/03/2025,2,6529
04/03/2025,3,6476
04/03/2025,4,6470
04/03/2025,5,6628
04/03/2025,6,7062
04/03/2025,7,7714
04/03/2025,8,8352
04/03/2025,9,8347
04/03/2025,10,8139
04/03/2025,11,7944
04/03/2025,12,7806
04/03/2025,13,7694
04/03/2025,14,7532
04/03/2025,15,7387
04/03/2025,16,7335
04/03/2025,17,7377
04/03/2025,18,7458
04/03/2025,19,7489
04/03/2025,20,7610
04/03/2025,21,7802
04/03/2025,22,7623
04/03/2025,23,7234
04/03/2025,24,6856
04/04/2025,1,6569
04/04/2025,2,6467
04/04/2025,3,6419
04/04/2025,4,6438
04/04/2025,5,6592
04/04/2025,6,6987
04/04/2025,7,7662
04/04/2025,8,8316
04/04/2025,9,8315
04/04/2025,10,8136
04/04/2025,11,7898
04/04/2025,12,7744
04/04/2025,13,7624
04/04/2025,14,7493
04/04/2025,15,7340
04/04/2025,16,7282
04/04/2025,17,7320
04/04/2025,18,7429
04/04/2025,19,7448
04/04/2025,20,7445
04/04/2025,21,7509
04/04/2025,22,7284
04/04/2025,23,6956
04/04/2025,24,6629
04/05/2025,1,6326
04/05/2025,2,6193
04/05/2025,3,6120
04/05/2025,4,6149
04/05/2025,5,6267
04/05/2025,6,6510
04/05/2025,7,6860
04/05/2025,8,7144
04/05/2025,9,7424
04/05/2025,10,7432
04/05/2025,11,7376
04/05/2025,12,7253
04/05/2025,13,7154
04/05/2025,14,7021
04/05/2025,15,6916
04/05/2025,16,6820
04/05/2025,17,6884
04/05/2025,18,7011
04/05/2025,19,7041
04/05/2025,20,7098
04/05/2025,21,7173
04/05/2025,22,6933
04/05/2025,23,6653
04/05/2025,24,6401
04/06/2025,1,6133
04/06/2025,2,6028
04/06/2025,3,5898
04/06/2025,4,5873
04/06/2025,5,5890
04/06/2025,6,6035
04/06/2025,7,6276
04/06/2025,8,6627
04/06/2025,9,6995
04/06/2025,10,7228
04/06/2025,11,7334
04/06/2025,12,7381
04/06/2025,13,7475
04/06/2025,14,7482
04/06/2025,15,7438
04/06/2025,16,7434
04/06/2025,17,7562
04/06/2025,18,7759
04/06/2025,19,7750
04/06/2025,20,7698
04/06/2025,21,7599
04/06/2025,22,7330
04/06/2025,23,6918
04/06/2025,24,6553
04/07/2025,1,6286
04/07/2025,2,6154
04/07/2025,3,6072
04/07/2025,4,6060
04/07/2025,5,6154
04/07/2025,6,6497
04/07/2025,7,7088
04/07/2025,8,7747
04/07/2025,9,7991
04/07/2025,10,8032
04/07/2025,11,8109
04/07/2025,12,8085
04/07/2025,13,8017
04/07/2025,14,7894
04/07/2025,15,7802
04/07/2025,16,7769
04/07/2025,17,7928
04/07/2025,18,8080
04/07/2025,19,8069
04/07/2025,20,8029
04/07/2025,21,8004
04/07/2025,22,7731
04/07/2025,23,7279
04/07/2025,24,6865
04/08/2025,1,6500
04/08/2025,2,6316
04/08/2025,3,6228
04/08/2025,4,6218
04/08/2025,5,6301
04/08/2025,6,6658
04/08/2025,7,7276
04/08/2025,8,7927
04/08/2025,9,8071
04/08/2025,10,8088
04/08/2025,11,8111
04/08/2025,12,8146
04/08/2025,13,8098
04/08/2025,14,7968
04/08/2025,15,7841
04/08/2025,16,7825
04/08/2025,17,7991
04/08/2025,18,8123
04/08/2025,19,8086
04/08/2025,20,8062
04/08/2025,21,8073
04/08/2025,22,7782
04/08/2025,23,7318
04/08/2025,24,6896
04/09/2025,1,6568
04/09/2025,2,6416
04/09/2025,3,6316
04/09/2025,4,6299
04/09/2025,5,6405
04/09/2025,6,6793
04/09/2025,7,7380
04/09/2025,8,7949
04/09/2025,9,7979
04/09/2025,10,7854
04/09/2025,11,7706
04/09/2025,12,7627
04/09/2025,13,7531
04/09/2025,14,7423
04/09/2025,15,7338
04/09/2025,16,7264
04/09/2025,17,7367
04/09/2025,18,7488
04/09/2025,19,7484
04/09/2025,20,7514
04/09/2025,21,7641
04/09/2025,22,7436
04/09/2025,23,7036
04/09/2025,24,6621
04/10/2025,1,6322
04/10/2025,2,6192
04/10/2025,3,6092
04/10/2025,4,6090
04/10/2025,5,6187
04/10/2025,6,6550
04/10/2025,7,7166
04/10/2025,8,7791
04/10/2025,9,7953
04/10/2025,10,7942
04/10/2025,11,7895
04/10/2025,12,7848
04/10/2025,13,7806
04/10/2025,14,7759
04/10/2025,15,7712
04/10/2025,16,7631
04/10/2025,17,7573
04/10/2025,18,7638
04/10/2025,19,7624
04/10/2025,20,7641
04/10/2025,21,7721
04/10/2025,22,7547
04/10/2025,23,7152
04/10/2025,24,6798
04/11/2025,1,6436
04/11/2025,2,6276
04/11/2025,3,6208
04/11/2025,4,6239
04/11/2025,5,6361
04/11/2025,6,6712
04/11/2025,7,7328
04/11/2025,8,7930
04/11/2025,9,8026
04/11/2025,10,7927
04/11/2025,11,7818
04/11/2025,12,7748
04/11/2025,13,7686
04/11/2025,14,7598
04/11/2025,15,7469
04/11/2025,16,7418
04/11/2025,17,7481
04/11/2025,18,7559
04/11/2025,19,7541
04/11/2025,20,7590
04/11/2025,21,7715
04/11/2025,22,7533
04/11/2025,23,7239
04/11/2025,24,6876
04/12/2025,1,6568
04/12/2025,2,6467
04/12/2025,3,6378
04/12/2025,4,6355
04/12/2025,5,6446
04/12/2025,6,6625
04/12/2025,7,6956
04/12/2025,8,7340
04/12/2025,9,7575
04/12/2025,10,7636
04/12/2025,11,7597
04/12/2025,12,7532
04/12/2025,13,7427
04/12/2025,14,7289
04/12/2025,15,7136
04/12/2025,16,7125
04/12/2025,17,7187
04/12/2025,18,7270
04/12/2025,19,7286
04/12/2025,20,7329
04/12/2025,21,7490
04/12/2025,22,7416
04/12/2025,23,7152
04/12/2025,24,6873
04/13/2025,1,6630
04/13/2025,2,6568
04/13/2025,3,6518
04/13/2025,4,6504
04/13/2025,5,6566
04/13/2025,6,6755
04/13/2025,7,7023
04/13/2025,8,7336
04/13/2025,9,7529
04/13/2025,10,7558
04/13/2025,11,7481
04/13/2025,12,7394
04/13/2025,13,7280
04/13/2025,14,7121
04/13/2025,15,7030
04/13/2025,16,6998
04/13/2025,17,7076
04/13/2025,18,7219
04/13/2025,19,7297
04/13/2025,20,7352
04/13/2025,21,7516
04/13/2025,22,7349
04/13/2025,23,6925
04/13/2025,24,6546
04/14/2025,1,6300
04/14/2025,2,6176
04/14/2025,3,6146
04/14/2025,4,6164
04/14/2025,5,6295
04/14/2025,6,6719
04/14/2025,7,7281
04/14/2025,8,7887
04/14/2025,9,7994
04/14/2025,10,7877
04/14/2025,11,7747
04/14/2025,12,7652
04/14/2025,13,7575
04/14/2025,14,7474
04/14/2025,15,7347
04/14/2025,16,7302
04/14/2025,17,7396
04/14/2025,18,7536
04/14/2025,19,7554
04/14/2025,20,7483
04/14/2025,21,7541
04/14/2025,22,7366
04/14/2025,23,6891
04/14/2025,24,6471
04/15/2025,1,6166
04/15/2025,2,6010
04/15/2025,3,5969
04/15/2025,4,5976
04/15/2025,5,6089
04/15/2025,6,6451
04/15/2025,7,7062
04/15/2025,8,7680
04/15/2025,9,7705
04/15/2025,10,7598
04/15/2025,11,7478
04/15/2025,12,7388
04/15/2025,13,7319
04/15/2025,14,7210
04/15/2025,15,7124
04/15/2025,16,7129
04/15/2025,17,7222
04/15/2025,18,7358
04/15/2025,19,7384
04/15/2025,20,7374
04/15/2025,21,7493
04/15/2025,22,7299
04/15/2025,23,6884
04/15/2025,24,6495
04/16/2025,1,6170
04/16/2025,2,6055
04/16/2025,3,5992
04/16/2025,4,6000
04/16/2025,5,6131
04/16/2025,6,6519
04/16/2025,7,7160
04/16/2025,8,7701
04/16/2025,9,7762
04/16/2025,10,7666
04/16/2025,11,7537
04/16/2025,12,7443
04/16/2025,13,7383
04/16/2025,14,7284
04/16/2025,15,7145
04/16/2025,16,7096
04/16/2025,17,7143
04/16/2025,18,7250
04/16/2025,19,7242
04/16/2025,20,7240
04/16/2025,21,7374
04/16/2025,22,7266
04/16/2025,23,6884
04/16/2025,24,6510
04/17/2025,1,6233
04/17/2025,2,6128
04/17/2025,3,6082
04/17/2025,4,6074
04/17/2025,5,6233
04/17/2025,6,6604
04/17/2025,7,7207
04/17/2025,8,7797
04/17/2025,9,7825
04/17/2025,10,7694
04/17/2025,11,7566
04/17/2025,12,7430
04/17/2025,13,7346
04/17/2025,14,7290
04/17/2025,15,7185
04/17/2025,16,7110
04/17/2025,17,7112
04/17/2025,18,7150
04/17/2025,19,7104
04/17/2025,20,7075
04/17/2025,21,7184
04/17/2025,22,7118
04/17/2025,23,6779
04/17/2025,24,6437
04/18/2025,1,6117
04/18/2025,2,5969
04/18/2025,3,5889
04/18/2025,4,5857
04/18/2025,5,5973
04/18/2025,6,6156
04/18/2025,7,6455
04/18/2025,8,6765
04/18/2025,9,6990
04/18/2025,10,7065
04/18/2025,11,7023
04/18/2025,12,6980
04/18/2025,13,6913
04/18/2025,14,6811
04/18/2025,15,6730
04/18/2025,16,6672
04/18/2025,17,6752
04/18/2025,18,6866
04/18/2025,19,6877
04/18/2025,20,6881
04/18/2025,21,6971
04/18/2025,22,6843
04/18/2025,23,6530
04/18/2025,24,6184
04/19/2025,1,5926
04/19/2025,2,5771
04/19/2025,3,5654
04/19/2025,4,5641
04/19/2025,5,5718
04/19/2025,6,5859
04/19/2025,7,6100
04/19/2025,8,6466
04/19/2025,9,6812
04/19/2025,10,6978
04/19/2025,11,6980
04/19/2025,12,6905
04/19/2025,13,6821
04/19/2025,14,6708
04/19/2025,15,6669
04/19/2025,16,6633
04/19/2025,17,6719
04/19/2025,18,6877
04/19/2025,19,6899
04/19/2025,20,6927
04/19/2025,21,7015
04/19/2025,22,6906
04/19/2025,23,6608
04/19/2025,24,6320
04/20/2025,1,6031
04/20/2025,2,5902
04/20/2025,3,5811
04/20/2025,4,5749
04/20/2025,5,5823
04/20/2025,6,5951
04/20/2025,7,6169
04/20/2025,8,6552
04/20/2025,9,6939
04/20/2025,10,7124
04/20/2025,11,7166
04/20/2025,12,7123
04/20/2025,13,7113
04/20/2025,14,7012
04/20/2025,15,6993
04/20/2025,16,6972
04/20/2025,17,7026
04/20/2025,18,7062
04/20/2025,19,7033
04/20/2025,20,7056
04/20/2025,21,7210
04/20/2025,22,7120
04/20/2025,23,6813
04/20/2025,24,6512
04/21/2025,1,6280
04/21/2025,2,6152
04/21/2025,3,6101
04/21/2025,4,6090
04/21/2025,5,6185
04/21/2025,6,6428
04/21/2025,7,6896
04/21/2025,8,7334
04/21/2025,9,7574
04/21/2025,10,7670
04/21/2025,11,7696
04/21/2025,12,7667
04/21/2025,13,7601
04/21/2025,14,7492
04/21/2025,15,7375
04/21/2025,16,7314
04/21/2025,17,7373
04/21/2025,18,7489
04/21/2025,19,7456
04/21/2025,20,7473
04/21/2025,21,7592
04/21/2025,22,7478
04/21/2025,23,7063
04/21/2025,24,6666
04/22/2025,1,6357
04/22/2025,2,6232
04/22/2025,3,6169
04/22/2025,4,6183
04/22/2025,5,6352
04/22/2025,6,6737
04/22/2025,7,7313
04/22/2025,8,7825
04/22/2025,9,7821
04/22/2025,10,7721
04/22/2025,11,7585
04/22/2025,12,7492
04/22/2025,13,7427
04/22/2025,14,7349
04/22/2025,15,7242
04/22/2025,16,7218
04/22/2025,17,7285
04/22/2025,18,7425
04/22/2025,19,7432
04/22/2025,20,7397
04/22/2025,21,7485
04/22/2025,22,7377
04/22/2025,23,6965
04/22/2025,24,6572
04/23/2025,1,6271
04/23/2025,2,6137
04/23/2025,3,6088
04/23/2025,4,6081
04/23/2025,5,6242
04/23/2025,6,6663
04/23/2025,7,7195
04/23/2025,8,7692
04/23/2025,9,7700
04/23/2025,10,7582
04/23/2025,11,7434
04/23/2025,12,7343
04/23/2025,13,7290
04/23/2025,14,7183
04/23/2025,15,7103
04/23/2025,16,7095
04/23/2025,17,7171
04/23/2025,18,7282
04/23/2025,19,7280
04/23/2025,20,7301
04/23/2025,21,7372
04/23/2025,22,7252
04/23/2025,23,6821
04/23/2025,24,6410
04/24/2025,1,6069
04/24/2025,2,5962
04/24/2025,3,5893
04/24/2025,4,5892
04/24/2025,5,6017
04/24/2025,6,6397
04/24/2025,7,6997
04/24/2025,8,7520
04/24/2025,9,7549
04/24/2025,10,7450
04/24/2025,11,7343
04/24/2025,12,7264
04/24/2025,13,7197
04/24/2025,14,7127
04/24/2025,15,7049
04/24/2025,16,7051
04/24/2025,17,7187
04/24/2025,18,7328
04/24/2025,19,7339
04/24/2025,20,7286
04/24/2025,21,7321
04/24/2025,22,7185
04/24/2025,23,6735
04/24/2025,24,6356
04/25/2025,1,5974
04/25/2025,2,5819
04/25/2025,3,5718
04/25/2025,4,5717
04/25/2025,5,5834
04/25/2025,6,6102
04/25/2025,7,6622
04/25/2025,8,7155
04/25/2025,9,7309
04/25/2025,10,7301
04/25/2025,11,7256
04/25/2025,12,7227
04/25/2025,13,7225
04/25/2025,14,7182
04/25/2025,15,7089
04/25/2025,16,7084
04/25/2025,17,7132
04/25/2025,18,7170
04/25/2025,19,7096
04/25/2025,20,7006
04/25/2025,21,7034
04/25/2025,22,6938
04/25/2025,23,6629
04/25/2025,24,6236
04/26/2025,1,5879
04/26/2025,2,5694
04/26/2025,3,5608
04/26/2025,4,5562
04/26/2025,5,5577
04/26/2025,6,5733
04/26/2025,7,5952
04/26/2025,8,6297
04/26/2025,9,6599
04/26/2025,10,6748
04/26/2025,11,6796
04/26/2025,12,6819
04/26/2025,13,6797
04/26/2025,14,6677
04/26/2025,15,6566
04/26/2025,16,6562
04/26/2025,17,6662
04/26/2025,18,6726
04/26/2025,19,6710
04/26/2025,20,6649
04/26/2025,21,6751
04/26/2025,22,6706
04/26/2025,23,6418
04/26/2025,24,6121
04/27/2025,1,5852
04/27/2025,2,5680
04/27/2025,3,5595
04/27/2025,4,5572
04/27/2025,5,5601
04/27/2025,6,5712
04/27/2025,7,5913
04/27/2025,8,6220
04/27/2025,9,6505
04/27/2025,10,6711
04/27/2025,11,6792
04/27/2025,12,6791
04/27/2025,13,6748
04/27/2025,14,6663
04/27/2025,15,6604
04/27/2025,16,6585
04/27/2025,17,6683
04/27/2025,18,6842
04/27/2025,19,6885
04/27/2025,20,6875
04/27/2025,21,6877
04/27/2025,22,6806
04/27/2025,23,6413
04/27/2025,24,6038
04/28/2025,1,5720
04/28/2025,2,5587
04/28/2025,3,5525
04/28/2025,4,5506
04/28/2025,5,5589
04/28/2025,6,5900
04/28/2025,7,6470
04/28/2025,8,7126
04/28/2025,9,7368
04/28/2025,10,7451
04/28/2025,11,7540
04/28/2025,12,7524
04/28/2025,13,7571
04/28/2025,14,7564
04/28/2025,15,7509
04/28/2025,16,7449
04/28/2025,17,7538
04/28/2025,18,7711
04/28/2025,19,7670
04/28/2025,20,7634
04/28/2025,21,7636
04/28/2025,22,7381
04/28/2025,23,6919
04/28/2025,24,6497
04/29/2025,1,6112
04/29/2025,2,5936
04/29/2025,3,5809
04/29/2025,4,5757
04/29/2025,5,5838
04/29/2025,6,6137
04/29/2025,7,6733
04/29/2025,8,7303
04/29/2025,9,7456
04/29/2025,10,7412
04/29/2025,11,7353
04/29/2025,12,7304
04/29/2025,13,7208
04/29/2025,14,7099
04/29/2025,15,7010
04/29/2025,16,6955
04/29/2025,17,7059
04/29/2025,18,7163
04/29/2025,19,7191
04/29/2025,20,7204
04/29/2025,21,7296
04/29/2025,22,7171
04/29/2025,23,6748
04/29/2025,24,6338
04/30/2025,1,5992
04/30/2025,2,5849
04/30/2025,3,5760
04/30/2025,4,5768
04/30/2025,5,5869
04/30/2025,6,6238
04/30/2025,7,6909
04/30/2025,8,7438
04/30/2025,9,7532
04/30/2025,10,7438
04/30/2025,11,7361
04/30/2025,12,7321
04/30/2025,13,7317
04/30/2025,14,7272
04/30/2025,15,7165
04/30/2025,16,7145
04/30/2025,17,7223
04/30/2025,18,7338
04/30/2025,19,7331
04/30/2025,20,7311
04/30/2025,21,7351
04/30/2025,22,7264
04/30/2025,23,6871
04/30/2025,24,6453
05/01/2025,1,6058
05/01/2025,2,5879
05/01/2025,3,5805
05/01/2025,4,5809
05/01/2025,5,5916
05/01/2025,6,6252
05/01/2025,7,6829
05/01/2025,8,7424
05/01/2025,9,7467
05/01/2025,10,7402
05/01/2025,11,7362
05/01/2025,12,7333
05/01/2025,13,7356
05/01/2025,14,7318
05/01/2025,15,7303
05/01/2025,16,7312
05/01/2025,17,7435
05/01/2025,18,7594
05/01/2025,19,7571
05/01/2025,20,7493
05/01/2025,21,7491
05/01/2025,22,7393
05/01/2025,23,6930
05/01/2025,24,6469
05/02/2025,1,6092
05/02/2025,2,5861
05/02/2025,3,5752
05/02/2025,4,5726
05/02/2025,5,5783
05/02/2025,6,6035
05/02/2025,7,6513
05/02/2025,8,7068
05/02/2025,9,7248
05/02/2025,10,7284
05/02/2025,11,7290
05/02/2025,12,7305
05/02/2025,13,7325
05/02/2025,14,7317
05/02/2025,15,7253
05/02/2025,16,7217
05/02/2025,17,7302
05/02/2025,18,7385
05/02/2025,19,7325
05/02/2025,20,7300
05/02/2025,21,7266
05/02/2025,22,7104
05/02/2025,23,6754
05/02/2025,24,6379
05/03/2025,1,6021
05/03/2025,2,5850
05/03/2025,3,5725
05/03/2025,4,5684
05/03/2025,5,5683
05/03/2025,6,5788
05/03/2025,7,6008
05/03/2025,8,6370
05/03/2025,9,6746
05/03/2025,10,6911
05/03/2025,11,6968
05/03/2025,12,6951
05/03/2025,13,6935
05/03/2025,14,6893
05/03/2025,15,6801
05/03/2025,16,6769
05/03/2025,17,6811
05/03/2025,18,6936
05/03/2025,19,6927
05/03/2025,20,6875
05/03/2025,21,6932
05/03/2025,22,6978
05/03/2025,23,6712
05/03/2025,24,6373
05/04/2025,1,6123
05/04/2025,2,6007
05/04/2025,3,5911
05/04/2025,4,5928
05/04/2025,5,5976
05/04/2025,6,6108
05/04/2025,7,6308
05/04/2025,8,6581
05/04/2025,9,6849
05/04/2025,10,7019
05/04/2025,11,7086
05/04/2025,12,7075
05/04/2025,13,7027
05/04/2025,14,6942
05/04/2025,15,6879
05/04/2025,16,6869
05/04/2025,17,6961
05/04/2025,18,7155
05/04/2025,19,7181
05/04/2025,20,7150
05/04/2025,21,7216
05/04/2025,22,7173
05/04/2025,23,6829
05/04/2025,24,6453
05/05/2025,1,6166
05/05/2025,2,6067
05/05/2025,3,5992
05/05/2025,4,5992
05/05/2025,5,6084
05/05/2025,6,6391
05/05/2025,7,6944
05/05/2025,8,7507
05/05/2025,9,7614
05/05/2025,10,7556
05/05/2025,11,7568
05/05/2025,12,7553
05/05/2025,13,7530
05/05/2025,14,7504
05/05/2025,15,7385
05/05/2025,16,7335
05/05/2025,17,7432
05/05/2025,18,7529
05/05/2025,19,7493
05/05/2025,20,7416
05/05/2025,21,7389
05/05/2025,22,7328
05/05/2025,23,6865
05/05/2025,24,6430
05/06/2025,1,6116
05/06/2025,2,5940
05/06/2025,3,5863
05/06/2025,4,5854
05/06/2025,5,5932
05/06/2025,6,6259
05/06/2025,7,6782
05/06/2025,8,7328
05/06/2025,9,7452
05/06/2025,10,7440
05/06/2025,11,7396
05/06/2025,12,7438
05/06/2025,13,7493
05/06/2025,14,7493
05/06/2025,15,7445
05/06/2025,16,7455
05/06/2025,17,7533
05/06/2025,18,7605
05/06/2025,19,7541
05/06/2025,20,7458
05/06/2025,21,7456
05/06/2025,22,7312
05/06/2025,23,6853
05/06/2025,24,6406
05/07/2025,1,6026
05/07/2025,2,5843
05/07/2025,3,5776
05/07/2025,4,5709
05/07/2025,5,5754
05/07/2025,6,6021
05/07/2025,7,6489
05/07/2025,8,7077
05/07/2025,9,7339
05/07/2025,10,7405
05/07/2025,11,7444
05/07/2025,12,7398
05/07/2025,13,7402
05/07/2025,14,7373
05/07/2025,15,7296
05/07/2025,16,7300
05/07/2025,17,7420
05/07/2025,18,7464
05/07/2025,19,7405
05/07/2025,20,7325
05/07/2025,21,7324
05/07/2025,22,7263
05/07/2025,23,6895
05/07/2025,24,6475
05/08/2025,1,6161
05/08/2025,2,5993
05/08/2025,3,5888
05/08/2025,4,5879
05/08/2025,5,5944
05/08/2025,6,6236
05/08/2025,7,6771
05/08/2025,8,7307
05/08/2025,9,7444
05/08/2025,10,7456
05/08/2025,11,7425
05/08/2025,12,7395
05/08/2025,13,7397
05/08/2025,14,7308
05/08/2025,15,7264
05/08/2025,16,7312
05/08/2025,17,7405
05/08/2025,18,7532
05/08/2025,19,7512
05/08/2025,20,7469
05/08/2025,21,7494
05/08/2025,22,7455
05/08/2025,23,7079
05/08/2025,24,6626
05/09/2025,1,6268
05/09/2025,2,6103
05/09/2025,3,6008
05/09/2025,4,5965
05/09/2025,5,6049
05/09/2025,6,6336
05/09/2025,7,6809
05/09/2025,8,7359
05/09/2025,9,7553
05/09/2025,10,7544
05/09/2025,11,7551
05/09/2025,12,7462
05/09/2025,13,7460
05/09/2025,14,7391
05/09/2025,15,7326
05/09/2025,16,7307
05/09/2025,17,7369
05/09/2025,18,7495
05/09/2025,19,7436
05/09/2025,20,7291
05/09/2025,21,7338
05/09/2025,22,7301
05/09/2025,23,6981
05/09/2025,24,6549
05/10/2025,1,6165
05/10/2025,2,5972
05/10/2025,3,5844
05/10/2025,4,5791
05/10/2025,5,5803
05/10/2025,6,5903
05/10/2025,7,6083
05/10/2025,8,6461
05/10/2025,9,6828
05/10/2025,10,7103
05/10/2025,11,7180
05/10/2025,12,7191
05/10/2025,13,7142
05/10/2025,14,7050
05/10/2025,15,6965
05/10/2025,16,6949
05/10/2025,17,6997
05/10/2025,18,7136
05/10/2025,19,7175
05/10/2025,20,7109
05/10/2025,21,7129
05/10/2025,22,7113
05/10/2025,23,6895
05/10/2025,24,6592
05/11/2025,1,6172
05/11/2025,2,5994
05/11/2025,3,5877
05/11/2025,4,5829
05/11/2025,5,5841
05/11/2025,6,5923
05/11/2025,7,6094
05/11/2025,8,6430
05/11/2025,9,6734
05/11/2025,10,6932
05/11/2025,11,6983
05/11/2025,12,6973
05/11/2025,13,6936
05/11/2025,14,6897
05/11/2025,15,6860
05/11/2025,16,6877
05/11/2025,17,6964
05/11/2025,18,7104
05/11/2025,19,7081
05/11/2025,20,7060
05/11/2025,21,7101
05/11/2025,22,7086
05/11/2025,23,6731
05/11/2025,24,6330
05/12/2025,1,6054
05/12/2025,2,5924
05/12/2025,3,5866
05/12/2025,4,5840
05/12/2025,5,5913
05/12/2025,6,6193
05/12/2025,7,6673
05/12/2025,8,7249
05/12/2025,9,7494
05/12/2025,10,7519
05/12/2025,11,7546
05/12/2025,12,7526
05/12/2025,13,7471
05/12/2025,14,7394
05/12/2025,15,7296
05/12/2025,16,7307
05/12/2025,17,7367
05/12/2025,18,7481
05/12/2025,19,7367
05/12/2025,20,7273
05/12/2025,21,7207
05/12/2025,22,7131
05/12/2025,23,6714
05/12/2025,24,6268
05/13/2025,1,5901
05/13/2025,2,5738
05/13/2025,3,5657
05/13/2025,4,5620
05/13/2025,5,5715
05/13/2025,6,5986
05/13/2025,7,6478
05/13/2025,8,7057
05/13/2025,9,7292
05/13/2025,10,7353
05/13/2025,11,7338
05/13/2025,12,7323
05/13/2025,13,7274
05/13/2025,14,7154
05/13/2025,15,7067
05/13/2025,16,7036
05/13/2025,17,7113
05/13/2025,18,7277
05/13/2025,19,7242
05/13/2025,20,7173
05/13/2025,21,7169
05/13/2025,22,7079
05/13/2025,23,6640
05/13/2025,24,6223
05/14/2025,1,5877
05/14/2025,2,5688
05/14/2025,3,5580
05/14/2025,4,5544
05/14/2025,5,5605
05/14/2025,6,5912
05/14/2025,7,6403
05/14/2025,8,7005
05/14/2025,9,7240
05/14/2025,10,7316
05/14/2025,11,7302
05/14/2025,12,7277
05/14/2025,13,7290
05/14/2025,14,7261
05/14/2025,15,7189
05/14/2025,16,7142
05/14/2025,17,7262
05/14/2025,18,7388
05/14/2025,19,7330
05/14/2025,20,7250
05/14/2025,21,7226
05/14/2025,22,7194
05/14/2025,23,6821
05/14/2025,24,6358
05/15/2025,1,6009
05/15/2025,2,5871
05/15/2025,3,5783
05/15/2025,4,5778
05/15/2025,5,5886
05/15/2025,6,6142
05/15/2025,7,6610
05/15/2025,8,7185
05/15/2025,9,7383
05/15/2025,10,7413
05/15/2025,11,7472
05/15/2025,12,7460
05/15/2025,13,7472
05/15/2025,14,7471
05/15/2025,15,7372
05/15/2025,16,7402
05/15/2025,17,7527
05/15/2025,18,7643
05/15/2025,19,7624
05/15/2025,20,7564
05/15/2025,21,7549
05/15/2025,22,7450
05/15/2025,23,7026
05/15/2025,24,6639
05/16/2025,1,6276
05/16/2025,2,6109
05/16/2025,3,6004
05/16/2025,4,5981
05/16/2025,5,6032
05/16/2025,6,6251
05/16/2025,7,6691
05/16/2025,8,7295
05/16/2025,9,7586
05/16/2025,10,7708
05/16/2025,11,7746
05/16/2025,12,7731
05/16/2025,13,7716
05/16/2025,14,7646
05/16/2025,15,7564
05/16/2025,16,7543
05/16/2025,17,7610
05/16/2025,18,7722
05/16/2025,19,7664
05/16/2025,20,7547
05/16/2025,21,7499
05/16/2025,22,7396
05/16/2025,23,7055
05/16/2025,24,6731
05/17/2025,1,6376
05/17/2025,2,6192
05/17/2025,3,6049
05/17/2025,4,5995
05/17/2025,5,6004
05/17/2025,6,6086
05/17/2025,7,6232
05/17/2025,8,6549
05/17/2025,9,6941
05/17/2025,10,7200
05/17/2025,11,7287
05/17/2025,12,7306
05/17/2025,13,7291
05/17/2025,14,7165
05/17/2025,15,7098
05/17/2025,16,7093
05/17/2025,17,7094
05/17/2025,18,7213
05/17/2025,19,7173
05/17/2025,20,7102
05/17/2025,21,7115
05/17/2025,22,7085
05/17/2025,23,6816
05/17/2025,24,6488
05/18/2025,1,6207
05/18/2025,2,6042
05/18/2025,3,5922
05/18/2025,4,5905
05/18/2025,5,5919
05/18/2025,6,5995
05/18/2025,7,6106
05/18/2025,8,6399
05/18/2025,9,6715
05/18/2025,10,6919
05/18/2025,11,7011
05/18/2025,12,6911
05/18/2025,13,6820
05/18/2025,14,6712
05/18/2025,15,6618
05/18/2025,16,6624
05/18/2025,17,6681
05/18/2025,18,6807
05/18/2025,19,6828
05/18/2025,20,6837
05/18/2025,21,6784
05/18/2025,22,6850
05/18/2025,23,6596
05/18/2025,24,6273
05/19/2025,1,5995
05/19/2025,2,5848
05/19/2025,3,5768
05/19/2025,4,5772
05/19/2025,5,5799
05/19/2025,6,5982
05/19/2025,7,6209
05/19/2025,8,6505
05/19/2025,9,6855
05/19/2025,10,7123
05/19/2025,11,7261
05/19/2025,12,7318
05/19/2025,13,7276
05/19/2025,14,7212
05/19/2025,15,7104
05/19/2025,16,7084
05/19/2025,17,7191
05/19/2025,18,7326
05/19/2025,19,7333
05/19/2025,20,7245
05/19/2025,21,7208
05/19/2025,22,7102
05/19/2025,23,6701
05/19/2025,24,6318
05/20/2025,1,6028
05/20/2025,2,5909
05/20/2025,3,5831
05/20/2025,4,5831
05/20/2025,5,5939
05/20/2025,6,6152
05/20/2025,7,6567
05/20/2025,8,7067
05/20/2025,9,7282
05/20/2025,10,7267
05/20/2025,11,7285
05/20/2025,12,7198
05/20/2025,13,7174
05/20/2025,14,7107
05/20/2025,15,6994
05/20/2025,16,6985
05/20/2025,17,7116
05/20/2025,18,7254
05/20/2025,19,7204
05/20/2025,20,7107
05/20/2025,21,7097
05/20/2025,22,7047
05/20/2025,23,6670
05/20/2025,24,6243
05/21/2025,1,5908
05/21/2025,2,5761
05/21/2025,3,5660
05/21/2025,4,5652
05/21/2025,5,5720
05/21/2025,6,5999
05/21/2025,7,6475
05/21/2025,8,6988
05/21/2025,9,7107
05/21/2025,10,7086
05/21/2025,11,7077
05/21/2025,12,7047
05/21/2025,13,7022
05/21/2025,14,7023
05/21/2025,15,6949
05/21/2025,16,6918
05/21/2025,17,7016
05/21/2025,18,7123
05/21/2025,19,7107
05/21/2025,20,7047
05/21/2025,21,7063
05/21/2025,22,7049
05/21/2025,23,6680
05/21/2025,24,6268
05/22/2025,1,5916
05/22/2025,2,5810
05/22/2025,3,5745
05/22/2025,4,5785
05/22/2025,5,5895
05/22/2025,6,6149
05/22/2025,7,6659
05/22/2025,8,7149
05/22/2025,9,7321
05/22/2025,10,7289
05/22/2025,11,7242
05/22/2025,12,7219
05/22/2025,13,7182
05/22/2025,14,7158
05/22/2025,15,7085
05/22/2025,16,7097
05/22/2025,17,7222
05/22/2025,18,7292
05/22/2025,19,7253
05/22/2025,20,7187
05/22/2025,21,7136
05/22/2025,22,7118
05/22/2025,23,6798
05/22/2025,24,6384
05/23/2025,1,6016
05/23/2025,2,5850
05/23/2025,3,5743
05/23/2025,4,5712
05/23/2025,5,5745
05/23/2025,6,5961
05/23/2025,7,6448
05/23/2025,8,6985
05/23/2025,9,7204
05/23/2025,10,7233
05/23/2025,11,7267
05/23/2025,12,7294
05/23/2025,13,7243
05/23/2025,14,7204
05/23/2025,15,7136
05/23/2025,16,7118
05/23/2025,17,7181
05/23/2025,18,7182
05/23/2025,19,7109
05/23/2025,20,6994
05/23/2025,21,6950
05/23/2025,22,6921
05/23/2025,23,6626
05/23/2025,24,6272
05/24/2025,1,5911
05/24/2025,2,5746
05/24/2025,3,5651
05/24/2025,4,5614
05/24/2025,5,5636
05/24/2025,6,5702
05/24/2025,7,5932
05/24/2025,8,6259
05/24/2025,9,6550
05/24/2025,10,6730
05/24/2025,11,6789
05/24/2025,12,6821
05/24/2025,13,6794
05/24/2025,14,6746
05/24/2025,15,6700
05/24/2025,16,6669
05/24/2025,17,6776
05/24/2025,18,6916
05/24/2025,19,6852
05/24/2025,20,6875
05/24/2025,21,6868
05/24/2025,22,6834
05/24/2025,23,6565
05/24/2025,24,6205
05/25/2025,1,5903
05/25/2025,2,5728
05/25/2025,3,5593
05/25/2025,4,5506
05/25/2025,5,5486
05/25/2025,6,5486
05/25/2025,7,5639
05/25/2025,8,5945
05/25/2025,9,6247
05/25/2025,10,6382
05/25/2025,11,6546
05/25/2025,12,6657
05/25/2025,13,6753
05/25/2025,14,6838
05/25/2025,15,6714
05/25/2025,16,6785
05/25/2025,17,7103
05/25/2025,18,7297
05/25/2025,19,7315
05/25/2025,20,7274
05/25/2025,21,7158
05/25/2025,22,7059
05/25/2025,23,6701
05/25/2025,24,6271
05/26/2025,1,5921
05/26/2025,2,5734
05/26/2025,3,5671
05/26/2025,4,5637
05/26/2025,5,5682
05/26/2025,6,5852
05/26/2025,7,6317
05/26/2025,8,6915
05/26/2025,9,7221
05/26/2025,10,7333
05/26/2025,11,7386
05/26/2025,12,7420
05/26/2025,13,7439
05/26/2025,14,7420
05/26/2025,15,7303
05/26/2025,16,7250
05/26/2025,17,7360
05/26/2025,18,7515
05/26/2025,19,7460
05/26/2025,20,7323
05/26/2025,21,7270
05/26/2025,22,7201
05/26/2025,23,6810
05/26/2025,24,6358
05/27/2025,1,6017
05/27/2025,2,5855
05/27/2025,3,5739
05/27/2025,4,5692
05/27/2025,5,5744
05/27/2025,6,5986
05/27/2025,7,6457
05/27/2025,8,7017
05/27/2025,9,7242
05/27/2025,10,7303
05/27/2025,11,7268
05/27/2025,12,7291
05/27/2025,13,7335
05/27/2025,14,7310
05/27/2025,15,7327
05/27/2025,16,7349
05/27/2025,17,7478
05/27/2025,18,7666
05/27/2025,19,7637
05/27/2025,20,7512
05/27/2025,21,7384
05/27/2025,22,7298
05/27/2025,23,6891
05/27/2025,24,6454
05/28/2025,1,6068
05/28/2025,2,5905
05/28/2025,3,5760
05/28/2025,4,5680
05/28/2025,5,5701
05/28/2025,6,5911
05/28/2025,7,6393
05/28/2025,8,6945
05/28/2025,9,7230
05/28/2025,10,7347
05/28/2025,11,7402
05/28/2025,12,7527
05/28/2025,13,7651
05/28/2025,14,7745
05/28/2025,15,7772
05/28/2025,16,7821
05/28/2025,17,7974
05/28/2025,18,8126
05/28/2025,19,8114
05/28/2025,20,7953
05/28/2025,21,7751
05/28/2025,22,7548
05/28/2025,23,7124
05/28/2025,24,6619
05/29/2025,1,6171
05/29/2025,2,5951
05/29/2025,3,5792
05/29/2025,4,5745
05/29/2025,5,5750
05/29/2025,6,5929
05/29/2025,7,6363
05/29/2025,8,6941
05/29/2025,9,7275
05/29/2025,10,7432
05/29/2025,11,7458
05/29/2025,12,7437
05/29/2025,13,7437
05/29/2025,14,7427
05/29/2025,15,7363
05/29/2025,16,7375
05/29/2025,17,7503
05/29/2025,18,7631
05/29/2025,19,7667
05/29/2025,20,7485
05/29/2025,21,7393
05/29/2025,22,7336
05/29/2025,23,7041
05/29/2025,24,6594
05/30/2025,1,6209
05/30/2025,2,5996
05/30/2025,3,5865
05/30/2025,4,5790
05/30/2025,5,5819
05/30/2025,6,6012
05/30/2025,7,6476
05/30/2025,8,6980
05/30/2025,9,7226
05/30/2025,10,7340
05/30/2025,11,7377
05/30/2025,12,7406
05/30/2025,13,7442
05/30/2025,14,7558
05/30/2025,15,7554
05/30/2025,16,7587
05/30/2025,17,7710
05/30/2025,18,7796
05/30/2025,19,7701
05/30/2025,20,7596
05/30/2025,21,7464
05/30/2025,22,7320
05/30/2025,23,7003
05/30/2025,24,6575
05/31/2025,1,6224
05/31/2025,2,5995
05/31/2025,3,5836
05/31/2025,4,5759
05/31/2025,5,5755
05/31/2025,6,5754
05/31/2025,7,5914
05/31/2025,8,6276
05/31/2025,9,6686
05/31/2025,10,7023
05/31/2025,11,7186
05/31/2025,12,7315
05/31/2025,13,7329
05/31/2025,14,7329
05/31/2025,15,7210
05/31/2025,16,7038
05/31/2025,17,7006
05/31/2025,18,7110
05/31/2025,19,7113
05/31/2025,20,7021
05/31/2025,21,6987
05/31/2025,22,6961
05/31/2025,23,6730
05/31/2025,24,6390
06/01/2025,1,6064
06/01/2025,2,5904
06/01/2025,3,5800
06/01/2025,4,5765
06/01/2025,5,5735
06/01/2025,6,5763
06/01/2025,7,5922
06/01/2025,8,6165
06/01/2025,9,6531
06/01/2025,10,6802
06/01/2025,11,6900
06/01/2025,12,6967
06/01/2025,13,6970
06/01/2025,14,6952
06/01/2025,15,6904
06/01/2025,16,6912
06/01/2025,17,7028
06/01/2025,18,7228
06/01/2025,19,7211
06/01/2025,20,7153
06/01/2025,21,7084
06/01/2025,22,7056
06/01/2025,23,6756
06/01/2025,24,6349
06/02/2025,1,6014
06/02/2025,2,5625
06/02/2025,3,5562
06/02/2025,4,5632
06/02/2025,5,5657
06/02/2025,6,5819
06/02/2025,7,6305
06/02/2025,8,6860
06/02/2025,9,7072
06/02/2025,10,7111
06/02/2025,11,7143
06/02/2025,12,7160
06/02/2025,13,7205
06/02/2025,14,7186
06/02/2025,15,7115
06/02/2025,16,7112
06/02/2025,17,7209
06/02/2025,18,7368
06/02/2025,19,7287
06/02/2025,20,7152
06/02/2025,21,7025
06/02/2025,22,6938
06/02/2025,23,6561
06/02/2025,24,6108
06/03/2025,1,5752
06/03/2025,2,5574
06/03/2025,3,5450
06/03/2025,4,5410
06/03/2025,5,5442
06/03/2025,6,5619
06/03/2025,7,6093
06/03/2025,8,6586
06/03/2025,9,6828
06/03/2025,10,6902
06/03/2025,11,6933
06/03/2025,12,6975
06/03/2025,13,7027
06/03/2025,14,7040
06/03/2025,15,7036
06/03/2025,16,7089
06/03/2025,17,7206
06/03/2025,18,7325
06/03/2025,19,7274
06/03/2025,20,7129
06/03/2025,21,7020
06/03/2025,22,6940
06/03/2025,23,6582
06/03/2025,24,6130
06/04/2025,1,5743
06/04/2025,2,5548
06/04/2025,3,5406
06/04/2025,4,5359
06/04/2025,5,5375
06/04/2025,6,5588
06/04/2025,7,6060
06/04/2025,8,6644
06/04/2025,9,6888
06/04/2025,10,6968
06/04/2025,11,6987
06/04/2025,12,7039
06/04/2025,13,7083
06/04/2025,14,7148
06/04/2025,15,7145
06/04/2025,16,7203
06/04/2025,17,7305
06/04/2025,18,7430
06/04/2025,19,7368
06/04/2025,20,7218
06/04/2025,21,7088
06/04/2025,22,7038
06/04/2025,23,6685
06/04/2025,24,6222
06/05/2025,1,5841
06/05/2025,2,5631
06/05/2025,3,5541
06/05/2025,4,5464
06/05/2025,5,5501
06/05/2025,6,5692
06/05/2025,7,6157
06/05/2025,8,6734
06/05/2025,9,6992
06/05/2025,10,7084
06/05/2025,11,7175
06/05/2025,12,7239
06/05/2025,13,7303
06/05/2025,14,7334
06/05/2025,15,7347
06/05/2025,16,7444
06/05/2025,17,7562
06/05/2025,18,7744
06/05/2025,19,7723
06/05/2025,20,7558
06/05/2025,21,7408
06/05/2025,22,7317
06/05/2025,23,6933
06/05/2025,24,6458
06/06/2025,1,6016
06/06/2025,2,5787
06/06/2025,3,5619
06/06/2025,4,5544
06/06/2025,5,5569
06/06/2025,6,5691
06/06/2025,7,6144
06/06/2025,8,6710
06/06/2025,9,7011
06/06/2025,10,7165
06/06/2025,11,7263
06/06/2025,12,7332
06/06/2025,13,7409
06/06/2025,14,7458
06/06/2025,15,7488
06/06/2025,16,7595
06/06/2025,17,7681
06/06/2025,18,7707
06/06/2025,19,7616
06/06/2025,20,7435
06/06/2025,21,7245
06/06/2025,22,7117
06/06/2025,23,6820
06/06/2025,24,6358
06/07/2025,1,5969
06/07/2025,2,5744
06/07/2025,3,5590
06/07/2025,4,5488
06/07/2025,5,5457
06/07/2025,6,5460
06/07/2025,7,5680
06/07/2025,8,6079
06/07/2025,9,6529
06/07/2025,10,6760
06/07/2025,11,6897
06/07/2025,12,7005
06/07/2025,13,7093
06/07/2025,14,7112
06/07/2025,15,7131
06/07/2025,16,7203
06/07/2025,17,7343
06/07/2025,18,7530
06/07/2025,19,7554
06/07/2025,20,7436
06/07/2025,21,7257
06/07/2025,22,7085
06/07/2025,23,6816
06/07/2025,24,6396
06/08/2025,1,5983
06/08/2025,2,5770
06/08/2025,3,5601
06/08/2025,4,5491
06/08/2025,5,5435
06/08/2025,6,5417
06/08/2025,7,5546
06/08/2025,8,5869
06/08/2025,9,6285
06/08/2025,10,6652
06/08/2025,11,6925
06/08/2025,12,7097
06/08/2025,13,7253
06/08/2025,14,7408
06/08/2025,15,7491
06/08/2025,16,7674
06/08/2025,17,7927
06/08/2025,18,8147
06/08/2025,19,8161
06/08/2025,20,8059
06/08/2025,21,7835
06/08/2025,22,7598
06/08/2025,23,7135
06/08/2025,24,6574
06/09/2025,1,6113
06/09/2025,2,5890
06/09/2025,3,5725
06/09/2025,4,5630
06/09/2025,5,5607
06/09/2025,6,5738
06/09/2025,7,6225
06/09/2025,8,6873
06/09/2025,9,7240
06/09/2025,10,7509
06/09/2025,11,7692
06/09/2025,12,7811
06/09/2025,13,7968
06/09/2025,14,8087
06/09/2025,15,8177
06/09/2025,16,8230
06/09/2025,17,8448
06/09/2025,18,8644
06/09/2025,19,8515
06/09/2025,20,8267
06/09/2025,21,7968
06/09/2025,22,7698
06/09/2025,23,7163
06/09/2025,24,6606
06/10/2025,1,6117
06/10/2025,2,5827
06/10/2025,3,5663
06/10/2025,4,5573
06/10/2025,5,5567
06/10/2025,6,5705
06/10/2025,7,6156
06/10/2025,8,6769
06/10/2025,9,7021
06/10/2025,10,7142
06/10/2025,11,7277
06/10/2025,12,7406
06/10/2025,13,7524
06/10/2025,14,7603
06/10/2025,15,7656
06/10/2025,16,7798
06/10/2025,17,8032
06/10/2025,18,8157
06/10/2025,19,8044
06/10/2025,20,7846
06/10/2025,21,7609
06/10/2025,22,7367
06/10/2025,23,6932
06/10/2025,24,6436
06/11/2025,1,5964
06/11/2025,2,5712
06/11/2025,3,5562
06/11/2025,4,5486
06/11/2025,5,5517
06/11/2025,6,5668
06/11/2025,7,6100
06/11/2025,8,6693
06/11/2025,9,7002
06/11/2025,10,7159
06/11/2025,11,7245
06/11/2025,12,7371
06/11/2025,13,7439
06/11/2025,14,7516
06/11/2025,15,7541
06/11/2025,16,7615
06/11/2025,17,7781
06/11/2025,18,7848
06/11/2025,19,7759
06/11/2025,20,7597
06/11/2025,21,7430
06/11/2025,22,7311
06/11/2025,23,6922
06/11/2025,24,6469
06/12/2025,1,6034
06/12/2025,2,5866
06/12/2025,3,5756
06/12/2025,4,5681
06/12/2025,5,5537
06/12/2025,6,5677
06/12/2025,7,6141
06/12/2025,8,6763
06/12/2025,9,7067
06/12/2025,10,7191
06/12/2025,11,7215
06/12/2025,12,7285
06/12/2025,13,7363
06/12/2025,14,7352
06/12/2025,15,7328
06/12/2025,16,7347
06/12/2025,17,7288
06/12/2025,18,7390
06/12/2025,19,7287
06/12/2025,20,7126
06/12/2025,21,6998
06/12/2025,22,6918
06/12/2025,23,6651
06/12/2025,24,6254
06/13/2025,1,5893
06/13/2025,2,5693
06/13/2025,3,5548
06/13/2025,4,5486
06/13/2025,5,5533
06/13/2025,6,5709
06/13/2025,7,6184
06/13/2025,8,6727
06/13/2025,9,7018
06/13/2025,10,7112
06/13/2025,11,7151
06/13/2025,12,7153
06/13/2025,13,7194
06/13/2025,14,7206
06/13/2025,15,7114
06/13/2025,16,7109
06/13/2025,17,7176
06/13/2025,18,7210
06/13/2025,19,7101
06/13/2025,20,6975
06/13/2025,21,6861
06/13/2025,22,6810
06/13/2025,23,6593
06/13/2025,24,6259
06/14/2025,1,5867
06/14/2025,2,5669
06/14/2025,3,5544
06/14/2025,4,5467
06/14/2025,5,5470
06/14/2025,6,5503
06/14/2025,7,5641
06/14/2025,8,5972
06/14/2025,9,6361
06/14/2025,10,6607
06/14/2025,11,6699
06/14/2025,12,6739
06/14/2025,13,6772
06/14/2025,14,6815
06/14/2025,15,6790
06/14/2025,16,6842
06/14/2025,17,6919
06/14/2025,18,6977
06/14/2025,19,6907
06/14/2025,20,6789
06/14/2025,21,6695
06/14/2025,22,6664
06/14/2025,23,6484
06/14/2025,24,6149
06/15/2025,1,5803
06/15/2025,2,5608
06/15/2025,3,5459
06/15/2025,4,5395
06/15/2025,5,5372
06/15/2025,6,5395
06/15/2025,7,5490
06/15/2025,8,5770
06/15/2025,9,6128
06/15/2025,10,6394
06/15/2025,11,6539
06/15/2025,12,6645
06/15/2025,13,6689
06/15/2025,14,6641
06/15/2025,15,6725
06/15/2025,16,6833
06/15/2025,17,6956
06/15/2025,18,7163
06/15/2025,19,7185
06/15/2025,20,7121
06/15/2025,21,7003
06/15/2025,22,6882
06/15/2025,23,6545
06/15/2025,24,6087
06/16/2025,1,5718
06/16/2025,2,5534
06/16/2025,3,5419
06/16/2025,4,5388
06/16/2025,5,5441
06/16/2025,6,5650
06/16/2025,7,6093
06/16/2025,8,6697
06/16/2025,9,6974
06/16/2025,10,7134
06/16/2025,11,7243
06/16/2025,12,7334
06/16/2025,13,7432
06/16/2025,14,7440
06/16/2025,15,7416
06/16/2025,16,7476
06/16/2025,17,7662
06/16/2025,18,7814
06/16/2025,19,7705
06/16/2025,20,7566
06/16/2025,21,7379
06/16/2025,22,7193
06/16/2025,23,6769
06/16/2025,24,6261
06/17/2025,1,5851
06/17/2025,2,5597
06/17/2025,3,5447
06/17/2025,4,5389
06/17/2025,5,5435
06/17/2025,6,5640
06/17/2025,7,6107
06/17/2025,8,6731
06/17/2025,9,6946
06/17/2025,10,7065
06/17/2025,11,7170
06/17/2025,12,7289
06/17/2025,13,7391
06/17/2025,14,7460
06/17/2025,15,7494
06/17/2025,16,7549
06/17/2025,17,7729
06/17/2025,18,7903
06/17/2025,19,7801
06/17/2025,20,7616
06/17/2025,21,7474
06/17/2025,22,7362
06/17/2025,23,6992
06/17/2025,24,6565
06/18/2025,1,6137
06/18/2025,2,5918
06/18/2025,3,5780
06/18/2025,4,5726
06/18/2025,5,5726
06/18/2025,6,5911
06/18/2025,7,6331
06/18/2025,8,6933
06/18/2025,9,7248
06/18/2025,10,7407
06/18/2025,11,7483
06/18/2025,12,7537
06/18/2025,13,7599
06/18/2025,14,7638
06/18/2025,15,7584
06/18/2025,16,7558
06/18/2025,17,7670
06/18/2025,18,7793
06/18/2025,19,7617
06/18/2025,20,7444
06/18/2025,21,7345
06/18/2025,22,7259
06/18/2025,23,6939
06/18/2025,24,6543
06/19/2025,1,6168
06/19/2025,2,5992
06/19/2025,3,5858
06/19/2025,4,5813
06/19/2025,5,5848
06/19/2025,6,5926
06/19/2025,7,6250
06/19/2025,8,6778
06/19/2025,9,7010
06/19/2025,10,7121
06/19/2025,11,7158
06/19/2025,12,7227
06/19/2025,13,7319
06/19/2025,14,7351
06/19/2025,15,7354
06/19/2025,16,7400
06/19/2025,17,7536
06/19/2025,18,7654
06/19/2025,19,7555
06/19/2025,20,7424
06/19/2025,21,7249
06/19/2025,22,7125
06/19/2025,23,6822
06/19/2025,24,6352
06/20/2025,1,5937
06/20/2025,2,5741
06/20/2025,3,5614
06/20/2025,4,5558
06/20/2025,5,5572
06/20/2025,6,5744
06/20/2025,7,6134
06/20/2025,8,6723
06/20/2025,9,6984
06/20/2025,10,7101
06/20/2025,11,7241
06/20/2025,12,7267
06/20/2025,13,7297
06/20/2025,14,7281
06/20/2025,15,7201
06/20/2025,16,7201
06/20/2025,17,7202
06/20/2025,18,7251
06/20/2025,19,7169
06/20/2025,20,7017
06/20/2025,21,6880
06/20/2025,22,6810
06/20/2025,23,6547
06/20/2025,24,6240
06/21/2025,1,5912
06/21/2025,2,5745
06/21/2025,3,5603
06/21/2025,4,5531
06/21/2025,5,5529
06/21/2025,6,5620
06/21/2025,7,5812
06/21/2025,8,6135
06/21/2025,9,6547
06/21/2025,10,6826
06/21/2025,11,6939
06/21/2025,12,6960
06/21/2025,13,6977
06/21/2025,14,6925
06/21/2025,15,6809
06/21/2025,16,6755
06/21/2025,17,6771
06/21/2025,18,6855
06/21/2025,19,6767
06/21/2025,20,6664
06/21/2025,21,6575
06/21/2025,22,6570
06/21/2025,23,6402
06/21/2025,24,6079
06/22/2025,1,5776
06/22/2025,2,5611
06/22/2025,3,5511
06/22/2025,4,5444
06/22/2025,5,5446
06/22/2025,6,5503
06/22/2025,7,5655
06/22/2025,8,5936
06/22/2025,9,6310
06/22/2025,10,6615
06/22/2025,11,6794
06/22/2025,12,6905
06/22/2025,13,6937
06/22/2025,14,6896
06/22/2025,15,6865
06/22/2025,16,6847
06/22/2025,17,6959
06/22/2025,18,7096
06/22/2025,19,7053
06/22/2025,20,6939
06/22/2025,21,6854
06/22/2025,22,6783
06/22/2025,23,6435
06/22/2025,24,6039
06/23/2025,1,5743
06/23/2025,2,5605
06/23/2025,3,5513
06/23/2025,4,5517
06/23/2025,5,5584
06/23/2025,6,5773
06/23/2025,7,6206
06/23/2025,8,6720
06/23/2025,9,6990
06/23/2025,10,7084
06/23/2025,11,7196
06/23/2025,12,7259
06/23/2025,13,7297
06/23/2025,14,7288
06/23/2025,15,7249
06/23/2025,16,7224
06/23/2025,17,7305
06/23/2025,18,7458
06/23/2025,19,7371
06/23/2025,20,7226
06/23/2025,21,7124
06/23/2025,22,6999
06/23/2025,23,6672
06/23/2025,24,6248
06/24/2025,1,5861
06/24/2025,2,5630
06/24/2025,3,5486
06/24/2025,4,5428
06/24/2025,5,5502
06/24/2025,6,5711
06/24/2025,7,6130
06/24/2025,8,6655
06/24/2025,9,6951
06/24/2025,10,7083
06/24/2025,11,7156
06/24/2025,12,7268
06/24/2025,13,7398
06/24/2025,14,7503
06/24/2025,15,7550
06/24/2025,16,7600
06/24/2025,17,7666
06/24/2025,18,7833
06/24/2025,19,7657
06/24/2025,20,7520
06/24/2025,21,7412
06/24/2025,22,7290
06/24/2025,23,6935
06/24/2025,24,6517
06/25/2025,1,6125
06/25/2025,2,5940
06/25/2025,3,5797
06/25/2025,4,5726
06/25/2025,5,5736
06/25/2025,6,5943
06/25/2025,7,6320
06/25/2025,8,6847
06/25/2025,9,7104
06/25/2025,10,7246
06/25/2025,11,7351
06/25/2025,12,7398
06/25/2025,13,7472
06/25/2025,14,7458
06/25/2025,15,7455
06/25/2025,16,7429
06/25/2025,17,7462
06/25/2025,18,7599
06/25/2025,19,7551
06/25/2025,20,7433
06/25/2025,21,7290
06/25/2025,22,7163
06/25/2025,23,6845
06/25/2025,24,6441
06/26/2025,1,6090
06/26/2025,2,5874
06/26/2025,3,5723
06/26/2025,4,5661
06/26/2025,5,5664
06/26/2025,6,5873
06/26/2025,7,6257
06/26/2025,8,6785
06/26/2025,9,7087
06/26/2025,10,7209
06/26/2025,11,7313
06/26/2025,12,7340
06/26/2025,13,7362
06/26/2025,14,7421
06/26/2025,15,7431
06/26/2025,16,7438
06/26/2025,17,7509
06/26/2025,18,7591
06/26/2025,19,7512
06/26/2025,20,7394
06/26/2025,21,7297
06/26/2025,22,7187
06/26/2025,23,6868
06/26/2025,24,6469
06/27/2025,1,6102
06/27/2025,2,5914
06/27/2025,3,5788
06/27/2025,4,5728
06/27/2025,5,5771
06/27/2025,6,5938
06/27/2025,7,6294
06/27/2025,8,6781
06/27/2025,9,7149
06/27/2025,10,7283
06/27/2025,11,7361
06/27/2025,12,7421
06/27/2025,13,7506
06/27/2025,14,7437
06/27/2025,15,7323
06/27/2025,16,7291
06/27/2025,17,7324
06/27/2025,18,7377
06/27/2025,19,7276
06/27/2025,20,7172
06/27/2025,21,7045
06/27/2025,22,6980
06/27/2025,23,6785
06/27/2025,24,6479
06/28/2025,1,6088
06/28/2025,2,5899
06/28/2025,3,5759
06/28/2025,4,5669
06/28/2025,5,5660
06/28/2025,6,5683
06/28/2025,7,5738
06/28/2025,8,6004
06/28/2025,9,6365
06/28/2025,10,6571
06/28/2025,11,6707
06/28/2025,12,6798
06/28/2025,13,6838
06/28/2025,14,6859
06/28/2025,15,6909
06/28/2025,16,6886
06/28/2025,17,7024
06/28/2025,18,7131
06/28/2025,19,7132
06/28/2025,20,7052
06/28/2025,21,6921
06/28/2025,22,6825
06/28/2025,23,6666
06/28/2025,24,6337
06/29/2025,1,5984
06/29/2025,2,5814
06/29/2025,3,5676
06/29/2025,4,5604
06/29/2025,5,5580
06/29/2025,6,5551
06/29/2025,7,5682
06/29/2025,8,5998
06/29/2025,9,6374
06/29/2025,10,6654
06/29/2025,11,6832
06/29/2025,12,6936
06/29/2025,13,7022
06/29/2025,14,7115
06/29/2025,15,7167
06/29/2025,16,7282
06/29/2025,17,7500
06/29/2025,18,7730
06/29/2025,19,7742
06/29/2025,20,7679
06/29/2025,21,7543
06/29/2025,22,7351
06/29/2025,23,7009
06/29/2025,24,6561
06/30/2025,1,6160
06/30/2025,2,5958
06/30/2025,3,5812
06/30/2025,4,5724
06/30/2025,5,5659
06/30/2025,6,5662
06/30/2025,7,5884
06/30/2025,8,6382
06/30/2025,9,6832
06/30/2025,10,7184
06/30/2025,11,7427
06/30/2025,12,7676
06/30/2025,13,8009
06/30/2025,14,7957
06/30/2025,15,8104
06/30/2025,16,8218
06/30/2025,17,8390
06/30/2025,18,8562
06/30/2025,19,8482
06/30/2025,20,8312
06/30/2025,21,7996
06/30/2025,22,7718
06/30/2025,23,7326
06/30/2025,24,6858
07/01/2025,1,6455
07/01/2025,2,6120
07/01/2025,3,5926
07/01/2025,4,5823
07/01/2025,5,5818
07/01/2025,6,5831
07/01/2025,7,6084
07/01/2025,8,6484
07/01/2025,9,6931
07/01/2025,10,7299
07/01/2025,11,7601
07/01/2025,12,7825
07/01/2025,13,7986
07/01/2025,14,8132
07/01/2025,15,8180
07/01/2025,16,8332
07/01/2025,17,8557
07/01/2025,18,8704
07/01/2025,19,8674
07/01/2025,20,8499
07/01/2025,21,8213
07/01/2025,22,7920
07/01/2025,23,7475
07/01/2025,24,7028
07/02/2025,1,6555
07/02/2025,2,6241
07/02/2025,3,6037
07/02/2025,4,5940
07/02/2025,5,5918
07/02/2025,6,6059
07/02/2025,7,6435
07/02/2025,8,6955
07/02/2025,9,7351
07/02/2025,10,7600
07/02/2025,11,7810
07/02/2025,12,7918
07/02/2025,13,8017
07/02/2025,14,8083
07/02/2025,15,8059
07/02/2025,16,8110
07/02/2025,17,8221
07/02/2025,18,8351
07/02/2025,19,8285
07/02/2025,20,8042
07/02/2025,21,7831
07/02/2025,22,7644
07/02/2025,23,7239
07/02/2025,24,6774
07/03/2025,1,6314
07/03/2025,2,6091
07/03/2025,3,5931
07/03/2025,4,5845
07/03/2025,5,5831
07/03/2025,6,5990
07/03/2025,7,6365
07/03/2025,8,6829
07/03/2025,9,7154
07/03/2025,10,7325
07/03/2025,11,7428
07/03/2025,12,7521
07/03/2025,13,7588
07/03/2025,14,7621
07/03/2025,15,7614
07/03/2025,16,7681
07/03/2025,17,7765
07/03/2025,18,7965
07/03/2025,19,7871
07/03/2025,20,7632
07/03/2025,21,7426
07/03/2025,22,7297
07/03/2025,23,6982
07/03/2025,24,6543
07/04/2025,1,6131
07/04/2025,2,5902
07/04/2025,3,5772
07/04/2025,4,5701
07/04/2025,5,5744
07/04/2025,6,5894
07/04/2025,7,6322
07/04/2025,8,6828
07/04/2025,9,7188
07/04/2025,10,7233
07/04/2025,11,7487
07/04/2025,12,7592
07/04/2025,13,7704
07/04/2025,14,7782
07/04/2025,15,7826
07/04/2025,16,7882
07/04/2025,17,7985
07/04/2025,18,8054
07/04/2025,19,7930
07/04/2025,20,7695
07/04/2025,21,7464
07/04/2025,22,7285
07/04/2025,23,6996
07/04/2025,24,6594
07/05/2025,1,6220
07/05/2025,2,5975
07/05/2025,3,5805
07/05/2025,4,5712
07/05/2025,5,5667
07/05/2025,6,5717
07/05/2025,7,5853
07/05/2025,8,6182
07/05/2025,9,6577
07/05/2025,10,6896
07/05/2025,11,7100
07/05/2025,12,7255
07/05/2025,13,7337
07/05/2025,14,7309
07/05/2025,15,7234
07/05/2025,16,7251
07/05/2025,17,7347
07/05/2025,18,7472
07/05/2025,19,7408
07/05/2025,20,7257
07/05/2025,21,7120
07/05/2025,22,6996
07/05/2025,23,6788
07/05/2025,24,6440
07/06/2025,1,6111
07/06/2025,2,5908
07/06/2025,3,5739
07/06/2025,4,5654
07/06/2025,5,5622
07/06/2025,6,5614
07/06/2025,7,5742
07/06/2025,8,6065
07/06/2025,9,6454
07/06/2025,10,6788
07/06/2025,11,7004
07/06/2025,12,7179
07/06/2025,13,7314
07/06/2025,14,7363
07/06/2025,15,7414
07/06/2025,16,7539
07/06/2025,17,7756
07/06/2025,18,7955
07/06/2025,19,7955
07/06/2025,20,7814
07/06/2025,21,7667
07/06/2025,22,7501
07/06/2025,23,7111
07/06/2025,24,6626
07/07/2025,1,6245
07/07/2025,2,5971
07/07/2025,3,5802
07/07/2025,4,5711
07/07/2025,5,5756
07/07/2025,6,5926
07/07/2025,7,6457
07/07/2025,8,7032
07/07/2025,9,7401
07/07/2025,10,7710
07/07/2025,11,7894
07/07/2025,12,8072
07/07/2025,13,8263
07/07/2025,14,8383
07/07/2025,15,8484
07/07/2025,16,8551
07/07/2025,17,8655
07/07/2025,18,8857
07/07/2025,19,8776
07/07/2025,20,8597
07/07/2025,21,8302
07/07/2025,22,8049
07/07/2025,23,7551
07/07/2025,24,6958
07/08/2025,1,6486
07/08/2025,2,6204
07/08/2025,3,6008
07/08/2025,4,5865
07/08/2025,5,5850
07/08/2025,6,5969
07/08/2025,7,6473
07/08/2025,8,7003
07/08/2025,9,7470
07/08/2025,10,7737
07/08/2025,11,7916
07/08/2025,12,8131
07/08/2025,13,8283
07/08/2025,14,8421
07/08/2025,15,8512
07/08/2025,16,8532
07/08/2025,17,8557
07/08/2025,18,8591
07/08/2025,19,8411
07/08/2025,20,8187
07/08/2025,21,7943
07/08/2025,22,7755
07/08/2025,23,7278
07/08/2025,24,6739
07/09/2025,1,6313
07/09/2025,2,6045
07/09/2025,3,5924
07/09/2025,4,5835
07/09/2025,5,5865
07/09/2025,6,6031
07/09/2025,7,6441
07/09/2025,8,6944
07/09/2025,9,7336
07/09/2025,10,7563
07/09/2025,11,7643
07/09/2025,12,7691
07/09/2025,13,7739
07/09/2025,14,7711
07/09/2025,15,7674
07/09/2025,16,7703
07/09/2025,17,7845
07/09/2025,18,7941
07/09/2025,19,7852
07/09/2025,20,7663
07/09/2025,21,7514
07/09/2025,22,7423
07/09/2025,23,7062
07/09/2025,24,6607
07/10/2025,1,6140
07/10/2025,2,5912
07/10/2025,3,5769
07/10/2025,4,5674
07/10/2025,5,5723
07/10/2025,6,5923
07/10/2025,7,6366
07/10/2025,8,6891
07/10/2025,9,7204
07/10/2025,10,7385
07/10/2025,11,7509
07/10/2025,12,7620
07/10/2025,13,7803
07/10/2025,14,7837
07/10/2025,15,7853
07/10/2025,16,7882
07/10/2025,17,7958
07/10/2025,18,8164
07/10/2025,19,8150
07/10/2025,20,8013
07/10/2025,21,7802
07/10/2025,22,7613
07/10/2025,23,7144
07/10/2025,24,6696
07/11/2025,1,6275
07/11/2025,2,6018
07/11/2025,3,5855
07/11/2025,4,5775
07/11/2025,5,5773
07/11/2025,6,5973
07/11/2025,7,6473
07/11/2025,8,7024
07/11/2025,9,7392
07/11/2025,10,7629
07/11/2025,11,7841
07/11/2025,12,8016
07/11/2025,13,8161
07/11/2025,14,8236
07/11/2025,15,8283
07/11/2025,16,8383
07/11/2025,17,8475
07/11/2025,18,8544
07/11/2025,19,8373
07/11/2025,20,8203
07/11/2025,21,7981
07/11/2025,22,7803
07/11/2025,23,7477
07/11/2025,24,7032
07/12/2025,1,6576
07/12/2025,2,6305
07/12/2025,3,6101
07/12/2025,4,5995
07/12/2025,5,5952
07/12/2025,6,5965
07/12/2025,7,6189
07/12/2025,8,6573
07/12/2025,9,7051
07/12/2025,10,7436
07/12/2025,11,7741
07/12/2025,12,7973
07/12/2025,13,8118
07/12/2025,14,8203
07/12/2025,15,8293
07/12/2025,16,8392
07/12/2025,17,8473
07/12/2025,18,8609
07/12/2025,19,8586
07/12/2025,20,8472
07/12/2025,21,8251
07/12/2025,22,8014
07/12/2025,23,7639
07/12/2025,24,7167
07/13/2025,1,6763
07/13/2025,2,6505
07/13/2025,3,6281
07/13/2025,4,6150
07/13/2025,5,6100
07/13/2025,6,6055
07/13/2025,7,6179
07/13/2025,8,6561
07/13/2025,9,7027
07/13/2025,10,7438
07/13/2025,11,7744
07/13/2025,12,7992
07/13/2025,13,8224
07/13/2025,14,8367
07/13/2025,15,8475
07/13/2025,16,8652
07/13/2025,17,8831
07/13/2025,18,8982
07/13/2025,19,8920
07/13/2025,20,8776
07/13/2025,21,8529
07/13/2025,22,8335
07/13/2025,23,7934
07/13/2025,24,7418
07/14/2025,1,6980
07/14/2025,2,6671
07/14/2025,3,6458
07/14/2025,4,6317
07/14/2025,5,6268
07/14/2025,6,6405
07/14/2025,7,6804
07/14/2025,8,7302
07/14/2025,9,7674
07/14/2025,10,7864
07/14/2025,11,8026
07/14/2025,12,8174
07/14/2025,13,8302
07/14/2025,14,8313
07/14/2025,15,8233
07/14/2025,16,8245
07/14/2025,17,8330
07/14/2025,18,8518
07/14/2025,19,8472
07/14/2025,20,8301
07/14/2025,21,8082
07/14/2025,22,7896
07/14/2025,23,7452
07/14/2025,24,6957
07/15/2025,1,6512
07/15/2025,2,6306
07/15/2025,3,6118
07/15/2025,4,6042
07/15/2025,5,6002
07/15/2025,6,6063
07/15/2025,7,6403
07/15/2025,8,6940
07/15/2025,9,7399
07/15/2025,10,7642
07/15/2025,11,7841
07/15/2025,12,8036
07/15/2025,13,8203
07/15/2025,14,8376
07/15/2025,15,8445
07/15/2025,16,8560
07/15/2025,17,8689
07/15/2025,18,8909
07/15/2025,19,8847
07/15/2025,20,8707
07/15/2025,21,8426
07/15/2025,22,8176
07/15/2025,23,7638
07/15/2025,24,7083
07/16/2025,1,6560
07/16/2025,2,6250
07/16/2025,3,6066
07/16/2025,4,5975
07/16/2025,5,5948
07/16/2025,6,6112
07/16/2025,7,6525
07/16/2025,8,7143
07/16/2025,9,7525
07/16/2025,10,7795
07/16/2025,11,7991
07/16/2025,12,8188
07/16/2025,13,8408
07/16/2025,14,8593
07/16/2025,15,8680
07/16/2025,16,8818
07/16/2025,17,8935
07/16/2025,18,9061
07/16/2025,19,8900
07/16/2025,20,8650
07/16/2025,21,8369
07/16/2025,22,8090
07/16/2025,23,7660
07/16/2025,24,7107
07/17/2025,1,6605
07/17/2025,2,6288
07/17/2025,3,6044
07/17/2025,4,5940
07/17/2025,5,5910
07/17/2025,6,6042
07/17/2025,7,6434
07/17/2025,8,7001
07/17/2025,9,7415
07/17/2025,10,7668
07/17/2025,11,7893
07/17/2025,12,8099
07/17/2025,13,8200
07/17/2025,14,8391
07/17/2025,15,8455
07/17/2025,16,8445
07/17/2025,17,8613
07/17/2025,18,8765
07/17/2025,19,8700
07/17/2025,20,8499
07/17/2025,21,8216
07/17/2025,22,8029
07/17/2025,23,7600
07/17/2025,24,7089
07/18/2025,1,6575
07/18/2025,2,6294
07/18/2025,3,6116
07/18/2025,4,6016
07/18/2025,5,6022
07/18/2025,6,6227
07/18/2025,7,6607
07/18/2025,8,7126
07/18/2025,9,7527
07/18/2025,10,7751
07/18/2025,11,7882
07/18/2025,12,7946
07/18/2025,13,7977
07/18/2025,14,8002
07/18/2025,15,7996
07/18/2025,16,8053
07/18/2025,17,8175
07/18/2025,18,8237
07/18/2025,19,8109
07/18/2025,20,7853
07/18/2025,21,7577
07/18/2025,22,7428
07/18/2025,23,7160
07/18/2025,24,6757
07/19/2025,1,6371
07/19/2025,2,6101
07/19/2025,3,5969
07/19/2025,4,5839
07/19/2025,5,5801
07/19/2025,6,5816
07/19/2025,7,5942
07/19/2025,8,6211
07/19/2025,9,6634
07/19/2025,10,6938
07/19/2025,11,7121
07/19/2025,12,7213
07/19/2025,13,7255
07/19/2025,14,7260
07/19/2025,15,7264
07/19/2025,16,7293
07/19/2025,17,7312
07/19/2025,18,7400
07/19/2025,19,7206
07/19/2025,20,6947
07/19/2025,21,6836
07/19/2025,22,6843
07/19/2025,23,6657
07/19/2025,24,6332
07/20/2025,1,6035
07/20/2025,2,5840
07/20/2025,3,5690
07/20/2025,4,5622
07/20/2025,5,5594
07/20/2025,6,5599
07/20/2025,7,5713
07/20/2025,8,5975
07/20/2025,9,6342
07/20/2025,10,6672
07/20/2025,11,6907
07/20/2025,12,7065
07/20/2025,13,7199
07/20/2025,14,7325
07/20/2025,15,7374
07/20/2025,16,7483
07/20/2025,17,7624
07/20/2025,18,7812
07/20/2025,19,7791
07/20/2025,20,7673
07/20/2025,21,7526
07/20/2025,22,7380
07/20/2025,23,7051
07/20/2025,24,6654
07/21/2025,1,6243
07/21/2025,2,6026
07/21/2025,3,5887
07/21/2025,4,5810
07/21/2025,5,5844
07/21/2025,6,6000
07/21/2025,7,6437
07/21/2025,8,6939
07/21/2025,9,7329
07/21/2025,10,7603
07/21/2025,11,7800
07/21/2025,12,7965
07/21/2025,13,8092
07/21/2025,14,8158
07/21/2025,15,8179
07/21/2025,16,8285
07/21/2025,17,8431
07/21/2025,18,8543
07/21/2025,19,8370
07/21/2025,20,8167
07/21/2025,21,7963
07/21/2025,22,7786
07/21/2025,23,7302
07/21/2025,24,6873
07/22/2025,1,6387
07/22/2025,2,6126
07/22/2025,3,5906
07/22/2025,4,5806
07/22/2025,5,5805
07/22/2025,6,6011
07/22/2025,7,6383
07/22/2025,8,6916
07/22/2025,9,7237
07/22/2025,10,7432
07/22/2025,11,7561
07/22/2025,12,7718
07/22/2025,13,7875
07/22/2025,14,7967
07/22/2025,15,8033
07/22/2025,16,8076
07/22/2025,17,8243
07/22/2025,18,8385
07/22/2025,19,8290
07/22/2025,20,8132
07/22/2025,21,7901
07/22/2025,22,7763
07/22/2025,23,7364
07/22/2025,24,6893
07/23/2025,1,6507
07/23/2025,2,6218
07/23/2025,3,6046
07/23/2025,4,5965
07/23/2025,5,5980
07/23/2025,6,6111
07/23/2025,7,6505
07/23/2025,8,7046
07/23/2025,9,7424
07/23/2025,10,7687
07/23/2025,11,7880
07/23/2025,12,8024
07/23/2025,13,8175
07/23/2025,14,8313
07/23/2025,15,8399
07/23/2025,16,8526
07/23/2025,17,8726
07/23/2025,18,8882
07/23/2025,19,8812
07/23/2025,20,8663
07/23/2025,21,8342
07/23/2025,22,8084
07/23/2025,23,7589
07/23/2025,24,7101
07/24/2025,1,6641
07/24/2025,2,6326
07/24/2025,3,6098
07/24/2025,4,5975
07/24/2025,5,5969
07/24/2025,6,6106
07/24/2025,7,6554
07/24/2025,8,7072
07/24/2025,9,7475
07/24/2025,10,7747
07/24/2025,11,7971
07/24/2025,12,8131
07/24/2025,13,8267
07/24/2025,14,8404
07/24/2025,15,8480
07/24/2025,16,8556
07/24/2025,17,8667
07/24/2025,18,8774
07/24/2025,19,8666
07/24/2025,20,8458
07/24/2025,21,8142
07/24/2025,22,7910
07/24/2025,23,7476
07/24/2025,24,6967
07/25/2025,1,6522
07/25/2025,2,6238
07/25/2025,3,6039
07/25/2025,4,5962
07/25/2025,5,5966
07/25/2025,6,6062
07/25/2025,7,6373
07/25/2025,8,6866
07/25/2025,9,7251
07/25/2025,10,7454
07/25/2025,11,7620
07/25/2025,12,7717
07/25/2025,13,7746
07/25/2025,14,7779
07/25/2025,15,7737
07/25/2025,16,7722
07/25/2025,17,7764
07/25/2025,18,7789
07/25/2025,19,7646
07/25/2025,20,7483
07/25/2025,21,7335
07/25/2025,22,7262
07/25/2025,23,6967
07/25/2025,24,6599
07/26/2025,1,6216
07/26/2025,2,5995
07/26/2025,3,5807
07/26/2025,4,5720
07/26/2025,5,5679
07/26/2025,6,5707
07/26/2025,7,5836
07/26/2025,8,6144
07/26/2025,9,6504
07/26/2025,10,6780
07/26/2025,11,6880
07/26/2025,12,6972
07/26/2025,13,7047
07/26/2025,14,7103
07/26/2025,15,7129
07/26/2025,16,7206
07/26/2025,17,7321
07/26/2025,18,7441
07/26/2025,19,7408
07/26/2025,20,7303
07/26/2025,21,7111
07/26/2025,22,7009
07/26/2025,23,6742
07/26/2025,24,6406
07/27/2025,1,6102
07/27/2025,2,5902
07/27/2025,3,5757
07/27/2025,4,5695
07/27/2025,5,5672
07/27/2025,6,5678
07/27/2025,7,5787
07/27/2025,8,6054
07/27/2025,9,6443
07/27/2025,10,6699
07/27/2025,11,6920
07/27/2025,12,7064
07/27/2025,13,7181
07/27/2025,14,7217
07/27/2025,15,7270
07/27/2025,16,7365
07/27/2025,17,7498
07/27/2025,18,7696
07/27/2025,19,7695
07/27/2025,20,7569
07/27/2025,21,7444
07/27/2025,22,7308
07/27/2025,23,6958
07/27/2025,24,6532
07/28/2025,1,6179
07/28/2025,2,5955
07/28/2025,3,5801
07/28/2025,4,5755
07/28/2025,5,5767
07/28/2025,6,5937
07/28/2025,7,6351
07/28/2025,8,6858
07/28/2025,9,7250
07/28/2025,10,7516
07/28/2025,11,7704
07/28/2025,12,7925
07/28/2025,13,8159
07/28/2025,14,8318
07/28/2025,15,8444
07/28/2025,16,8556
07/28/2025,17,8751
07/28/2025,18,8936
07/28/2025,19,8862
07/28/2025,20,8628
07/28/2025,21,8319
07/28/2025,22,8082
07/28/2025,23,7550
07/28/2025,24,7036
07/29/2025,1,6613
07/29/2025,2,6300
07/29/2025,3,6091
07/29/2025,4,5979
07/29/2025,5,5971
07/29/2025,6,6125
07/29/2025,7,6523
07/29/2025,8,7019
07/29/2025,9,7388
07/29/2025,10,7662
07/29/2025,11,7853
07/29/2025,12,8115
07/29/2025,13,8273
07/29/2025,14,8442
07/29/2025,15,8620
07/29/2025,16,8716
07/29/2025,17,8927
07/29/2025,18,9142
07/29/2025,19,9114
07/29/2025,20,8957
07/29/2025,21,8577
07/29/2025,22,8311
07/29/2025,23,7806
07/29/2025,24,7194
07/30/2025,1,6688
07/30/2025,2,6343
07/30/2025,3,6117
07/30/2025,4,5987
07/30/2025,5,6007
07/30/2025,6,6159
07/30/2025,7,6493
07/30/2025,8,7022
07/30/2025,9,7482
07/30/2025,10,7821
07/30/2025,11,8073
07/30/2025,12,8290
07/30/2025,13,8515
07/30/2025,14,8696
07/30/2025,15,8852
07/30/2025,16,8955
07/30/2025,17,9118
07/30/2025,18,9222
07/30/2025,19,9051
07/30/2025,20,8786
07/30/2025,21,8529
07/30/2025,22,8311
07/30/2025,23,7815
07/30/2025,24,7290
07/31/2025,1,6818
07/31/2025,2,6536
07/31/2025,3,6325
07/31/2025,4,6211
07/31/2025,5,6185
07/31/2025,6,6325
07/31/2025,7,6602
07/31/2025,8,7069
07/31/2025,9,7457
07/31/2025,10,7731
07/31/2025,11,7993
07/31/2025,12,8208
07/31/2025,13,8382
07/31/2025,14,8625
07/31/2025,15,8763
07/31/2025,16,8839
07/31/2025,17,9038
07/31/2025,18,8958
07/31/2025,19,8786
07/31/2025,20,8538
07/31/2025,21,8354
07/31/2025,22,8165
07/31/2025,23,7706
07/31/2025,24,7191
08/01/2025,1,6706
08/01/2025,2,6421
08/01/2025,3,6207
08/01/2025,4,6134
08/01/2025,5,6067
08/01/2025,6,6216
08/01/2025,7,6539
08/01/2025,8,7009
08/01/2025,9,7450
08/01/2025,10,7818
08/01/2025,11,8058
08/01/2025,12,8254
08/01/2025,13,8383
08/01/2025,14,8477
08/01/2025,15,8493
08/01/2025,16,8524
08/01/2025,17,8556
08/01/2025,18,8620
08/01/2025,19,8459
08/01/2025,20,8245
08/01/2025,21,8004
08/01/2025,22,7832
08/01/2025,23,7414
08/01/2025,24,6962
08/02/2025,1,6541
08/02/2025,2,6281
08/02/2025,3,6087
08/02/2025,4,5982
08/02/2025,5,5928
08/02/2025,6,5928
08/02/2025,7,6047
08/02/2025,8,6370
08/02/2025,9,6756
08/02/2025,10,7074
08/02/2025,11,7315
08/02/2025,12,7496
08/02/2025,13,7633
08/02/2025,14,7679
08/02/2025,15,7763
08/02/2025,16,7813
08/02/2025,17,7944
08/02/2025,18,8087
08/02/2025,19,7962
08/02/2025,20,7738
08/02/2025,21,7488
08/02/2025,22,7348
08/02/2025,23,6990
08/02/2025,24,6591
08/03/2025,1,6235
08/03/2025,2,6044
08/03/2025,3,5881
08/03/2025,4,5781
08/03/2025,5,5742
08/03/2025,6,5750
08/03/2025,7,5806
08/03/2025,8,6074
08/03/2025,9,6442
08/03/2025,10,6731
08/03/2025,11,6943
08/03/2025,12,7066
08/03/2025,13,7198
08/03/2025,14,7246
08/03/2025,15,7315
08/03/2025,16,7423
08/03/2025,17,7589
08/03/2025,18,7739
08/03/2025,19,7697
08/03/2025,20,7535
08/03/2025,21,7336
08/03/2025,22,7248
08/03/2025,23,6928
08/03/2025,24,6572
08/04/2025,1,6229
08/04/2025,2,6023
08/04/2025,3,5880
08/04/2025,4,5784
08/04/2025,5,5753
08/04/2025,6,5803
08/04/2025,7,5900
08/04/2025,8,6136
08/04/2025,9,6455
08/04/2025,10,6722
08/04/2025,11,6982
08/04/2025,12,7197
08/04/2025,13,7337
08/04/2025,14,7391
08/04/2025,15,7448
08/04/2025,16,7556
08/04/2025,17,7709
08/04/2025,18,7842
08/04/2025,19,7821
08/04/2025,20,7664
08/04/2025,21,7502
08/04/2025,22,7385
08/04/2025,23,6955
08/04/2025,24,6577
08/05/2025,1,6192
08/05/2025,2,6020
08/05/2025,3,5871
08/05/2025,4,5795
08/05/2025,5,5823
08/05/2025,6,6018
08/05/2025,7,6338
08/05/2025,8,6810
08/05/2025,9,7166
08/05/2025,10,7374
08/05/2025,11,7554
08/05/2025,12,7693
08/05/2025,13,7840
08/05/2025,14,7943
08/05/2025,15,7986
08/05/2025,16,8007
08/05/2025,17,8041
08/05/2025,18,8148
08/05/2025,19,8039
08/05/2025,20,7817
08/05/2025,21,7665
08/05/2025,22,7489
08/05/2025,23,7011
08/05/2025,24,6573
08/06/2025,1,6232
08/06/2025,2,6020
08/06/2025,3,5884
08/06/2025,4,5843
08/06/2025,5,5872
08/06/2025,6,6057
08/06/2025,7,6438
08/06/2025,8,6905
08/06/2025,9,7256
08/06/2025,10,7434
08/06/2025,11,7546
08/06/2025,12,7635
08/06/2025,13,7715
08/06/2025,14,7687
08/06/2025,15,7671
08/06/2025,16,7661
08/06/2025,17,7743
08/06/2025,18,7869
08/06/2025,19,7754
08/06/2025,20,7602
08/06/2025,21,7530
08/06/2025,22,7429
08/06/2025,23,6972
08/06/2025,24,6543
08/07/2025,1,6171
08/07/2025,2,5963
08/07/2025,3,5820
08/07/2025,4,5757
08/07/2025,5,5823
08/07/2025,6,5994
08/07/2025,7,6353
08/07/2025,8,6804
08/07/2025,9,7172
08/07/2025,10,7380
08/07/2025,11,7454
08/07/2025,12,7544
08/07/2025,13,7586
08/07/2025,14,7647
08/07/2025,15,7633
08/07/2025,16,7637
08/07/2025,17,7753
08/07/2025,18,7862
08/07/2025,19,7744
08/07/2025,20,7580
08/07/2025,21,7504
08/07/2025,22,7393
08/07/2025,23,7014
08/07/2025,24,6607
08/08/2025,1,6231
08/08/2025,2,5993
08/08/2025,3,5805
08/08/2025,4,5728
08/08/2025,5,5731
08/08/2025,6,5915
08/08/2025,7,6231
08/08/2025,8,6750
08/08/2025,9,7148
08/08/2025,10,7400
08/08/2025,11,7570
08/08/2025,12,7666
08/08/2025,13,7748
08/08/2025,14,7815
08/08/2025,15,7829
08/08/2025,16,7904
08/08/2025,17,7944
08/08/2025,18,7974
08/08/2025,19,7828
08/08/2025,20,7640
08/08/2025,21,7512
08/08/2025,22,7439
08/08/2025,23,7039
08/08/2025,24,6658
08/09/2025,1,6257
08/09/2025,2,6010
08/09/2025,3,5815
08/09/2025,4,5722
08/09/2025,5,5701
08/09/2025,6,5742
08/09/2025,7,5836
08/09/2025,8,6190
08/09/2025,9,6621
08/09/2025,10,6988
08/09/2025,11,7218
08/09/2025,12,7465
08/09/2025,13,7561
08/09/2025,14,7599
08/09/2025,15,7623
08/09/2025,16,7693
08/09/2025,17,7871
08/09/2025,18,8017
08/09/2025,19,7930
08/09/2025,20,7776
08/09/2025,21,7621
08/09/2025,22,7512
08/09/2025,23,7166
08/09/2025,24,6769
08/10/2025,1,6439
08/10/2025,2,6192
08/10/2025,3,6045
08/10/2025,4,5918
08/10/2025,5,5844
08/10/2025,6,5840
08/10/2025,7,5951
08/10/2025,8,6259
08/10/2025,9,6678
08/10/2025,10,7136
08/10/2025,11,7468
08/10/2025,12,7747
08/10/2025,13,7989
08/10/2025,14,8167
08/10/2025,15,8290
08/10/2025,16,8423
08/10/2025,17,8655
08/10/2025,18,8884
08/10/2025,19,8887
08/10/2025,20,8673
08/10/2025,21,8427
08/10/2025,22,8256
08/10/2025,23,7710
08/10/2025,24,7203
08/11/2025,1,6785
08/11/2025,2,6541
08/11/2025,3,6361
08/11/2025,4,6272
08/11/2025,5,6242
08/11/2025,6,6393
08/11/2025,7,6685
08/11/2025,8,7239
08/11/2025,9,7700
08/11/2025,10,8094
08/11/2025,11,8413
08/11/2025,12,8641
08/11/2025,13,8895
08/11/2025,14,9021
08/11/2025,15,9121
08/11/2025,16,9290
08/11/2025,17,9423
08/11/2025,18,9677
08/11/2025,19,9574
08/11/2025,20,9352
08/11/2025,21,8998
08/11/2025,22,8756
08/11/2025,23,8077
08/11/2025,24,7483
08/12/2025,1,6998
08/12/2025,2,6640
08/12/2025,3,6403
08/12/2025,4,6273
08/12/2025,5,6251
08/12/2025,6,6411
08/12/2025,7,6770
08/12/2025,8,7317
08/12/2025,9,7805
08/12/2025,10,8159
08/12/2025,11,8514
08/12/2025,12,8770
08/12/2025,13,8992
08/12/2025,14,9207
08/12/2025,15,9336
08/12/2025,16,9513
08/12/2025,17,9671
08/12/2025,18,9776
08/12/2025,19,9606
08/12/2025,20,9343
08/12/2025,21,9023
08/12/2025,22,8677
08/12/2025,23,7981
08/12/2025,24,7379
08/13/2025,1,6856
08/13/2025,2,6566
08/13/2025,3,6374
08/13/2025,4,6236
08/13/2025,5,6206
08/13/2025,6,6377
08/13/2025,7,6659
08/13/2025,8,7089
08/13/2025,9,7526
08/13/2025,10,7823
08/13/2025,11,8006
08/13/2025,12,8159
08/13/2025,13,8279
08/13/2025,14,8352
08/13/2025,15,8374
08/13/2025,16,8389
08/13/2025,17,8494
08/13/2025,18,8596
08/13/2025,19,8426
08/13/2025,20,8210
08/13/2025,21,8044
08/13/2025,22,7871
08/13/2025,23,7418
08/13/2025,24,6951
08/14/2025,1,6538
08/14/2025,2,6282
08/14/2025,3,6115
08/14/2025,4,6007
08/14/2025,5,6002
08/14/2025,6,6201
08/14/2025,7,6530
08/14/2025,8,6986
08/14/2025,9,7306
08/14/2025,10,7504
08/14/2025,11,7608
08/14/2025,12,7650
08/14/2025,13,7733
08/14/2025,14,7806
08/14/2025,15,7859
08/14/2025,16,7884
08/14/2025,17,7918
08/14/2025,18,7999
08/14/2025,19,7916
08/14/2025,20,7760
08/14/2025,21,7682
08/14/2025,22,7495
08/14/2025,23,7079
08/14/2025,24,6660
08/15/2025,1,6292
08/15/2025,2,6058
08/15/2025,3,5927
08/15/2025,4,5852
08/15/2025,5,5872
08/15/2025,6,6001
08/15/2025,7,6335
08/15/2025,8,6825
08/15/2025,9,7117
08/15/2025,10,7336
08/15/2025,11,7566
08/15/2025,12,7667
08/15/2025,13,7724
08/15/2025,14,7722
08/15/2025,15,7675
08/15/2025,16,7664
08/15/2025,17,7697
08/15/2025,18,7717
08/15/2025,19,7557
08/15/2025,20,7405
08/15/2025,21,7350
08/15/2025,22,7210
08/15/2025,23,6870
08/15/2025,24,6539
08/16/2025,1,6201
08/16/2025,2,5992
08/16/2025,3,5803
08/16/2025,4,5669
08/16/2025,5,5713
08/16/2025,6,5765
08/16/2025,7,5937
08/16/2025,8,6228
08/16/2025,9,6621
08/16/2025,10,6906
08/16/2025,11,7128
08/16/2025,12,7268
08/16/2025,13,7352
08/16/2025,14,7315
08/16/2025,15,7287
08/16/2025,16,7309
08/16/2025,17,7374
08/16/2025,18,7469
08/16/2025,19,7355
08/16/2025,20,7245
08/16/2025,21,7155
08/16/2025,22,6981
08/16/2025,23,6664
08/16/2025,24,6325
08/17/2025,1,6028
08/17/2025,2,5847
08/17/2025,3,5695
08/17/2025,4,5634
08/17/2025,5,5604
08/17/2025,6,5680
08/17/2025,7,5769
08/17/2025,8,6010
08/17/2025,9,6385
08/17/2025,10,6660
08/17/2025,11,6878
08/17/2025,12,7017
08/17/2025,13,7084
08/17/2025,14,7106
08/17/2025,15,7116
08/17/2025,16,7149
08/17/2025,17,7235
08/17/2025,18,7374
08/17/2025,19,7409
08/17/2025,20,7323
08/17/2025,21,7254
08/17/2025,22,7155
08/17/2025,23,6786
08/17/2025,24,6417
08/18/2025,1,6100
08/18/2025,2,5918
08/18/2025,3,5794
08/18/2025,4,5742
08/18/2025,5,5781
08/18/2025,6,6015
08/18/2025,7,6404
08/18/2025,8,6880
08/18/2025,9,7238
08/18/2025,10,7451
08/18/2025,11,7594
08/18/2025,12,7736
08/18/2025,13,7837
08/18/2025,14,7902
08/18/2025,15,7883
08/18/2025,16,7931
08/18/2025,17,8026
08/18/2025,18,8136
08/18/2025,19,8058
08/18/2025,20,7880
08/18/2025,21,7806
08/18/2025,22,7561
08/18/2025,23,7056
08/18/2025,24,6625
08/19/2025,1,6231
08/19/2025,2,6018
08/19/2025,3,5844
08/19/2025,4,5796
08/19/2025,5,5837
08/19/2025,6,6077
08/19/2025,7,6432
08/19/2025,8,6924
08/19/2025,9,7271
08/19/2025,10,7468
08/19/2025,11,7626
08/19/2025,12,7692
08/19/2025,13,7783
08/19/2025,14,7828
08/19/2025,15,7840
08/19/2025,16,7891
08/19/2025,17,8001
08/19/2025,18,8134
08/19/2025,19,7999
08/19/2025,20,7803
08/19/2025,21,7731
08/19/2025,22,7540
08/19/2025,23,7080
08/19/2025,24,6681
08/20/2025,1,6301
08/20/2025,2,6085
08/20/2025,3,5929
08/20/2025,4,5846
08/20/2025,5,5882
08/20/2025,6,6131
08/20/2025,7,6479
08/20/2025,8,6933
08/20/2025,9,7251
08/20/2025,10,7432
08/20/2025,11,7585
08/20/2025,12,7708
08/20/2025,13,7854
08/20/2025,14,7949
08/20/2025,15,7999
08/20/2025,16,8089
08/20/2025,17,8242
08/20/2025,18,8362
08/20/2025,19,8250
08/20/2025,20,7995
08/20/2025,21,7864
08/20/2025,22,7662
08/20/2025,23,7173
08/20/2025,24,6689
08/21/2025,1,6310
08/21/2025,2,6117
08/21/2025,3,5934
08/21/2025,4,5835
08/21/2025,5,5869
08/21/2025,6,6091
08/21/2025,7,6483
08/21/2025,8,6996
08/21/2025,9,7304
08/21/2025,10,7498
08/21/2025,11,7649
08/21/2025,12,7789
08/21/2025,13,7905
08/21/2025,14,8011
08/21/2025,15,8069
08/21/2025,16,8160
08/21/2025,17,8321
08/21/2025,18,8479
08/21/2025,19,8396
08/21/2025,20,8208
08/21/2025,21,8067
08/21/2025,22,7852
08/21/2025,23,7330
08/21/2025,24,6805
08/22/2025,1,6380
08/22/2025,2,6172
08/22/2025,3,5988
08/22/2025,4,5785
08/22/2025,5,5795
08/22/2025,6,5969
08/22/2025,7,6308
08/22/2025,8,6837
08/22/2025,9,7215
08/22/2025,10,7445
08/22/2025,11,7660
08/22/2025,12,7844
08/22/2025,13,7951
08/22/2025,14,8076
08/22/2025,15,8183
08/22/2025,16,8302
08/22/2025,17,8487
08/22/2025,18,8585
08/22/2025,19,8505
08/22/2025,20,8233
08/22/2025,21,7947
08/22/2025,22,7706
08/22/2025,23,7212
08/22/2025,24,6740
08/23/2025,1,6314
08/23/2025,2,6034
08/23/2025,3,5841
08/23/2025,4,5722
08/23/2025,5,5705
08/23/2025,6,5721
08/23/2025,7,5849
08/23/2025,8,6196
08/23/2025,9,6587
08/23/2025,10,6936
08/23/2025,11,7195
08/23/2025,12,7424
08/23/2025,13,7574
08/23/2025,14,7757
08/23/2025,15,7912
08/23/2025,16,8079
08/23/2025,17,8291
08/23/2025,18,8430
08/23/2025,19,8385
08/23/2025,20,8158
08/23/2025,21,7907
08/23/2025,22,7636
08/23/2025,23,7165
08/23/2025,24,6731
08/24/2025,1,6327
08/24/2025,2,6128
08/24/2025,3,5915
08/24/2025,4,5798
08/24/2025,5,5747
08/24/2025,6,5772
08/24/2025,7,5832
08/24/2025,8,6118
08/24/2025,9,6523
08/24/2025,10,6929
08/24/2025,11,7200
08/24/2025,12,7516
08/24/2025,13,7735
08/24/2025,14,7903
08/24/2025,15,8095
08/24/2025,16,8275
08/24/2025,17,8513
08/24/2025,18,8709
08/24/2025,19,8667
08/24/2025,20,8424
08/24/2025,21,8246
08/24/2025,22,7936
08/24/2025,23,7302
08/24/2025,24,6822
08/25/2025,1,6401
08/25/2025,2,6148
08/25/2025,3,5964
08/25/2025,4,5868
08/25/2025,5,5870
08/25/2025,6,6007
08/25/2025,7,6344
08/25/2025,8,6877
08/25/2025,9,7263
08/25/2025,10,7594
08/25/2025,11,7898
08/25/2025,12,8158
08/25/2025,13,8427
08/25/2025,14,8587
08/25/2025,15,8735
08/25/2025,16,8908
08/25/2025,17,9117
08/25/2025,18,9298
08/25/2025,19,9121
08/25/2025,20,8808
08/25/2025,21,8536
08/25/2025,22,8130
08/25/2025,23,7515
08/25/2025,24,6979
08/26/2025,1,6511
08/26/2025,2,6232
08/26/2025,3,6050
08/26/2025,4,5939
08/26/2025,5,5925
08/26/2025,6,6058
08/26/2025,7,6382
08/26/2025,8,6894
08/26/2025,9,7287
08/26/2025,10,7570
08/26/2025,11,7813
08/26/2025,12,8040
08/26/2025,13,8282
08/26/2025,14,8475
08/26/2025,15,8663
08/26/2025,16,8793
08/26/2025,17,8946
08/26/2025,18,9061
08/26/2025,19,8885
08/26/2025,20,8571
08/26/2025,21,8390
08/26/2025,22,8011
08/26/2025,23,7436
08/26/2025,24,6933
08/27/2025,1,6494
08/27/2025,2,6215
08/27/2025,3,6024
08/27/2025,4,5911
08/27/2025,5,5874
08/27/2025,6,6082
08/27/2025,7,6467
08/27/2025,8,6906
08/27/2025,9,7256
08/27/2025,10,7503
08/27/2025,11,7713
08/27/2025,12,7881
08/27/2025,13,8111
08/27/2025,14,8307
08/27/2025,15,8433
08/27/2025,16,8565
08/27/2025,17,8672
08/27/2025,18,8710
08/27/2025,19,8553
08/27/2025,20,8298
08/27/2025,21,8135
08/27/2025,22,7888
08/27/2025,23,7380
08/27/2025,24,6864
08/28/2025,1,6460
08/28/2025,2,6217
08/28/2025,3,6052
08/28/2025,4,5961
08/28/2025,5,5959
08/28/2025,6,6157
08/28/2025,7,6544
08/28/2025,8,7021
08/28/2025,9,7369
08/28/2025,10,7613
08/28/2025,11,7793
08/28/2025,12,7971
08/28/2025,13,8152
08/28/2025,14,8216
08/28/2025,15,8209
08/28/2025,16,8174
08/28/2025,17,8252
08/28/2025,18,8318
08/28/2025,19,8203
08/28/2025,20,8055
08/28/2025,21,8008
08/28/2025,22,7739
08/28/2025,23,7254
08/28/2025,24,6826
08/29/2025,1,6407
08/29/2025,2,6162
08/29/2025,3,5978
08/29/2025,4,5900
08/29/2025,5,5908
08/29/2025,6,6079
08/29/2025,7,6450
08/29/2025,8,6937
08/29/2025,9,7364
08/29/2025,10,7650
08/29/2025,11,7881
08/29/2025,12,8082
08/29/2025,13,8291
08/29/2025,14,8467
08/29/2025,15,8577
08/29/2025,16,8601
08/29/2025,17,8679
08/29/2025,18,8659
08/29/2025,19,8339
08/29/2025,20,8014
08/29/2025,21,7844
08/29/2025,22,7587
08/29/2025,23,7163
08/29/2025,24,6732
08/30/2025,1,6343
08/30/2025,2,6089
08/30/2025,3,5896
08/30/2025,4,5769
08/30/2025,5,5687
08/30/2025,6,5732
08/30/2025,7,5798
08/30/2025,8,6051
08/30/2025,9,6482
08/30/2025,10,6824
08/30/2025,11,7111
08/30/2025,12,7253
08/30/2025,13,7382
08/30/2025,14,7484
08/30/2025,15,7574
08/30/2025,16,7665
08/30/2025,17,7709
08/30/2025,18,7820
08/30/2025,19,7697
08/30/2025,20,7517
08/30/2025,21,7416
08/30/2025,22,7177
08/30/2025,23,6816
08/30/2025,24,6438
08/31/2025,1,6046
08/31/2025,2,5839
08/31/2025,3,5684
08/31/2025,4,5611
08/31/2025,5,5569
08/31/2025,6,5614
08/31/2025,7,5682
08/31/2025,8,5952
08/31/2025,9,6325
08/31/2025,10,6655
08/31/2025,11,6913
08/31/2025,12,7138
08/31/2025,13,7297
08/31/2025,14,7320
08/31/2025,15,7359
08/31/2025,16,7470
08/31/2025,17,7638
08/31/2025,18,7770
08/31/2025,19,7667
08/31/2025,20,7473
08/31/2025,21,7373
08/31/2025,22,7097
08/31/2025,23,6750
08/31/2025,24,6359
09/01/2025,1,6031
09/01/2025,2,5811
09/01/2025,3,5685
09/01/2025,4,5600
09/01/2025,5,5571
09/01/2025,6,5634
09/01/2025,7,5742
09/01/2025,8,5989
09/01/2025,9,6336
09/01/2025,10,6654
09/01/2025,11,6939
09/01/2025,12,7121
09/01/2025,13,7240
09/01/2025,14,7373
09/01/2025,15,7510
09/01/2025,16,7658
09/01/2025,17,7914
09/01/2025,18,8079
09/01/2025,19,7953
09/01/2025,20,7742
09/01/2025,21,7652
09/01/2025,22,7308
09/01/2025,23,6778
09/01/2025,24,6352
09/02/2025,1,5956
09/02/2025,2,5759
09/02/2025,3,5624
09/02/2025,4,5554
09/02/2025,5,5581
09/02/2025,6,5792
09/02/2025,7,6226
09/02/2025,8,6768
09/02/2025,9,7097
09/02/2025,10,7328
09/02/2025,11,7527
09/02/2025,12,7707
09/02/2025,13,7894
09/02/2025,14,8074
09/02/2025,15,8205
09/02/2025,16,8331
09/02/2025,17,8562
09/02/2025,18,8709
09/02/2025,19,8625
09/02/2025,20,8373
09/02/2025,21,8205
09/02/2025,22,7760
09/02/2025,23,7161
09/02/2025,24,6671
09/03/2025,1,6286
09/03/2025,2,6027
09/03/2025,3,5855
09/03/2025,4,5742
09/03/2025,5,5711
09/03/2025,6,5918
09/03/2025,7,6358
09/03/2025,8,6906
09/03/2025,9,7178
09/03/2025,10,7379
09/03/2025,11,7631
09/03/2025,12,7875
09/03/2025,13,8109
09/03/2025,14,8282
09/03/2025,15,8413
09/03/2025,16,8614
09/03/2025,17,8844
09/03/2025,18,8988
09/03/2025,19,8848
09/03/2025,20,8586
09/03/2025,21,8388
09/03/2025,22,7900
09/03/2025,23,7308
09/03/2025,24,6780
09/04/2025,1,6351
09/04/2025,2,6072
09/04/2025,3,5857
09/04/2025,4,5817
09/04/2025,5,5805
09/04/2025,6,6030
09/04/2025,7,6458
09/04/2025,8,7022
09/04/2025,9,7308
09/04/2025,10,7477
09/04/2025,11,7655
09/04/2025,12,7781
09/04/2025,13,7887
09/04/2025,14,7963
09/04/2025,15,8042
09/04/2025,16,8150
09/04/2025,17,8273
09/04/2025,18,8371
09/04/2025,19,8231
09/04/2025,20,8050
09/04/2025,21,7928
09/04/2025,22,7553
09/04/2025,23,7041
09/04/2025,24,6590
09/05/2025,1,6207
09/05/2025,2,5970
09/05/2025,3,5845
09/05/2025,4,5766
09/05/2025,5,5803
09/05/2025,6,6018
09/05/2025,7,6416
09/05/2025,8,6903
09/05/2025,9,7126
09/05/2025,10,7312
09/05/2025,11,7494
09/05/2025,12,7689
09/05/2025,13,7826
09/05/2025,14,7981
09/05/2025,15,8064
09/05/2025,16,8226
09/05/2025,17,8323
09/05/2025,18,8318
09/05/2025,19,8195
09/05/2025,20,7973
09/05/2025,21,7884
09/05/2025,22,7593
09/05/2025,23,7186
09/05/2025,24,6756
09/06/2025,1,6371
09/06/2025,2,6171
09/06/2025,3,6007
09/06/2025,4,5882
09/06/2025,5,5842
09/06/2025,6,5890
09/06/2025,7,6035
09/06/2025,8,6293
09/06/2025,9,6679
09/06/2025,10,6966
09/06/2025,11,7185
09/06/2025,12,7329
09/06/2025,13,7429
09/06/2025,14,7491
09/06/2025,15,7534
09/06/2025,16,7545
09/06/2025,17,7639
09/06/2025,18,7687
09/06/2025,19,7568
09/06/2025,20,7404
09/06/2025,21,7323
09/06/2025,22,7055
09/06/2025,23,6712
09/06/2025,24,6401
09/07/2025,1,6037
09/07/2025,2,5843
09/07/2025,3,5693
09/07/2025,4,5591
09/07/2025,5,5564
09/07/2025,6,5617
09/07/2025,7,5733
09/07/2025,8,5986
09/07/2025,9,6349
09/07/2025,10,6614
09/07/2025,11,6814
09/07/2025,12,6949
09/07/2025,13,7023
09/07/2025,14,7054
09/07/2025,15,7111
09/07/2025,16,7181
09/07/2025,17,7370
09/07/2025,18,7503
09/07/2025,19,7440
09/07/2025,20,7412
09/07/2025,21,7338
09/07/2025,22,7067
09/07/2025,23,6635
09/07/2025,24,6263
09/08/2025,1,5995
09/08/2025,2,5821
09/08/2025,3,5671
09/08/2025,4,5638
09/08/2025,5,5717
09/08/2025,6,5970
09/08/2025,7,6417
09/08/2025,8,6978
09/08/2025,9,7247
09/08/2025,10,7396
09/08/2025,11,7468
09/08/2025,12,7612
09/08/2025,13,7763
09/08/2025,14,7843
09/08/2025,15,7864
09/08/2025,16,8004
09/08/2025,17,8155
09/08/2025,18,8311
09/08/2025,19,8173
09/08/2025,20,8043
09/08/2025,21,7958
09/08/2025,22,7613
09/08/2025,23,7095
09/08/2025,24,6650
09/09/2025,1,6338
09/09/2025,2,6142
09/09/2025,3,5974
09/09/2025,4,5912
09/09/2025,5,5976
09/09/2025,6,6214
09/09/2025,7,6661
09/09/2025,8,7182
09/09/2025,9,7331
09/09/2025,10,7438
09/09/2025,11,7576
09/09/2025,12,7671
09/09/2025,13,7769
09/09/2025,14,7838
09/09/2025,15,7860
09/09/2025,16,7955
09/09/2025,17,8138
09/09/2025,18,8229
09/09/2025,19,8086
09/09/2025,20,7941
09/09/2025,21,7851
09/09/2025,22,7495
09/09/2025,23,7017
09/09/2025,24,6622
09/10/2025,1,6281
09/10/2025,2,6085
09/10/2025,3,5945
09/10/2025,4,5915
09/10/2025,5,5977
09/10/2025,6,6210
09/10/2025,7,6648
09/10/2025,8,7169
09/10/2025,9,7352
09/10/2025,10,7509
09/10/2025,11,7618
09/10/2025,12,7695
09/10/2025,13,7825
09/10/2025,14,7917
09/10/2025,15,7952
09/10/2025,16,8096
09/10/2025,17,8291
09/10/2025,18,8388
09/10/2025,19,8169
09/10/2025,20,8024
09/10/2025,21,7972
09/10/2025,22,7593
09/10/2025,23,7070
09/10/2025,24,6622
09/11/2025,1,6252
09/11/2025,2,6061
09/11/2025,3,5933
09/11/2025,4,5875
09/11/2025,5,5915
09/11/2025,6,6154
09/11/2025,7,6573
09/11/2025,8,7165
09/11/2025,9,7389
09/11/2025,10,7516
09/11/2025,11,7558
09/11/2025,12,7623
09/11/2025,13,7755
09/11/2025,14,7847
09/11/2025,15,7910
09/11/2025,16,8068
09/11/2025,17,8203
09/11/2025,18,8283
09/11/2025,19,8153
09/11/2025,20,8036
09/11/2025,21,7946
09/11/2025,22,7582
09/11/2025,23,7149
09/11/2025,24,6721
09/12/2025,1,6304
09/12/2025,2,6109
09/12/2025,3,5949
09/12/2025,4,5891
09/12/2025,5,5950
09/12/2025,6,6148
09/12/2025,7,6582
09/12/2025,8,7104
09/12/2025,9,7329
09/12/2025,10,7488
09/12/2025,11,7589
09/12/2025,12,7638
09/12/2025,13,7733
09/12/2025,14,7749
09/12/2025,15,7799
09/12/2025,16,7886
09/12/2025,17,7951
09/12/2025,18,7990
09/12/2025,19,7832
09/12/2025,20,7752
09/12/2025,21,7682
09/12/2025,22,7372
09/12/2025,23,6977
09/12/2025,24,6593
09/13/2025,1,6286
09/13/2025,2,6036
09/13/2025,3,5875
09/13/2025,4,5816
09/13/2025,5,5767
09/13/2025,6,5833
09/13/2025,7,6019
09/13/2025,8,6300
09/13/2025,9,6689
09/13/2025,10,6934
09/13/2025,11,7094
09/13/2025,12,7240
09/13/2025,13,7309
09/13/2025,14,7356
09/13/2025,15,7410
09/13/2025,16,7509
09/13/2025,17,7653
09/13/2025,18,7736
09/13/2025,19,7667
09/13/2025,20,7572
09/13/2025,21,7458
09/13/2025,22,7164
09/13/2025,23,6780
09/13/2025,24,6467
09/14/2025,1,6154
09/14/2025,2,5980
09/14/2025,3,5833
09/14/2025,4,5739
09/14/2025,5,5720
09/14/2025,6,5723
09/14/2025,7,5807
09/14/2025,8,6008
09/14/2025,9,6406
09/14/2025,10,6760
09/14/2025,11,6940
09/14/2025,12,7090
09/14/2025,13,7103
09/14/2025,14,7130
09/14/2025,15,7068
09/14/2025,16,7025
09/14/2025,17,7125
09/14/2025,18,7256
09/14/2025,19,7255
09/14/2025,20,7328
09/14/2025,21,7251
09/14/2025,22,6940
09/14/2025,23,6544
09/14/2025,24,6160
09/15/2025,1,5874
09/15/2025,2,5711
09/15/2025,3,5594
09/15/2025,4,5527
09/15/2025,5,5590
09/15/2025,6,5816
09/15/2025,7,6262
09/15/2025,8,6598
09/15/2025,9,6784
09/15/2025,10,6912
09/15/2025,11,6987
09/15/2025,12,7076
09/15/2025,13,7180
09/15/2025,14,7241
09/15/2025,15,7279
09/15/2025,16,7354
09/15/2025,17,7557
09/15/2025,18,7749
09/15/2025,19,7677
09/15/2025,20,7577
09/15/2025,21,7416
09/15/2025,22,7022
09/15/2025,23,6492
09/15/2025,24,6080
09/16/2025,1,5770
09/16/2025,2,5618
09/16/2025,3,5501
09/16/2025,4,5471
09/16/2025,5,5525
09/16/2025,6,5797
09/16/2025,7,6219
09/16/2025,8,6750
09/16/2025,9,6921
09/16/2025,10,7014
09/16/2025,11,7108
09/16/2025,12,7220
09/16/2025,13,7357
09/16/2025,14,7466
09/16/2025,15,7563
09/16/2025,16,7710
09/16/2025,17,7989
09/16/2025,18,8187
09/16/2025,19,8054
09/16/2025,20,7962
09/16/2025,21,7803
09/16/2025,22,7434
09/16/2025,23,6821
09/16/2025,24,6349
09/17/2025,1,5968
09/17/2025,2,5734
09/17/2025,3,5588
09/17/2025,4,5524
09/17/2025,5,5574
09/17/2025,6,5791
09/17/2025,7,6229
09/17/2025,8,6807
09/17/2025,9,7011
09/17/2025,10,7161
09/17/2025,11,7284
09/17/2025,12,7414
09/17/2025,13,7614
09/17/2025,14,7727
09/17/2025,15,7786
09/17/2025,16,7846
09/17/2025,17,7972
09/17/2025,18,8073
09/17/2025,19,7900
09/17/2025,20,7832
09/17/2025,21,7688
09/17/2025,22,7316
09/17/2025,23,6881
09/17/2025,24,6455
09/18/2025,1,6028
09/18/2025,2,5731
09/18/2025,3,5583
09/18/2025,4,5525
09/18/2025,5,5539
09/18/2025,6,5798
09/18/2025,7,6272
09/18/2025,8,6851
09/18/2025,9,7093
09/18/2025,10,7204
09/18/2025,11,7246
09/18/2025,12,7263
09/18/2025,13,7346
09/18/2025,14,7383
09/18/2025,15,7422
09/18/2025,16,7523
09/18/2025,17,7646
09/18/2025,18,7776
09/18/2025,19,7645
09/18/2025,20,7626
09/18/2025,21,7476
09/18/2025,22,7190
09/18/2025,23,6692
09/18/2025,24,6325
09/19/2025,1,5986
09/19/2025,2,5814
09/19/2025,3,5704
09/19/2025,4,5670
09/19/2025,5,5715
09/19/2025,6,5933
09/19/2025,7,6369
09/19/2025,8,6933
09/19/2025,9,7173
09/19/2025,10,7244
09/19/2025,11,7353
09/19/2025,12,7408
09/19/2025,13,7418
09/19/2025,14,7410
09/19/2025,15,7404
09/19/2025,16,7484
09/19/2025,17,7554
09/19/2025,18,7595
09/19/2025,19,7445
09/19/2025,20,7394
09/19/2025,21,7278
09/19/2025,22,6973
09/19/2025,23,6597
09/19/2025,24,6245
09/20/2025,1,5893
09/20/2025,2,5697
09/20/2025,3,5563
09/20/2025,4,5502
09/20/2025,5,5504
09/20/2025,6,5580
09/20/2025,7,5749
09/20/2025,8,6057
09/20/2025,9,6451
09/20/2025,10,6647
09/20/2025,11,6777
09/20/2025,12,6852
09/20/2025,13,6931
09/20/2025,14,6972
09/20/2025,15,6998
09/20/2025,16,7094
09/20/2025,17,7167
09/20/2025,18,7299
09/20/2025,19,7194
09/20/2025,20,7164
09/20/2025,21,7022
09/20/2025,22,6738
09/20/2025,23,6404
09/20/2025,24,6104
09/21/2025,1,5790
09/21/2025,2,5616
09/21/2025,3,5495
09/21/2025,4,5445
09/21/2025,5,5434
09/21/2025,6,5486
09/21/2025,7,5613
09/21/2025,8,5888
09/21/2025,9,6222
09/21/2025,10,6517
09/21/2025,11,6705
09/21/2025,12,6773
09/21/2025,13,6828
09/21/2025,14,6795
09/21/2025,15,6795
09/21/2025,16,6830
09/21/2025,17,7015
09/21/2025,18,7189
09/21/2025,19,7156
09/21/2025,20,7193
09/21/2025,21,7044
09/21/2025,22,6699
09/21/2025,23,6248
09/21/2025,24,5903
09/22/2025,1,5621
09/22/2025,2,5465
09/22/2025,3,5364
09/22/2025,4,5366
09/22/2025,5,5447
09/22/2025,6,5735
09/22/2025,7,6280
09/22/2025,8,6904
09/22/2025,9,7151
09/22/2025,10,7215
09/22/2025,11,7242
09/22/2025,12,7303
09/22/2025,13,7302
09/22/2025,14,7308
09/22/2025,15,7297
09/22/2025,16,7370
09/22/2025,17,7473
09/22/2025,18,7651
09/22/2025,19,7574
09/22/2025,20,7571
09/22/2025,21,7421
09/22/2025,22,7093
09/22/2025,23,6600
09/22/2025,24,6170
09/23/2025,1,5868
09/23/2025,2,5708
09/23/2025,3,5573
09/23/2025,4,5529
09/23/2025,5,5575
09/23/2025,6,5872
09/23/2025,7,6410
09/23/2025,8,6991
09/23/2025,9,7167
09/23/2025,10,7199
09/23/2025,11,7253
09/23/2025,12,7325
09/23/2025,13,7339
09/23/2025,14,7409
09/23/2025,15,7399
09/23/2025,16,7477
09/23/2025,17,7595
09/23/2025,18,7748
09/23/2025,19,7648
09/23/2025,20,7578
09/23/2025,21,7421
09/23/2025,22,7079
09/23/2025,23,6639
09/23/2025,24,6228
09/24/2025,1,5859
09/24/2025,2,5652
09/24/2025,3,5536
09/24/2025,4,5510
09/24/2025,5,5555
09/24/2025,6,5814
09/24/2025,7,6315
09/24/2025,8,6858
09/24/2025,9,7058
09/24/2025,10,7097
09/24/2025,11,7174
09/24/2025,12,7249
09/24/2025,13,7376
09/24/2025,14,7376
09/24/2025,15,7361
09/24/2025,16,7417
09/24/2025,17,7619
09/24/2025,18,7753
09/24/2025,19,7664
09/24/2025,20,7652
09/24/2025,21,7464
09/24/2025,22,7126
09/24/2025,23,6683
09/24/2025,24,6289
09/25/2025,1,5918
09/25/2025,2,5757
09/25/2025,3,5655
09/25/2025,4,5613
09/25/2025,5,5673
09/25/2025,6,6085
09/25/2025,7,6757
09/25/2025,8,7342
09/25/2025,9,7407
09/25/2025,10,7265
09/25/2025,11,7329
09/25/2025,12,7397
09/25/2025,13,7414
09/25/2025,14,7418
09/25/2025,15,7346
09/25/2025,16,7243
09/25/2025,17,7314
09/25/2025,18,7437
09/25/2025,19,7412
09/25/2025,20,7448
09/25/2025,21,7354
09/25/2025,22,7148
09/25/2025,23,6698
09/25/2025,24,6400
09/26/2025,1,6093
09/26/2025,2,5920
09/26/2025,3,5815
09/26/2025,4,5811
09/26/2025,5,5841
09/26/2025,6,6107
09/26/2025,7,6665
09/26/2025,8,7212
09/26/2025,9,7435
09/26/2025,10,7518
09/26/2025,11,7567
09/26/2025,12,7519
09/26/2025,13,7486
09/26/2025,14,7493
09/26/2025,15,7458
09/26/2025,16,7484
09/26/2025,17,7586
09/26/2025,18,7725
09/26/2025,19,7670
09/26/2025,20,7695
09/26/2025,21,7486
09/26/2025,22,7202
09/26/2025,23,6807
09/26/2025,24,6450
09/27/2025,1,6107
09/27/2025,2,5930
09/27/2025,3,5789
09/27/2025,4,5720
09/27/2025,5,5727
09/27/2025,6,5817
09/27/2025,7,6053
09/27/2025,8,6384
09/27/2025,9,6754
09/27/2025,10,7045
09/27/2025,11,7160
09/27/2025,12,7192
09/27/2025,13,7158
09/27/2025,14,7146
09/27/2025,15,7077
09/27/2025,16,7063
09/27/2025,17,7195
09/27/2025,18,7281
09/27/2025,19,7279
09/27/2025,20,7273
09/27/2025,21,7132
09/27/2025,22,6916
09/27/2025,23,6642
09/27/2025,24,6321
09/28/2025,1,6067
09/28/2025,2,5915
09/28/2025,3,5782
09/28/2025,4,5683
09/28/2025,5,5609
09/28/2025,6,5558
09/28/2025,7,5713
09/28/2025,8,5988
09/28/2025,9,6350
09/28/2025,10,6624
09/28/2025,11,6754
09/28/2025,12,6784
09/28/2025,13,6829
09/28/2025,14,6875
09/28/2025,15,6857
09/28/2025,16,6902
09/28/2025,17,7045
09/28/2025,18,7315
09/28/2025,19,7347
09/28/2025,20,7391
09/28/2025,21,7194
09/28/2025,22,6909
09/28/2025,23,6528
09/28/2025,24,6224
09/29/2025,1,5969
09/29/2025,2,5854
09/29/2025,3,5738
09/29/2025,4,5751
09/29/2025,5,5797
09/29/2025,6,5965
09/29/2025,7,6444
09/29/2025,8,7017
09/29/2025,9,7366
09/29/2025,10,7519
09/29/2025,11,7595
09/29/2025,12,7634
09/29/2025,13,7692
09/29/2025,14,7651
09/29/2025,15,7601
09/29/2025,16,7577
09/29/2025,17,7672
09/29/2025,18,7796
09/29/2025,19,7735
09/29/2025,20,7695
09/29/2025,21,7451
09/29/2025,22,7183
09/29/2025,23,6791
09/29/2025,24,6493
09/30/2025,1,6175
09/30/2025,2,6006
09/30/2025,3,5884
09/30/2025,4,5835
09/30/2025,5,5849
09/30/2025,6,5967
09/30/2025,7,6190
09/30/2025,8,6558
09/30/2025,9,6875
09/30/2025,10,7125
09/30/2025,11,7225
09/30/2025,12,7302
09/30/2025,13,7285
09/30/2025,14,7246
09/30/2025,15,7198
09/30/2025,16,7237
09/30/2025,17,7361
09/30/2025,18,7604
09/30/2025,19,7622
09/30/2025,20,7592
09/30/2025,21,7375
09/30/2025,22,7060
09/30/2025,23,6670
09/30/2025,24,6328
10/01/2025,1,6075
10/01/2025,2,5929
10/01/2025,3,5838
10/01/2025,4,5807
10/01/2025,5,5863
10/01/2025,6,6140
10/01/2025,7,6654
10/01/2025,8,7255
10/01/2025,9,7447
10/01/2025,10,7505
10/01/2025,11,7552
10/01/2025,12,7600
10/01/2025,13,7577
10/01/2025,14,7545
10/01/2025,15,7516
10/01/2025,16,7516
10/01/2025,17,7617
10/01/2025,18,7772
10/01/2025,19,7821
10/01/2025,20,7818
10/01/2025,21,7585
10/01/2025,22,7278
10/01/2025,23,6866
10/01/2025,24,6483
10/02/2025,1,6169
10/02/2025,2,6000
10/02/2025,3,5867
10/02/2025,4,5826
10/02/2025,5,5882
10/02/2025,6,6149
10/02/2025,7,6616
10/02/2025,8,7208
10/02/2025,9,7424
10/02/2025,10,7557
10/02/2025,11,7589
10/02/2025,12,7620
10/02/2025,13,7611
10/02/2025,14,7554
10/02/2025,15,7505
10/02/2025,16,7532
10/02/2025,17,7617
10/02/2025,18,7788
10/02/2025,19,7742
10/02/2025,20,7840
10/02/2025,21,7594
10/02/2025,22,7317
10/02/2025,23,6897
10/02/2025,24,6528
10/03/2025,1,6176
10/03/2025,2,6012
10/03/2025,3,5914
10/03/2025,4,5871
10/03/2025,5,5962
10/03/2025,6,6240
10/03/2025,7,6802
10/03/2025,8,7407
10/03/2025,9,7599
10/03/2025,10,7618
10/03/2025,11,7604
10/03/2025,12,7620
10/03/2025,13,7585
10/03/2025,14,7518
10/03/2025,15,7434
10/03/2025,16,7457
10/03/2025,17,7549
10/03/2025,18,7623
10/03/2025,19,7636
10/03/2025,20,7616
10/03/2025,21,7440
10/03/2025,22,7196
10/03/2025,23,6896
10/03/2025,24,6575
10/04/2025,1,6283
10/04/2025,2,6095
10/04/2025,3,5950
10/04/2025,4,5892
10/04/2025,5,5910
10/04/2025,6,5999
10/04/2025,7,6211
10/04/2025,8,6560
10/04/2025,9,6924
10/04/2025,10,7142
10/04/2025,11,7229
10/04/2025,12,7211
10/04/2025,13,7184
10/04/2025,14,7124
10/04/2025,15,7112
10/04/2025,16,7084
10/04/2025,17,7167
10/04/2025,18,7284
10/04/2025,19,7322
10/04/2025,20,7394
10/04/2025,21,7232
10/04/2025,22,7010
10/04/2025,23,6753
10/04/2025,24,6467
10/05/2025,1,6227
10/05/2025,2,6088
10/05/2025,3,5958
10/05/2025,4,5882
10/05/2025,5,5794
10/05/2025,6,5820
10/05/2025,7,6056
10/05/2025,8,6393
10/05/2025,9,6729
10/05/2025,10,6877
10/05/2025,11,6904
10/05/2025,12,6894
10/05/2025,13,6896
10/05/2025,14,6825
10/05/2025,15,6798
10/05/2025,16,6791
10/05/2025,17,6976
10/05/2025,18,7159
10/05/2025,19,7266
10/05/2025,20,7355
10/05/2025,21,7198
10/05/2025,22,6927
10/05/2025,23,6542
10/05/2025,24,6241
10/06/2025,1,6006
10/06/2025,2,5885
10/06/2025,3,5815
10/06/2025,4,5807
10/06/2025,5,5908
10/06/2025,6,6223
10/06/2025,7,6869
10/06/2025,8,7494
10/06/2025,9,7672
10/06/2025,10,7624
10/06/2025,11,7571
10/06/2025,12,7495
10/06/2025,13,7473
10/06/2025,14,7396
10/06/2025,15,7313
10/06/2025,16,7316
10/06/2025,17,7425
10/06/2025,18,7615
10/06/2025,19,7593
10/06/2025,20,7631
10/06/2025,21,7390
10/06/2025,22,7066
10/06/2025,23,6631
10/06/2025,24,6286
10/07/2025,1,5938
10/07/2025,2,5772
10/07/2025,3,5697
10/07/2025,4,5680
10/07/2025,5,5819
10/07/2025,6,6107
10/07/2025,7,6685
10/07/2025,8,7315
10/07/2025,9,7488
10/07/2025,10,7465
10/07/2025,11,7420
10/07/2025,12,7395
10/07/2025,13,7365
10/07/2025,14,7299
10/07/2025,15,7229
10/07/2025,16,7243
10/07/2025,17,7367
10/07/2025,18,7507
10/07/2025,19,7525
10/07/2025,20,7562
10/07/2025,21,7321
10/07/2025,22,7032
10/07/2025,23,6606
10/07/2025,24,6222
10/08/2025,1,5886
10/08/2025,2,5733
10/08/2025,3,5622
10/08/2025,4,5597
10/08/2025,5,5722
10/08/2025,6,6033
10/08/2025,7,6592
10/08/2025,8,7259
10/08/2025,9,7471
10/08/2025,10,7490
10/08/2025,11,7447
10/08/2025,12,7389
10/08/2025,13,7392
10/08/2025,14,7297
10/08/2025,15,7170
10/08/2025,16,7201
10/08/2025,17,7342
10/08/2025,18,7551
10/08/2025,19,7657
10/08/2025,20,7742
10/08/2025,21,7577
10/08/2025,22,7262
10/08/2025,23,6847
10/08/2025,24,6477
10/09/2025,1,6153
10/09/2025,2,5974
10/09/2025,3,5888
10/09/2025,4,5852
10/09/2025,5,5921
10/09/2025,6,6209
10/09/2025,7,6740
10/09/2025,8,7383
10/09/2025,9,7584
10/09/2025,10,7561
10/09/2025,11,7524
10/09/2025,12,7486
10/09/2025,13,7434
10/09/2025,14,7377
10/09/2025,15,7304
10/09/2025,16,7296
10/09/2025,17,7405
10/09/2025,18,7590
10/09/2025,19,7690
10/09/2025,20,7732
10/09/2025,21,7573
10/09/2025,22,7360
10/09/2025,23,6982
10/09/2025,24,6660
10/10/2025,1,6362
10/10/2025,2,6247
10/10/2025,3,6142
10/10/2025,4,6117
10/10/2025,5,6177
10/10/2025,6,6450
10/10/2025,7,6994
10/10/2025,8,7632
10/10/2025,9,7872
10/10/2025,10,7960
10/10/2025,11,8006
10/10/2025,12,8008
10/10/2025,13,7982
10/10/2025,14,7936
10/10/2025,15,7838
10/10/2025,16,7826
10/10/2025,17,7900
10/10/2025,18,8017
10/10/2025,19,8056
10/10/2025,20,7946
10/10/2025,21,7742
10/10/2025,22,7444
10/10/2025,23,7089
10/10/2025,24,6735
10/11/2025,1,6456
10/11/2025,2,6269
10/11/2025,3,6129
10/11/2025,4,6084
10/11/2025,5,6106
10/11/2025,6,6225
10/11/2025,7,6478
10/11/2025,8,6830
10/11/2025,9,7194
10/11/2025,10,7523
10/11/2025,11,7622
10/11/2025,12,7699
10/11/2025,13,7682
10/11/2025,14,7628
10/11/2025,15,7527
10/11/2025,16,7491
10/11/2025,17,7570
10/11/2025,18,7651
10/11/2025,19,7665
10/11/2025,20,7678
10/11/2025,21,7526
10/11/2025,22,7318
10/11/2025,23,7008
10/11/2025,24,6749
10/12/2025,1,6472
10/12/2025,2,6347
10/12/2025,3,6250
10/12/2025,4,6224
10/12/2025,5,6188
10/12/2025,6,6147
10/12/2025,7,6364
10/12/2025,8,6688
10/12/2025,9,7033
10/12/2025,10,7316
10/12/2025,11,7509
10/12/2025,12,7627
10/12/2025,13,7674
10/12/2025,14,7670
10/12/2025,15,7662
10/12/2025,16,7645
10/12/2025,17,7684
10/12/2025,18,7663
10/12/2025,19,7618
10/12/2025,20,7632
10/12/2025,21,7531
10/12/2025,22,7386
10/12/2025,23,7110
10/12/2025,24,6888
10/13/2025,1,6693
10/13/2025,2,6598
10/13/2025,3,6522
10/13/2025,4,6540
10/13/2025,5,6589
10/13/2025,6,6749
10/13/2025,7,7027
10/13/2025,8,7383
10/13/2025,9,7676
10/13/2025,10,7792
10/13/2025,11,7824
10/13/2025,12,7818
10/13/2025,13,7745
10/13/2025,14,7689
10/13/2025,15,7621
10/13/2025,16,7613
10/13/2025,17,7732
10/13/2025,18,7850
10/13/2025,19,7963
10/13/2025,20,8054
10/13/2025,21,7977
10/13/2025,22,7756
10/13/2025,23,7367
10/13/2025,24,7123
10/14/2025,1,6876
10/14/2025,2,6829
10/14/2025,3,6799
10/14/2025,4,6793
10/14/2025,5,6962
10/14/2025,6,7296
10/14/2025,7,7976
10/14/2025,8,8690
10/14/2025,9,8789
10/14/2025,10,8648
10/14/2025,11,8452
10/14/2025,12,8274
10/14/2025,13,8149
10/14/2025,14,8034
10/14/2025,15,7906
10/14/2025,16,7870
10/14/2025,17,7989
10/14/2025,18,8222
10/14/2025,19,8413
10/14/2025,20,8504
10/14/2025,21,8358
10/14/2025,22,8076
10/14/2025,23,7612
10/14/2025,24,7258
10/15/2025,1,6965
10/15/2025,2,6845
10/15/2025,3,6794
10/15/2025,4,6801
10/15/2025,5,6907
10/15/2025,6,7325
10/15/2025,7,7979
10/15/2025,8,8659
10/15/2025,9,8779
10/15/2025,10,8624
10/15/2025,11,8467
10/15/2025,12,8325
10/15/2025,13,8129
10/15/2025,14,7933
10/15/2025,15,7840
10/15/2025,16,7807
10/15/2025,17,7957
10/15/2025,18,8198
10/15/2025,19,8372
10/15/2025,20,8395
10/15/2025,21,8190
10/15/2025,22,7908
10/15/2025,23,7512
10/15/2025,24,7157
10/16/2025,1,6865
10/16/2025,2,6741
10/16/2025,3,6658
10/16/2025,4,6684
10/16/2025,5,6831
10/16/2025,6,7171
10/16/2025,7,7867
10/16/2025,8,8557
10/16/2025,9,8668
10/16/2025,10,8607
10/16/2025,11,8492
10/16/2025,12,8395
10/16/2025,13,8354
10/16/2025,14,8276
10/16/2025,15,8134
10/16/2025,16,8096
10/16/2025,17,8245
10/16/2025,18,8486
10/16/2025,19,8607
10/16/2025,20,8556
10/16/2025,21,8320
10/16/2025,22,7974
10/16/2025,23,7527
10/16/2025,24,7101
10/17/2025,1,6825
10/17/2025,2,6631
10/17/2025,3,6544
10/17/2025,4,6521
10/17/2025,5,6563
10/17/2025,6,6905
10/17/2025,7,7445
10/17/2025,8,8082
10/17/2025,9,8282
10/17/2025,10,8304
10/17/2025,11,8275
10/17/2025,12,8120
10/17/2025,13,7976
10/17/2025,14,7906
10/17/2025,15,7784
10/17/2025,16,7768
10/17/2025,17,7887
10/17/2025,18,8077
10/17/2025,19,8200
10/17/2025,20,8204
10/17/2025,21,8077
10/17/2025,22,7864
10/17/2025,23,7548
10/17/2025,24,7208
10/18/2025,1,6914
10/18/2025,2,6755
10/18/2025,3,6633
10/18/2025,4,6546
10/18/2025,5,6591
10/18/2025,6,6746
10/18/2025,7,7014
10/18/2025,8,7434
10/18/2025,9,7790
10/18/2025,10,8040
10/18/2025,11,8165
10/18/2025,12,8250
10/18/2025,13,8243
10/18/2025,14,8224
10/18/2025,15,8195
10/18/2025,16,8271
10/18/2025,17,8404
10/18/2025,18,8573
10/18/2025,19,8536
10/18/2025,20,8367
10/18/2025,21,8180
10/18/2025,22,7940
10/18/2025,23,7580
10/18/2025,24,7269
10/19/2025,1,6962
10/19/2025,2,6794
10/19/2025,3,6656
10/19/2025,4,6556
10/19/2025,5,6537
10/19/2025,6,6633
10/19/2025,7,6856
10/19/2025,8,7231
10/19/2025,9,7594
10/19/2025,10,7873
10/19/2025,11,7979
10/19/2025,12,8015
10/19/2025,13,7950
10/19/2025,14,7849
10/19/2025,15,7741
10/19/2025,16,7744
10/19/2025,17,7834
10/19/2025,18,8064
10/19/2025,19,8181
10/19/2025,20,8135
10/19/2025,21,7974
10/19/2025,22,7672
10/19/2025,23,7262
10/19/2025,24,6879
10/20/2025,1,6599
10/20/2025,2,6479
10/20/2025,3,6405
10/20/2025,4,6407
10/20/2025,5,6526
10/20/2025,6,6834
10/20/2025,7,7466
10/20/2025,8,8193
10/20/2025,9,8364
10/20/2025,10,8411
10/20/2025,11,8389
10/20/2025,12,8360
10/20/2025,13,8376
10/20/2025,14,8375
10/20/2025,15,8300
10/20/2025,16,8337
10/20/2025,17,8454
10/20/2025,18,8688
10/20/2025,19,8731
10/20/2025,20,8515
10/20/2025,21,8239
10/20/2025,22,7939
10/20/2025,23,7452
10/20/2025,24,7071
10/21/2025,1,6736
10/21/2025,2,6534
10/21/2025,3,6428
10/21/2025,4,6325
10/21/2025,5,6296
10/21/2025,6,6557
10/21/2025,7,7160
10/21/2025,8,7892
10/21/2025,9,8038
10/21/2025,10,8051
10/21/2025,11,7967
10/21/2025,12,7894
10/21/2025,13,7822
10/21/2025,14,7673
10/21/2025,15,7538
10/21/2025,16,7509
10/21/2025,17,7674
10/21/2025,18,7963
10/21/2025,19,8128
10/21/2025,20,8106
10/21/2025,21,7943
10/21/2025,22,7657
10/21/2025,23,7222
10/21/2025,24,6884
10/22/2025,1,6568
10/22/2025,2,6445
10/22/2025,3,6363
10/22/2025,4,6346
10/22/2025,5,6432
10/22/2025,6,6779
10/22/2025,7,7438
10/22/2025,8,8129
10/22/2025,9,8285
10/22/2025,10,8294
10/22/2025,11,8221
10/22/2025,12,8131
10/22/2025,13,8145
10/22/2025,14,8192
10/22/2025,15,8071
10/22/2025,16,7932
10/22/2025,17,8039
10/22/2025,18,8350
10/22/2025,19,8490
10/22/2025,20,8431
10/22/2025,21,8237
10/22/2025,22,7926
10/22/2025,23,7508
10/22/2025,24,7099
10/23/2025,1,6813
10/23/2025,2,6682
10/23/2025,3,6611
10/23/2025,4,6614
10/23/2025,5,6678
10/23/2025,6,6960
10/23/2025,7,7554
10/23/2025,8,8128
10/23/2025,9,8116
10/23/2025,10,8034
10/23/2025,11,8084
10/23/2025,12,8033
10/23/2025,13,8006
10/23/2025,14,7918
10/23/2025,15,7862
10/23/2025,16,7869
10/23/2025,17,8023
10/23/2025,18,8288
10/23/2025,19,8338
10/23/2025,20,8205
10/23/2025,21,7997
10/23/2025,22,7705
10/23/2025,23,7312
10/23/2025,24,6947
10/24/2025,1,6597
10/24/2025,2,6452
10/24/2025,3,6367
10/24/2025,4,6342
10/24/2025,5,6388
10/24/2025,6,6644
10/24/2025,7,7181
10/24/2025,8,7767
10/24/2025,9,8103
10/24/2025,10,8237
10/24/2025,11,8362
10/24/2025,12,8449
10/24/2025,13,8406
10/24/2025,14,8349
10/24/2025,15,8250
10/24/2025,16,8265
10/24/2025,17,8353
10/24/2025,18,8472
10/24/2025,19,8434
10/24/2025,20,8291
10/24/2025,21,8113
10/24/2025,22,7879
10/24/2025,23,7550
10/24/2025,24,7215
10/25/2025,1,6907
10/25/2025,2,6754
10/25/2025,3,6620
10/25/2025,4,6573
10/25/2025,5,6602
10/25/2025,6,6738
10/25/2025,7,7027
10/25/2025,8,7424
10/25/2025,9,7834
10/25/2025,10,8105
10/25/2025,11,8257
10/25/2025,12,8343
10/25/2025,13,8340
10/25/2025,14,8314
10/25/2025,15,8190
10/25/2025,16,8286
10/25/2025,17,8443
10/25/2025,18,8626
10/25/2025,19,8611
10/25/2025,20,8339
10/25/2025,21,8196
10/25/2025,22,7942
10/25/2025,23,7615
10/25/2025,24,7356
10/26/2025,1,7097
10/26/2025,2,6906
10/26/2025,3,6752
10/26/2025,4,6662
10/26/2025,5,6701
10/26/2025,6,6760
10/26/2025,7,7015
10/26/2025,8,7374
10/26/2025,9,7760
10/26/2025,10,8048
10/26/2025,11,8130
10/26/2025,12,8170
10/26/2025,13,8119
10/26/2025,14,8207
10/26/2025,15,8122
10/26/2025,16,8194
10/26/2025,17,8416
10/26/2025,18,8696
10/26/2025,19,8849
10/26/2025,20,8774
10/26/2025,21,8554
10/26/2025,22,8244
10/26/2025,23,7808
10/26/2025,24,7430
10/27/2025,1,7144
10/27/2025,2,6998
10/27/2025,3,6919
10/27/2025,4,6925
10/27/2025,5,7002
10/27/2025,6,7332
10/27/2025,7,8006
10/27/2025,8,8781
10/27/2025,9,8986
10/27/2025,10,8916
10/27/2025,11,8760
10/27/2025,12,8589
10/27/2025,13,8507
10/27/2025,14,8369
10/27/2025,15,8224
10/27/2025,16,8265
10/27/2025,17,8435
10/27/2025,18,8747
10/27/2025,19,8953
10/27/2025,20,8841
10/27/2025,21,8664
10/27/2025,22,8350
10/27/2025,23,7878
10/27/2025,24,7475
10/28/2025,1,7177
10/28/2025,2,7019
10/28/2025,3,6976
10/28/2025,4,6899
10/28/2025,5,6899
10/28/2025,6,7132
10/28/2025,7,7716
10/28/2025,8,8480
10/28/2025,9,8650
10/28/2025,10,8699
10/28/2025,11,8692
10/28/2025,12,8721
10/28/2025,13,8715
10/28/2025,14,8656
10/28/2025,15,8562
10/28/2025,16,8615
10/28/2025,17,8800
10/28/2025,18,9036
10/28/2025,19,9023
10/28/2025,20,8808
10/28/2025,21,8591
10/28/2025,22,8194
10/28/2025,23,7680
10/28/2025,24,7206
10/29/2025,1,6808
10/29/2025,2,6638
10/29/2025,3,6529
10/29/2025,4,6471
10/29/2025,5,6586
10/29/2025,6,6898
10/29/2025,7,7481
10/29/2025,8,8206
10/29/2025,9,8361
10/29/2025,10,8314
10/29/2025,11,8225
10/29/2025,12,8083
10/29/2025,13,7970
10/29/2025,14,7887
10/29/2025,15,7761
10/29/2025,16,7765
10/29/2025,17,7958
10/29/2025,18,8280
10/29/2025,19,8414
10/29/2025,20,8277
10/29/2025,21,8127
10/29/2025,22,7865
10/29/2025,23,7475
10/29/2025,24,7073
10/30/2025,1,6725
10/30/2025,2,6636
10/30/2025,3,6577
10/30/2025,4,6560
10/30/2025,5,6663
10/30/2025,6,7022
10/30/2025,7,7653
10/30/2025,8,8433
10/30/2025,9,8634
10/30/2025,10,8584
10/30/2025,11,8451
10/30/2025,12,8326
10/30/2025,13,8174
10/30/2025,14,8070
10/30/2025,15,7941
10/30/2025,16,7930
10/30/2025,17,8085
10/30/2025,18,8410
10/30/2025,19,8648
10/30/2025,20,8568
10/30/2025,21,8413
10/30/2025,22,8107
10/30/2025,23,7649
10/30/2025,24,7280
10/31/2025,1,6971
10/31/2025,2,6812
10/31/2025,3,6673
10/31/2025,4,6651
10/31/2025,5,6737
10/31/2025,6,7077
10/31/2025,7,7629
10/31/2025,8,8324
10/31/2025,9,8585
10/31/2025,10,8655
10/31/2025,11,8704
10/31/2025,12,8734
10/31/2025,13,8756
10/31/2025,14,8694
10/31/2025,15,8617
10/31/2025,16,8628
10/31/2025,17,8708
10/31/2025,18,8755
10/31/2025,19,8492
10/31/2025,20,8197
10/31/2025,21,7961
10/31/2025,22,7760
10/31/2025,23,7410
10/31/2025,24,7117
11/01/2025,1,6727
11/01/2025,2,6602
11/01/2025,3,6518
11/01/2025,4,6478
11/01/2025,5,6538
11/01/2025,6,6656
11/01/2025,7,6907
11/01/2025,8,7326
11/01/2025,9,7710
11/01/2025,10,8039
11/01/2025,11,8222
11/01/2025,12,8284
11/01/2025,13,8209
11/01/2025,14,8059
11/01/2025,15,7973
11/01/2025,16,7935
11/01/2025,17,8073
11/01/2025,18,8279
11/01/2025,19,8333
11/01/2025,20,8146
11/01/2025,21,7979
11/01/2025,22,7838
11/01/2025,23,7570
11/01/2025,24,7256
11/02/2025,1,7043
11/02/2025,2*,6759
11/02/2025,2,6859
11/02/2025,3,6720
11/02/2025,4,6685
11/02/2025,5,6765
11/02/2025,6,6968
11/02/2025,7,7285
11/02/2025,8,7694
11/02/2025,9,7956
11/02/2025,10,8061
11/02/2025,11,8075
11/02/2025,12,7998
11/02/2025,13,7940
11/02/2025,14,7893
11/02/2025,15,7915
11/02/2025,16,8116
11/02/2025,17,8481
11/02/2025,18,8861
11/02/2025,19,8741
11/02/2025,20,8520
11/02/2025,21,8271
11/02/2025,22,7954
11/02/2025,23,7522
11/02/2025,24,7182
11/03/2025,1,6968
11/03/2025,2,6825
11/03/2025,3,6778
11/03/2025,4,6763
11/03/2025,5,6932
11/03/2025,6,7317
11/03/2025,7,8008
11/03/2025,8,8633
11/03/2025,9,8799
11/03/2025,10,8828
11/03/2025,11,8801
11/03/2025,12,8732
11/03/2025,13,8631
11/03/2025,14,8555
11/03/2025,15,8495
11/03/2025,16,8523
11/03/2025,17,8840
11/03/2025,18,9370
11/03/2025,19,9263
11/03/2025,20,9030
11/03/2025,21,8679
11/03/2025,22,8279
11/03/2025,23,7837
11/03/2025,24,7409
11/04/2025,1,7143
11/04/2025,2,7006
11/04/2025,3,6952
11/04/2025,4,6939
11/04/2025,5,7133
11/04/2025,6,7526
11/04/2025,7,8193
11/04/2025,8,8846
11/04/2025,9,8839
11/04/2025,10,8736
11/04/2025,11,8510
11/04/2025,12,8386
11/04/2025,13,8332
11/04/2025,14,8276
11/04/2025,15,8245
11/04/2025,16,8371
11/04/2025,17,8723
11/04/2025,18,9074
11/04/2025,19,8892
11/04/2025,20,8723
11/04/2025,21,8517
11/04/2025,22,8190
11/04/2025,23,7754
11/04/2025,24,7357
11/05/2025,1,7061
11/05/2025,2,6904
11/05/2025,3,6814
11/05/2025,4,6805
11/05/2025,5,6907
11/05/2025,6,7263
11/05/2025,7,7928
11/05/2025,8,8494
11/05/2025,9,8681
11/05/2025,10,8713
11/05/2025,11,8745
11/05/2025,12,8717
11/05/2025,13,8761
11/05/2025,14,8672
11/05/2025,15,8616
11/05/2025,16,8699
11/05/2025,17,8881
11/05/2025,18,9143
11/05/2025,19,8945
11/05/2025,20,8738
11/05/2025,21,8471
11/05/2025,22,8109
11/05/2025,23,7643
11/05/2025,24,7294
11/06/2025,1,7001
11/06/2025,2,6838
11/06/2025,3,6739
11/06/2025,4,6698
11/06/2025,5,6795
11/06/2025,6,7183
11/06/2025,7,7779
11/06/2025,8,8377
11/06/2025,9,8466
11/06/2025,10,8436
11/06/2025,11,8399
11/06/2025,12,8412
11/06/2025,13,8486
11/06/2025,14,8459
11/06/2025,15,8438
11/06/2025,16,8573
11/06/2025,17,8886
11/06/2025,18,9068
11/06/2025,19,8940
11/06/2025,20,8726
11/06/2025,21,8481
11/06/2025,22,8116
11/06/2025,23,7711
11/06/2025,24,7361
11/07/2025,1,7069
11/07/2025,2,6897
11/07/2025,3,6797
11/07/2025,4,6732
11/07/2025,5,6729
11/07/2025,6,6992
11/07/2025,7,7547
11/07/2025,8,8146
11/07/2025,9,8296
11/07/2025,10,8325
11/07/2025,11,8266
11/07/2025,12,8163
11/07/2025,13,8030
11/07/2025,14,7966
11/07/2025,15,7942
11/07/2025,16,8033
11/07/2025,17,8347
11/07/2025,18,8647
11/07/2025,19,8493
11/07/2025,20,8298
11/07/2025,21,8151
11/07/2025,22,7905
11/07/2025,23,7574
11/07/2025,24,7251
11/08/2025,1,6980
11/08/2025,2,6853
11/08/2025,3,6764
11/08/2025,4,6733
11/08/2025,5,6795
11/08/2025,6,6979
11/08/2025,7,7306
11/08/2025,8,7669
11/08/2025,9,7968
11/08/2025,10,8043
11/08/2025,11,8030
11/08/2025,12,7974
11/08/2025,13,7931
11/08/2025,14,7846
11/08/2025,15,7837
11/08/2025,16,7970
11/08/2025,17,8290
11/08/2025,18,8515
11/08/2025,19,8352
11/08/2025,20,8155
11/08/2025,21,7976
11/08/2025,22,7733
11/08/2025,23,7403
11/08/2025,24,7105
11/09/2025,1,6877
11/09/2025,2,6758
11/09/2025,3,6659
11/09/2025,4,6627
11/09/2025,5,6669
11/09/2025,6,6828
11/09/2025,7,7125
11/09/2025,8,7463
11/09/2025,9,7752
11/09/2025,10,7884
11/09/2025,11,7849
11/09/2025,12,7776
11/09/2025,13,7735
11/09/2025,14,7691
11/09/2025,15,7685
11/09/2025,16,7835
11/09/2025,17,8233
11/09/2025,18,8483
11/09/2025,19,8332
11/09/2025,20,8137
11/09/2025,21,7911
11/09/2025,22,7603
11/09/2025,23,7216
11/09/2025,24,6888
11/10/2025,1,6624
11/10/2025,2,6467
11/10/2025,3,6288
11/10/2025,4,6160
11/10/2025,5,6272
11/10/2025,6,6559
11/10/2025,7,7121
11/10/2025,8,7751
11/10/2025,9,7990
11/10/2025,10,8044
11/10/2025,11,7955
11/10/2025,12,7928
11/10/2025,13,7916
11/10/2025,14,7915
11/10/2025,15,7900
11/10/2025,16,7963
11/10/2025,17,8321
11/10/2025,18,8644
11/10/2025,19,8483
11/10/2025,20,8238
11/10/2025,21,8002
11/10/2025,22,7701
11/10/2025,23,7336
11/10/2025,24,7024
11/11/2025,1,6735
11/11/2025,2,6573
11/11/2025,3,6463
11/11/2025,4,6461
11/11/2025,5,6555
11/11/2025,6,6802
11/11/2025,7,7176
11/11/2025,8,7537
11/11/2025,9,7784
11/11/2025,10,7892
11/11/2025,11,7877
11/11/2025,12,7809
11/11/2025,13,7735
11/11/2025,14,7625
11/11/2025,15,7630
11/11/2025,16,7754
11/11/2025,17,8213
11/11/2025,18,8642
11/11/2025,19,8507
11/11/2025,20,8327
11/11/2025,21,8074
11/11/2025,22,7757
11/11/2025,23,7344
11/11/2025,24,6996
11/12/2025,1,6759
11/12/2025,2,6679
11/12/2025,3,6604
11/12/2025,4,6635
11/12/2025,5,6760
11/12/2025,6,7186
11/12/2025,7,7862
11/12/2025,8,8539
11/12/2025,9,8686
11/12/2025,10,8705
11/12/2025,11,8688
11/12/2025,12,8654
11/12/2025,13,8656
11/12/2025,14,8639
11/12/2025,15,8640
11/12/2025,16,8664
11/12/2025,17,8992
11/12/2025,18,9226
11/12/2025,19,9034
11/12/2025,20,8811
11/12/2025,21,8506
11/12/2025,22,8146
11/12/2025,23,7688
11/12/2025,24,7326
11/13/2025,1,6999
11/13/2025,2,6809
11/13/2025,3,6694
11/13/2025,4,6657
11/13/2025,5,6723
11/13/2025,6,7032
11/13/2025,7,7604
11/13/2025,8,8179
11/13/2025,9,8392
11/13/2025,10,8442
11/13/2025,11,8513
11/13/2025,12,8582
11/13/2025,13,8601
11/13/2025,14,8570
11/13/2025,15,8548
11/13/2025,16,8581
11/13/2025,17,8833
11/13/2025,18,9113
11/13/2025,19,8926
11/13/2025,20,8738
11/13/2025,21,8497
11/13/2025,22,8182
11/13/2025,23,7730
11/13/2025,24,7386
11/14/2025,1,7071
11/14/2025,2,6912
11/14/2025,3,6800
11/14/2025,4,6799
11/14/2025,5,6892
11/14/2025,6,7203
11/14/2025,7,7871
11/14/2025,8,8521
11/14/2025,9,8725
11/14/2025,10,8760
11/14/2025,11,8773
11/14/2025,12,8744
11/14/2025,13,8709
11/14/2025,14,8652
11/14/2025,15,8580
11/14/2025,16,8580
11/14/2025,17,8877
11/14/2025,18,9040
11/14/2025,19,8839
11/14/2025,20,8651
11/14/2025,21,8482
11/14/2025,22,8229
11/14/2025,23,7873
11/14/2025,24,7550
11/15/2025,1,7223
11/15/2025,2,7000
11/15/2025,3,6855
11/15/2025,4,6777
11/15/2025,5,6813
11/15/2025,6,6931
11/15/2025,7,7180
11/15/2025,8,7535
11/15/2025,9,7889
11/15/2025,10,8112
11/15/2025,11,8193
11/15/2025,12,8220
11/15/2025,13,8194
11/15/2025,14,8142
11/15/2025,15,8166
11/15/2025,16,8212
11/15/2025,17,8485
11/15/2025,18,8665
11/15/2025,19,8466
11/15/2025,20,8217
11/15/2025,21,8014
11/15/2025,22,7754
11/15/2025,23,7453
11/15/2025,24,7150
11/16/2025,1,6917
11/16/2025,2,6770
11/16/2025,3,6640
11/16/2025,4,6607
11/16/2025,5,6606
11/16/2025,6,6728
11/16/2025,7,6992
11/16/2025,8,7307
11/16/2025,9,7643
11/16/2025,10,7911
11/16/2025,11,8011
11/16/2025,12,8094
11/16/2025,13,8155
11/16/2025,14,8164
11/16/2025,15,8130
11/16/2025,16,8211
11/16/2025,17,8544
11/16/2025,18,8724
11/16/2025,19,8509
11/16/2025,20,8313
11/16/2025,21,8057
11/16/2025,22,7727
11/16/2025,23,7327
11/16/2025,24,7011
11/17/2025,1,6718
11/17/2025,2,6580
11/17/2025,3,6521
11/17/2025,4,6504
11/17/2025,5,6629
11/17/2025,6,6982
11/17/2025,7,7591
11/17/2025,8,8200
11/17/2025,9,8451
11/17/2025,10,8444
11/17/2025,11,8458
11/17/2025,12,8483
11/17/2025,13,8470
11/17/2025,14,8486
11/17/2025,15,8454
11/17/2025,16,8507
11/17/2025,17,8764
11/17/2025,18,9123
11/17/2025,19,9007
11/17/2025,20,8783
11/17/2025,21,8519
11/17/2025,22,8188
11/17/2025,23,7726
11/17/2025,24,7348
11/18/2025,1,7023
11/18/2025,2,6882
11/18/2025,3,6770
11/18/2025,4,6782
11/18/2025,5,6904
11/18/2025,6,7243
11/18/2025,7,7888
11/18/2025,8,8542
11/18/2025,9,8704
11/18/2025,10,8701
11/18/2025,11,8677
11/18/2025,12,8612
11/18/2025,13,8550
11/18/2025,14,8514
11/18/2025,15,8482
11/18/2025,16,8576
11/18/2025,17,8981
11/18/2025,18,9313
11/18/2025,19,9189
11/18/2025,20,9008
11/18/2025,21,8792
11/18/2025,22,8529
11/18/2025,23,8080
11/18/2025,24,7730
11/19/2025,1,7422
11/19/2025,2,7273
11/19/2025,3,7177
11/19/2025,4,7139
11/19/2025,5,7257
11/19/2025,6,7632
11/19/2025,7,8281
11/19/2025,8,8966
11/19/2025,9,9137
11/19/2025,10,9045
11/19/2025,11,8951
11/19/2025,12,8767
11/19/2025,13,8707
11/19/2025,14,8551
11/19/2025,15,8520
11/19/2025,16,8702
11/19/2025,17,9076
11/19/2025,18,9366
11/19/2025,19,9265
11/19/2025,20,9059
11/19/2025,21,8810
11/19/2025,22,8469
11/19/2025,23,7964
11/19/2025,24,7565
11/20/2025,1,7264
11/20/2025,2,7079
11/20/2025,3,6972
11/20/2025,4,6929
11/20/2025,5,7027
11/20/2025,6,7379
11/20/2025,7,8009
11/20/2025,8,8682
11/20/2025,9,8870
11/20/2025,10,8832
11/20/2025,11,8802
11/20/2025,12,8715
11/20/2025,13,8674
11/20/2025,14,8620
11/20/2025,15,8607
11/20/2025,16,8688
11/20/2025,17,9042
11/20/2025,18,9346
11/20/2025,19,9242
11/20/2025,20,9024
11/20/2025,21,8787
11/20/2025,22,8456
11/20/2025,23,8060
11/20/2025,24,7684
11/21/2025,1,7288
11/21/2025,2,7139
11/21/2025,3,7055
11/21/2025,4,7007
11/21/2025,5,7069
11/21/2025,6,7350
11/21/2025,7,7925
11/21/2025,8,8506
11/21/2025,9,8751
11/21/2025,10,8869
11/21/2025,11,8851
11/21/2025,12,8821
11/21/2025,13,8841
11/21/2025,14,8766
11/21/2025,15,8702
11/21/2025,16,8733
11/21/2025,17,8995
11/21/2025,18,9120
11/21/2025,19,8852
11/21/2025,20,8649
11/21/2025,21,8369
11/21/2025,22,8100
11/21/2025,23,7739
11/21/2025,24,7375
11/22/2025,1,7027
11/22/2025,2,6839
11/22/2025,3,6721
11/22/2025,4,6645
11/22/2025,5,6644
11/22/2025,6,6766
11/22/2025,7,7018
11/22/2025,8,7376
11/22/2025,9,7776
11/22/2025,10,8036
11/22/2025,11,8138
11/22/2025,12,8197
11/22/2025,13,8204
11/22/2025,14,8127
11/22/2025,15,8130
11/22/2025,16,8213
11/22/2025,17,8469
11/22/2025,18,8629
11/22/2025,19,8538
11/22/2025,20,8358
11/22/2025,21,8146
11/22/2025,22,7878
11/22/2025,23,7592
11/22/2025,24,7312
11/23/2025,1,7028
11/23/2025,2,6883
11/23/2025,3,6788
11/23/2025,4,6742
11/23/2025,5,6811
11/23/2025,6,6970
11/23/2025,7,7241
11/23/2025,8,7623
11/23/2025,9,7990
11/23/2025,10,8215
11/23/2025,11,8258
11/23/2025,12,8271
11/23/2025,13,8281
11/23/2025,14,8296
11/23/2025,15,8290
11/23/2025,16,8453
11/23/2025,17,8936
11/23/2025,18,9163
11/23/2025,19,8967
11/23/2025,20,8816
11/23/2025,21,8593
11/23/2025,22,8321
11/23/2025,23,7978
11/23/2025,24,7630
11/24/2025,1,7358
11/24/2025,2,7245
11/24/2025,3,7175
11/24/2025,4,7191
11/24/2025,5,7336
11/24/2025,6,7735
11/24/2025,7,8343
11/24/2025,8,9002
11/24/2025,9,9225
11/24/2025,10,9259
11/24/2025,11,9230
11/24/2025,12,9279
11/24/2025,13,9256
11/24/2025,14,9213
11/24/2025,15,9180
11/24/2025,16,9270
11/24/2025,17,9698
11/24/2025,18,9935
11/24/2025,19,9749
11/24/2025,20,9520
11/24/2025,21,9253
11/24/2025,22,8877
11/24/2025,23,8410
11/24/2025,24,8008
11/25/2025,1,7656
11/25/2025,2,7522
11/25/2025,3,7423
11/25/2025,4,7398
11/25/2025,5,7508
11/25/2025,6,7879
11/25/2025,7,8538
11/25/2025,8,9208
11/25/2025,9,9435
11/25/2025,10,9498
11/25/2025,11,9485
11/25/2025,12,9470
11/25/2025,13,9460
11/25/2025,14,9443
11/25/2025,15,9426
11/25/2025,16,9542
11/25/2025,17,9883
11/25/2025,18,10103
11/25/2025,19,9894
11/25/2025,20,9653
11/25/2025,21,9361
11/25/2025,22,8984
11/25/2025,23,8483
11/25/2025,24,8052
11/26/2025,1,7671
11/26/2025,2,7480
11/26/2025,3,7336
11/26/2025,4,7313
11/26/2025,5,7407
11/26/2025,6,7782
11/26/2025,7,8414
11/26/2025,8,9077
11/26/2025,9,9286
11/26/2025,10,9281
11/26/2025,11,9280
11/26/2025,12,9217
11/26/2025,13,9198
11/26/2025,14,9109
11/26/2025,15,9080
11/26/2025,16,9197
11/26/2025,17,9586
11/26/2025,18,9790
11/26/2025,19,9621
11/26/2025,20,9378
11/26/2025,21,9111
11/26/2025,22,8792
11/26/2025,23,8308
11/26/2025,24,7859
11/27/2025,1,7520
11/27/2025,2,7366
11/27/2025,3,7273
11/27/2025,4,7227
11/27/2025,5,7365
11/27/2025,6,7745
11/27/2025,7,8394
11/27/2025,8,9070
11/27/2025,9,9267
11/27/2025,10,9368
11/27/2025,11,9398
11/27/2025,12,9361
11/27/2025,13,9442
11/27/2025,14,9346
11/27/2025,15,9297
11/27/2025,16,9409
11/27/2025,17,9700
11/27/2025,18,9852
11/27/2025,19,9656
11/27/2025,20,9418
11/27/2025,21,9170
11/27/2025,22,8817
11/27/2025,23,8377
11/27/2025,24,7949
11/28/2025,1,7600
11/28/2025,2,7426
11/28/2025,3,7319
11/28/2025,4,7316
11/28/2025,5,7460
11/28/2025,6,7852
11/28/2025,7,8473
11/28/2025,8,9127
11/28/2025,9,9323
11/28/2025,10,9266
11/28/2025,11,9105
11/28/2025,12,8978
11/28/2025,13,8899
11/28/2025,14,8807
11/28/2025,15,8829
11/28/2025,16,9058
11/28/2025,17,9481
11/28/2025,18,9705
11/28/2025,19,9533
11/28/2025,20,9341
11/28/2025,21,9135
11/28/2025,22,8879
11/28/2025,23,8524
11/28/2025,24,8153
11/29/2025,1,7848
11/29/2025,2,7684
11/29/2025,3,7560
11/29/2025,4,7528
11/29/2025,5,7587
11/29/2025,6,7743
11/29/2025,7,8027
11/29/2025,8,8463
11/29/2025,9,8900
11/29/2025,10,9164
11/29/2025,11,9261
11/29/2025,12,9256
11/29/2025,13,9176
11/29/2025,14,9153
11/29/2025,15,9093
11/29/2025,16,9180
11/29/2025,17,9481
11/29/2025,18,9658
11/29/2025,19,9499
11/29/2025,20,9322
11/29/2025,21,9142
11/29/2025,22,8945
11/29/2025,23,8623
11/29/2025,24,8327
11/30/2025,1,8056
11/30/2025,2,7903
11/30/2025,3,7819
11/30/2025,4,7814
11/30/2025,5,7869
11/30/2025,6,8042
11/30/2025,7,8340
11/30/2025,8,8729
11/30/2025,9,9085
11/30/2025,10,9299
11/30/2025,11,9291
11/30/2025,12,9273
11/30/2025,13,9192
11/30/2025,14,9093
11/30/2025,15,9043
11/30/2025,16,9215
11/30/2025,17,9703
11/30/2025,18,9975
11/30/2025,19,9801
11/30/2025,20,9599
11/30/2025,21,9396
11/30/2025,22,9062
11/30/2025,23,8589
11/30/2025,24,8191
12/01/2025,1,7913
12/01/2025,2,7742
12/01/2025,3,7633
12/01/2025,4,7591
12/01/2025,5,7691
12/01/2025,6,8091
12/01/2025,7,8735
12/01/2025,8,9440
12/01/2025,9,9648
12/01/2025,10,9721
12/01/2025,11,9717
12/01/2025,12,9663
12/01/2025,13,9679
12/01/2025,14,9723
12/01/2025,15,9752
12/01/2025,16,9845
12/01/2025,17,10221
12/01/2025,18,10452
12/01/2025,19,10216
12/01/2025,20,9944
12/01/2025,21,9652
12/01/2025,22,9305
12/01/2025,23,8777
12/01/2025,24,8313
12/02/2025,1,7912
12/02/2025,2,7711
12/02/2025,3,7542
12/02/2025,4,7490
12/02/2025,5,7585
12/02/2025,6,7954
12/02/2025,7,8582
12/02/2025,8,9224
12/02/2025,9,9412
12/02/2025,10,9396
12/02/2025,11,9328
12/02/2025,12,9260
12/02/2025,13,9210
12/02/2025,14,9139
12/02/2025,15,9156
12/02/2025,16,9286
12/02/2025,17,9770
12/02/2025,18,9991
12/02/2025,19,9844
12/02/2025,20,9681
12/02/2025,21,9440
12/02/2025,22,9139
12/02/2025,23,8593
12/02/2025,24,8154
12/03/2025,1,7811
12/03/2025,2,7658
12/03/2025,3,7546
12/03/2025,4,7553
12/03/2025,5,7661
12/03/2025,6,8014
12/03/2025,7,8672
12/03/2025,8,9350
12/03/2025,9,9577
12/03/2025,10,9566
12/03/2025,11,9612
12/03/2025,12,9580
12/03/2025,13,9537
12/03/2025,14,9459
12/03/2025,15,9454
12/03/2025,16,9639
12/03/2025,17,9964
12/03/2025,18,10138
12/03/2025,19,9984
12/03/2025,20,9785
12/03/2025,21,9513
12/03/2025,22,9154
12/03/2025,23,8631
12/03/2025,24,8208
12/04/2025,1,7831
12/04/2025,2,7661
12/04/2025,3,7534
12/04/2025,4,7498
12/04/2025,5,7590
12/04/2025,6,7937
12/04/2025,7,8540
12/04/2025,8,9177
12/04/2025,9,9345
12/04/2025,10,9402
12/04/2025,11,9477
12/04/2025,12,9425
12/04/2025,13,9389
12/04/2025,14,9368
12/04/2025,15,9318
12/04/2025,16,9446
12/04/2025,17,9775
12/04/2025,18,9942
12/04/2025,19,9755
12/04/2025,20,9550
12/04/2025,21,9300
12/04/2025,22,8968
12/04/2025,23,8457
12/04/2025,24,8045
12/05/2025,1,7688
12/05/2025,2,7535
12/05/2025,3,7428
12/05/2025,4,7395
12/05/2025,5,7494
12/05/2025,6,7815
12/05/2025,7,8421
12/05/2025,8,9078
12/05/2025,9,9385
12/05/2025,10,9490
12/05/2025,11,9577
12/05/2025,12,9588
12/05/2025,13,9569
12/05/2025,14,9519
12/05/2025,15,9463
12/05/2025,16,9530
12/05/2025,17,9785
12/05/2025,18,9814
12/05/2025,19,9579
12/05/2025,20,9332
12/05/2025,21,9068
12/05/2025,22,8770
12/05/2025,23,8390
12/05/2025,24,8057
12/06/2025,1,7735
12/06/2025,2,7474
12/06/2025,3,7360
12/06/2025,4,7264
12/06/2025,5,7274
12/06/2025,6,7425
12/06/2025,7,7747
12/06/2025,8,8209
12/06/2025,9,8545
12/06/2025,10,8724
12/06/2025,11,8750
12/06/2025,12,8723
12/06/2025,13,8736
12/06/2025,14,8708
12/06/2025,15,8656
12/06/2025,16,8772
12/06/2025,17,9112
12/06/2025,18,9228
12/06/2025,19,9086
12/06/2025,20,8826
12/06/2025,21,8647
12/06/2025,22,8410
12/06/2025,23,8083
12/06/2025,24,7812
12/07/2025,1,7521
12/07/2025,2,7332
12/07/2025,3,7187
12/07/2025,4,7142
12/07/2025,5,7184
12/07/2025,6,7328
12/07/2025,7,7565
12/07/2025,8,7909
12/07/2025,9,8322
12/07/2025,10,8599
12/07/2025,11,8774
12/07/2025,12,8855
12/07/2025,13,8848
12/07/2025,14,8728
12/07/2025,15,8662
12/07/2025,16,8773
12/07/2025,17,9173
12/07/2025,18,9383
12/07/2025,19,9223
12/07/2025,20,9019
12/07/2025,21,8774
12/07/2025,22,8487
12/07/2025,23,7994
12/07/2025,24,7604
12/08/2025,1,7331
12/08/2025,2,7209
12/08/2025,3,7116
12/08/2025,4,7108
12/08/2025,5,7223
12/08/2025,6,7584
12/08/2025,7,8183
12/08/2025,8,8843
12/08/2025,9,9024
12/08/2025,10,9089
12/08/2025,11,9164
12/08/2025,12,9203
12/08/2025,13,9271
12/08/2025,14,9191
12/08/2025,15,9137
12/08/2025,16,9231
12/08/2025,17,9541
12/08/2025,18,9643
12/08/2025,19,9464
12/08/2025,20,9209
12/08/2025,21,8950
12/08/2025,22,8585
12/08/2025,23,8146
12/08/2025,24,7709
12/09/2025,1,7345
12/09/2025,2,7193
12/09/2025,3,7072
12/09/2025,4,7071
12/09/2025,5,7171
12/09/2025,6,7500
12/09/2025,7,8134
12/09/2025,8,8837
12/09/2025,9,9113
12/09/2025,10,9119
12/09/2025,11,8983
12/09/2025,12,8862
12/09/2025,13,8839
12/09/2025,14,8838
12/09/2025,15,8885
12/09/2025,16,9043
12/09/2025,17,9469
12/09/2025,18,9677
12/09/2025,19,9510
12/09/2025,20,9305
12/09/2025,21,9081
12/09/2025,22,8772
12/09/2025,23,8281
12/09/2025,24,7915
12/10/2025,1,7630
12/10/2025,2,7391
12/10/2025,3,7230
12/10/2025,4,7134
12/10/2025,5,7246
12/10/2025,6,7571
12/10/2025,7,8228
12/10/2025,8,8855
12/10/2025,9,9106
12/10/2025,10,9174
12/10/2025,11,9216
12/10/2025,12,9247
12/10/2025,13,9268
12/10/2025,14,9217
12/10/2025,15,9163
12/10/2025,16,9296
12/10/2025,17,9563
12/10/2025,18,9710
12/10/2025,19,9537
12/10/2025,20,9286
12/10/2025,21,9042
12/10/2025,22,8689
12/10/2025,23,8197
12/10/2025,24,7745
12/11/2025,1,7428
12/11/2025,2,7237
12/11/2025,3,7161
12/11/2025,4,7153
12/11/2025,5,7308
12/11/2025,6,7700
12/11/2025,7,8265
12/11/2025,8,8925
12/11/2025,9,9185
12/11/2025,10,9230
12/11/2025,11,9281
12/11/2025,12,9248
12/11/2025,13,9215
12/11/2025,14,9146
12/11/2025,15,9137
12/11/2025,16,9271
12/11/2025,17,9597
12/11/2025,18,9749
12/11/2025,19,9632
12/11/2025,20,9437
12/11/2025,21,9222
12/11/2025,22,8914
12/11/2025,23,8459
12/11/2025,24,8049
12/12/2025,1,7733
12/12/2025,2,7567
12/12/2025,3,7497
12/12/2025,4,7527
12/12/2025,5,7611
12/12/2025,6,7957
12/12/2025,7,8511
12/12/2025,8,9150
12/12/2025,9,9388
12/12/2025,10,9255
12/12/2025,11,9213
12/12/2025,12,9352
12/12/2025,13,9378
12/12/2025,14,9364
12/12/2025,15,9286
12/12/2025,16,9451
12/12/2025,17,9730
12/12/2025,18,9823
12/12/2025,19,9576
12/12/2025,20,9336
12/12/2025,21,9150
12/12/2025,22,8851
12/12/2025,23,8448
12/12/2025,24,8088
12/13/2025,1,7744
12/13/2025,2,7489
12/13/2025,3,7318
12/13/2025,4,7298
12/13/2025,5,7339
12/13/2025,6,7476
12/13/2025,7,7758
12/13/2025,8,8147
12/13/2025,9,8453
12/13/2025,10,8712
12/13/2025,11,8811
12/13/2025,12,8835
12/13/2025,13,8755
12/13/2025,14,8733
12/13/2025,15,8736
12/13/2025,16,8773
12/13/2025,17,9044
12/13/2025,18,9151
12/13/2025,19,8946
12/13/2025,20,8773
12/13/2025,21,8579
12/13/2025,22,8359
12/13/2025,23,8002
12/13/2025,24,7695
12/14/2025,1,7436
12/14/2025,2,7268
12/14/2025,3,7146
12/14/2025,4,7060
12/14/2025,5,7067
12/14/2025,6,7163
12/14/2025,7,7427
12/14/2025,8,7776
12/14/2025,9,8106
12/14/2025,10,8413
12/14/2025,11,8595
12/14/2025,12,8706
12/14/2025,13,8706
12/14/2025,14,8665
12/14/2025,15,8684
12/14/2025,16,8829
12/14/2025,17,9161
12/14/2025,18,9284
12/14/2025,19,9097
12/14/2025,20,8876
12/14/2025,21,8664
12/14/2025,22,8344
12/14/2025,23,7922
12/14/2025,24,7502
12/15/2025,1,7138
12/15/2025,2,6954
12/15/2025,3,6883
12/15/2025,4,6862
12/15/2025,5,6959
12/15/2025,6,7286
12/15/2025,7,7830
12/15/2025,8,8447
12/15/2025,9,8694
12/15/2025,10,8722
12/15/2025,11,8712
12/15/2025,12,8626
12/15/2025,13,8561
12/15/2025,14,8521
12/15/2025,15,8475
12/15/2025,16,8487
12/15/2025,17,8960
12/15/2025,18,9277
12/15/2025,19,9168
12/15/2025,20,9007
12/15/2025,21,8745
12/15/2025,22,8383
12/15/2025,23,7958
12/15/2025,24,7561
12/16/2025,1,7241
12/16/2025,2,7093
12/16/2025,3,7000
12/16/2025,4,6948
12/16/2025,5,7059
12/16/2025,6,7428
12/16/2025,7,8065
12/16/2025,8,8753
12/16/2025,9,8977
12/16/2025,10,8935
12/16/2025,11,8961
12/16/2025,12,8971
12/16/2025,13,8943
12/16/2025,14,8958
12/16/2025,15,9037
12/16/2025,16,9209
12/16/2025,17,9580
12/16/2025,18,9721
12/16/2025,19,9549
12/16/2025,20,9312
12/16/2025,21,9063
12/16/2025,22,8715
12/16/2025,23,8223
12/16/2025,24,7819
12/17/2025,1,7530
12/17/2025,2,7308
12/17/2025,3,7160
12/17/2025,4,7158
12/17/2025,5,7225
12/17/2025,6,7605
12/17/2025,7,8183
12/17/2025,8,8814
12/17/2025,9,9046
12/17/2025,10,9058
12/17/2025,11,9010
12/17/2025,12,8877
12/17/2025,13,8819
12/17/2025,14,8780
12/17/2025,15,8878
12/17/2025,16,9124
12/17/2025,17,9689
12/17/2025,18,9924
12/17/2025,19,9747
12/17/2025,20,9564
12/17/2025,21,9314
12/17/2025,22,8989
12/17/2025,23,8486
12/17/2025,24,8050
12/18/2025,1,7703
12/18/2025,2,7488
12/18/2025,3,7354
12/18/2025,4,7323
12/18/2025,5,7436
12/18/2025,6,7823
12/18/2025,7,8421
12/18/2025,8,9127
12/18/2025,9,9394
12/18/2025,10,9495
12/18/2025,11,9546
12/18/2025,12,9599
12/18/2025,13,9691
12/18/2025,14,9666
12/18/2025,15,9701
12/18/2025,16,9811
12/18/2025,17,10038
12/18/2025,18,10105
12/18/2025,19,9859
12/18/2025,20,9628
12/18/2025,21,9475
12/18/2025,22,9155
12/18/2025,23,8686
12/18/2025,24,8274
12/19/2025,1,7946
12/19/2025,2,7769
12/19/2025,3,7696
12/19/2025,4,7720
12/19/2025,5,7870
12/19/2025,6,8233
12/19/2025,7,8838
12/19/2025,8,9503
12/19/2025,9,9749
12/19/2025,10,9810
12/19/2025,11,9761
12/19/2025,12,9652
12/19/2025,13,9593
12/19/2025,14,9548
12/19/2025,15,9506
12/19/2025,16,9681
12/19/2025,17,10036
12/19/2025,18,10205
12/19/2025,19,10025
12/19/2025,20,9766
12/19/2025,21,9494
12/19/2025,22,9172
12/19/2025,23,8771
12/19/2025,24,8453
12/20/2025,1,8098
12/20/2025,2,7901
12/20/2025,3,7765
12/20/2025,4,7748
12/20/2025,5,7802
12/20/2025,6,7968
12/20/2025,7,8301
12/20/2025,8,8708
12/20/2025,9,9068
12/20/2025,10,9315
12/20/2025,11,9448
12/20/2025,12,9430
12/20/2025,13,9388
12/20/2025,14,9354
12/20/2025,15,9312
12/20/2025,16,9376
12/20/2025,17,9687
12/20/2025,18,9820
12/20/2025,19,9601
12/20/2025,20,9365
12/20/2025,21,9155
12/20/2025,22,8906
12/20/2025,23,8571
12/20/2025,24,8167
12/21/2025,1,7879
12/21/2025,2,7697
12/21/2025,3,7560
12/21/2025,4,7475
12/21/2025,5,7502
12/21/2025,6,7617
12/21/2025,7,7901
12/21/2025,8,8308
12/21/2025,9,8725
12/21/2025,10,8990
12/21/2025,11,9101
12/21/2025,12,9143
12/21/2025,13,9149
12/21/2025,14,9124
12/21/2025,15,9119
12/21/2025,16,9286
12/21/2025,17,9626
12/21/2025,18,9738
12/21/2025,19,9549
12/21/2025,20,9329
12/21/2025,21,9165
12/21/2025,22,8928
12/21/2025,23,8552
12/21/2025,24,8232
12/22/2025,1,7943
12/22/2025,2,7806
12/22/2025,3,7708
12/22/2025,4,7698
12/22/2025,5,7764
12/22/2025,6,8091
12/22/2025,7,8581
12/22/2025,8,9092
12/22/2025,9,9460
12/22/2025,10,9580
12/22/2025,11,9601
12/22/2025,12,9532
12/22/2025,13,9532
12/22/2025,14,9540
12/22/2025,15,9562
12/22/2025,16,9674
12/22/2025,17,10028
12/22/2025,18,10127
12/22/2025,19,9907
12/22/2025,20,9744
12/22/2025,21,9539
12/22/2025,22,9256
12/22/2025,23,8798
12/22/2025,24,8375
12/23/2025,1,8072
12/23/2025,2,7870
12/23/2025,3,7739
12/23/2025,4,7695
12/23/2025,5,7824
12/23/2025,6,8092
12/23/2025,7,8594
12/23/2025,8,9149
12/23/2025,9,9532
12/23/2025,10,9743
12/23/2025,11,9781
12/23/2025,12,9741
12/23/2025,13,9692
12/23/2025,14,9601
12/23/2025,15,9554
12/23/2025,16,9616
12/23/2025,17,9921
12/23/2025,18,10085
12/23/2025,19,9917
12/23/2025,20,9725
12/23/2025,21,9524
12/23/2025,22,9252
12/23/2025,23,8820
12/23/2025,24,8451
12/24/2025,1,8146
12/24/2025,2,7937
12/24/2025,3,7821
12/24/2025,4,7797
12/24/2025,5,7915
12/24/2025,6,8155
12/24/2025,7,8595
12/24/2025,8,9101
12/24/2025,9,9520
12/24/2025,10,9776
12/24/2025,11,9949
12/24/2025,12,9989
12/24/2025,13,9959
12/24/2025,14,9874
12/24/2025,15,9823
12/24/2025,16,9820
12/24/2025,17,9933
12/24/2025,18,9843
12/24/2025,19,9468
12/24/2025,20,9226
12/24/2025,21,9033
12/24/2025,22,8836
12/24/2025,23,8558
12/24/2025,24,8266
12/25/2025,1,8015
12/25/2025,2,7870
12/25/2025,3,7741
12/25/2025,4,7712
12/25/2025,5,7757
12/25/2025,6,7917
12/25/2025,7,8172
12/25/2025,8,8516
12/25/2025,9,8869
12/25/2025,10,9075
12/25/2025,11,9209
12/25/2025,12,9269
12/25/2025,13,9293
12/25/2025,14,9354
12/25/2025,15,9412
12/25/2025,16,9581
12/25/2025,17,9788
12/25/2025,18,9696
12/25/2025,19,9381
12/25/2025,20,9194
12/25/2025,21,9074
12/25/2025,22,8909
12/25/2025,23,8661
12/25/2025,24,8372
12/26/2025,1,8077
12/26/2025,2,7905
12/26/2025,3,7764
12/26/2025,4,7721
12/26/2025,5,7783
12/26/2025,6,7954
12/26/2025,7,8247
12/26/2025,8,8549
12/26/2025,9,8855
12/26/2025,10,9151
12/26/2025,11,9321
12/26/2025,12,9377
12/26/2025,13,9342
12/26/2025,14,9277
12/26/2025,15,9324
12/26/2025,16,9423
12/26/2025,17,9675
12/26/2025,18,9864
12/26/2025,19,9728
12/26/2025,20,9598
12/26/2025,21,9444
12/26/2025,22,9255
12/26/2025,23,8921
12/26/2025,24,8598
12/27/2025,1,8339
12/27/2025,2,8180
12/27/2025,3,8107
12/27/2025,4,8094
12/27/2025,5,8168
12/27/2025,6,8321
12/27/2025,7,8676
12/27/2025,8,9084
12/27/2025,9,9496
12/27/2025,10,9701
12/27/2025,11,9779
12/27/2025,12,9757
12/27/2025,13,9687
12/27/2025,14,9607
12/27/2025,15,9632
12/27/2025,16,9806
12/27/2025,17,10234
12/27/2025,18,10443
12/27/2025,19,10274
12/27/2025,20,10113
12/27/2025,21,9942
12/27/2025,22,9709
12/27/2025,23,9336
12/27/2025,24,9021
12/28/2025,1,8742
12/28/2025,2,8578
12/28/2025,3,8456
12/28/2025,4,8382
12/28/2025,5,8436
12/28/2025,6,8578
12/28/2025,7,8812
12/28/2025,8,9162
12/28/2025,9,9493
12/28/2025,10,9781
12/28/2025,11,9924
12/28/2025,12,10011
12/28/2025,13,10063
12/28/2025,14,10001
12/28/2025,15,9936
12/28/2025,16,9987
12/28/2025,17,10341
12/28/2025,18,10469
12/28/2025,19,10287
12/28/2025,20,10044
12/28/2025,21,9769
12/28/2025,22,9483
12/28/2025,23,9072
12/28/2025,24,8678
12/29/2025,1,8373
12/29/2025,2,8117
12/29/2025,3,8029
12/29/2025,4,8000
12/29/2025,5,8130
12/29/2025,6,8425
12/29/2025,7,8898
12/29/2025,8,9390
12/29/2025,9,9738
12/29/2025,10,9867
12/29/2025,11,9941
12/29/2025,12,9873
12/29/2025,13,9763
12/29/2025,14,9668
12/29/2025,15,9628
12/29/2025,16,9704
12/29/2025,17,10064
12/29/2025,18,10288
12/29/2025,19,10091
12/29/2025,20,9842
12/29/2025,21,9680
12/29/2025,22,9361
12/29/2025,23,8918
12/29/2025,24,8542
12/30/2025,1,8285
12/30/2025,2,8147
12/30/2025,3,8040
12/30/2025,4,8053
12/30/2025,5,8177
12/30/2025,6,8424
12/30/2025,7,8866
12/30/2025,8,9416
12/30/2025,9,9726
12/30/2025,10,9952
12/30/2025,11,9999
12/30/2025,12,10059
12/30/2025,13,10039
12/30/2025,14,9912
12/30/2025,15,9835
12/30/2025,16,9854
12/30/2025,17,10149
12/30/2025,18,10422
12/30/2025,19,10169
12/30/2025,20,9961
12/30/2025,21,9677
12/30/2025,22,9406
12/30/2025,23,8953
12/30/2025,24,8567
12/31/2025,1,8279
12/31/2025,2,8144
12/31/2025,3,8005
12/31/2025,4,7988
12/31/2025,5,8039
12/31/2025,6,8283
12/31/2025,7,8687
12/31/2025,8,9165
12/31/2025,9,9511
12/31/2025,10,9722
12/31/2025,11,9785
12/31/2025,12,9725
12/31/2025,13,9583
12/31/2025,14,9434
12/31/2025,15,9349
12/31/2025,16,9426
12/31/2025,17,9770
12/31/2025,18,10013
12/31/2025,19,9754
12/31/2025,20,9444
12/31/2025,21,9191
12/31/2025,22,8920
12/31/2025,23,8642
12/31/2025,24,8427
