session_id,user_id,housing_type,charger_level,start_time,duration_hours,energy_kwh,peak_overlap_ratio,season,battery_soc_start
EV-10000,USR-1289,Townhouse,Level 1 (1.4kW),2025-08-14 10:38:00,12.51,17.3,0.42,Winter,60.5
EV-10001,USR-1153,Condo/Apartment,Level 2 (7.2kW),2025-07-21 18:49:00,9.99,35.35,0.23,Spring,19.3
EV-10002,USR-1086,Single-Family,Level 2 (7.2kW),2025-01-19 17:42:00,7.72,35.62,0.45,Spring,18.7
EV-10003,USR-1185,Single-Family,Level 2 (7.2kW),2025-12-01 18:57:00,49.23,14.02,0.19,Winter,68.0
EV-10004,USR-1043,Townhouse,Level 2 (7.2kW),2025-06-16 17:19:00,3.21,19.63,1.0,Fall,55.2
EV-10005,USR-1228,Single-Family,Level 2 (7.2kW),2025-10-02 22:06:00,21.53,21.07,0.0,Spring,51.9
EV-10006,USR-1209,Townhouse,Level 2 (7.2kW),2025-12-12 17:22:00,3.37,13.84,1.0,Winter,68.4
EV-10007,USR-1380,Townhouse,Level 2 (7.2kW),2025-07-14 21:42:00,4.88,12.53,0.0,Summer,71.4
EV-10008,USR-1321,Single-Family,Level 2 (7.2kW),2025-09-06 17:51:00,5.75,28.87,0.57,Winter,34.1
EV-10009,USR-1173,Townhouse,Level 2 (7.2kW),2025-05-09 22:48:00,6.57,19.54,0.0,Spring,55.4
EV-10010,USR-1324,Townhouse,Level 1 (1.4kW),2025-06-14 22:52:00,12.82,11.52,0.0,Winter,73.7
EV-10011,USR-1250,Single-Family,Level 2 (7.2kW),2025-12-02 11:55:00,6.68,12.49,0.37,Winter,71.5
EV-10012,USR-1213,Single-Family,Level 2 (7.2kW),2025-03-08 09:18:00,44.37,22.34,0.42,Fall,49.0
EV-10013,USR-1069,Townhouse,Level 1 (1.4kW),2025-09-27 10:03:00,37.66,37.24,0.42,Winter,15.0
EV-10014,USR-1282,Townhouse,Level 1 (1.4kW),2025-12-12 22:14:00,28.64,38.51,0.0,Winter,12.1
EV-10015,USR-1334,Single-Family,Level 2 (7.2kW),2025-05-06 13:00:00,9.01,30.31,0.56,Winter,30.8
EV-10016,USR-1197,Condo/Apartment,Level 2 (7.2kW),2025-09-28 17:33:00,10.06,18.53,0.34,Winter,57.7
EV-10017,USR-1365,Condo/Apartment,Level 2 (7.2kW),2025-10-25 09:01:00,9.03,22.25,0.24,Winter,49.2
EV-10018,USR-1266,Single-Family,Level 2 (7.2kW),2025-07-18 16:01:00,8.64,24.36,0.57,Winter,44.4
EV-10019,USR-1045,Single-Family,Level 2 (7.2kW),2025-10-05 22:53:00,6.23,22.74,0.0,Fall,48.1
EV-10020,USR-1371,Single-Family,Level 2 (7.2kW),2025-10-22 13:35:00,4.4,28.61,0.44,Summer,34.7
EV-10021,USR-1176,Townhouse,Level 2 (7.2kW),2025-07-28 23:40:00,7.47,22.3,0.0,Fall,49.1
EV-10022,USR-1013,Single-Family,Level 2 (7.2kW),2025-04-07 20:19:00,5.93,16.52,0.12,Winter,62.3
EV-10023,USR-1398,Townhouse,Level 2 (7.2kW),2025-01-28 17:39:00,5.78,29.57,0.58,Summer,32.5
EV-10024,USR-1070,Condo/Apartment,Level 1 (1.4kW),2025-11-16 22:05:00,10.95,14.24,0.0,Spring,67.5
EV-10025,USR-1262,Condo/Apartment,Level 1 (1.4kW),2025-08-08 09:24:00,19.46,25.06,0.42,Spring,42.8
EV-10026,USR-1271,Single-Family,Level 2 (7.2kW),2025-03-06 16:31:00,5.23,36.19,0.86,Fall,17.4
EV-10027,USR-1245,Single-Family,Level 2 (7.2kW),2025-06-09 22:17:00,4.71,28.87,0.0,Fall,34.1
EV-10028,USR-1205,Single-Family,Level 2 (7.2kW),2025-06-28 20:05:00,4.67,32.2,0.21,Winter,26.5
EV-10029,USR-1184,Townhouse,Level 2 (7.2kW),2025-04-18 13:23:00,7.44,23.22,0.63,Summer,47.0
EV-10030,USR-1052,Townhouse,Level 2 (7.2kW),2025-05-25 19:50:00,4.1,16.34,0.29,Winter,62.7
EV-10031,USR-1399,Single-Family,Level 2 (7.2kW),2025-03-04 22:22:00,5.21,34.91,0.0,Summer,20.3
EV-10032,USR-1254,Condo/Apartment,Level 1 (1.4kW),2025-10-01 20:01:00,24.23,31.5,0.08,Fall,28.1
EV-10033,USR-1154,Condo/Apartment,Level 2 (7.2kW),2025-01-06 15:26:00,9.59,38.51,0.51,Fall,12.1
EV-10034,USR-1366,Single-Family,Level 2 (7.2kW),2025-12-11 21:01:00,5.18,21.47,0.0,Spring,51.0
EV-10035,USR-1370,Single-Family,Level 2 (7.2kW),2025-09-28 11:13:00,7.99,28.04,0.38,Summer,36.0
EV-10036,USR-1322,Condo/Apartment,Level 1 (1.4kW),2025-03-27 19:51:00,23.94,30.49,0.1,Spring,30.4
EV-10037,USR-1027,Townhouse,Level 2 (7.2kW),2025-12-11 17:42:00,6.73,36.19,0.52,Winter,17.4
EV-10038,USR-1266,Single-Family,Level 2 (7.2kW),2025-08-16 10:14:00,7.71,28.87,0.23,Fall,34.1
EV-10039,USR-1321,Single-Family,Level 2 (7.2kW),2025-09-13 16:54:00,3.69,15.38,1.0,Summer,64.9
EV-10040,USR-1142,Single-Family,Level 2 (7.2kW),2025-09-19 19:27:00,2.22,12.49,0.78,Fall,71.5
EV-10041,USR-1229,Townhouse,Level 2 (7.2kW),2025-02-23 00:15:00,6.4,26.81,0.0,Fall,38.8
EV-10042,USR-1296,Townhouse,Level 2 (7.2kW),2025-02-17 10:02:00,2.92,17.39,0.0,Spring,60.3
EV-10043,USR-1315,Single-Family,Level 2 (7.2kW),2025-05-31 23:52:00,6.08,38.42,0.0,Summer,12.3
EV-10044,USR-1239,Townhouse,Level 2 (7.2kW),2025-08-03 22:01:00,8.25,25.85,0.0,Winter,41.0
EV-10045,USR-1381,Single-Family,Level 2 (7.2kW),2025-01-07 12:49:00,3.97,23.31,0.19,Winter,46.8
EV-10046,USR-1142,Condo/Apartment,Level 2 (7.2kW),2025-05-23 23:54:00,6.5,25.01,0.0,Summer,42.9
EV-10047,USR-1207,Single-Family,Level 2 (7.2kW),2025-04-13 15:34:00,5.95,18.88,0.83,Summer,56.9
EV-10048,USR-1334,Single-Family,Level 1 (1.4kW),2025-01-01 23:02:00,25.24,34.78,0.0,Fall,20.6
EV-10049,USR-1259,Single-Family,Level 2 (7.2kW),2025-04-02 21:59:00,5.14,34.08,0.0,Winter,22.2
EV-10050,USR-1328,Townhouse,Level 1 (1.4kW),2025-04-18 18:21:00,15.86,20.5,0.23,Fall,53.2
EV-10051,USR-1157,Condo/Apartment,Level 2 (7.2kW),2025-02-10 17:46:00,6.52,18.31,0.48,Summer,58.2
EV-10052,USR-1341,Condo/Apartment,Level 1 (1.4kW),2025-11-12 15:20:00,19.87,27.64,0.42,Summer,36.9
EV-10053,USR-1134,Single-Family,Level 2 (7.2kW),2025-07-17 18:11:00,4.66,19.36,0.63,Fall,55.8
EV-10054,USR-1054,Single-Family,Level 2 (7.2kW),2025-04-16 00:47:00,4.73,26.15,0.0,Summer,40.3
EV-10055,USR-1014,Townhouse,Level 1 (1.4kW),2025-07-09 18:02:00,27.58,38.07,0.25,Fall,13.1
EV-10056,USR-1334,Single-Family,Level 2 (7.2kW),2025-01-09 11:23:00,13.96,31.98,0.42,Summer,27.0
EV-10057,USR-1385,Single-Family,Level 2 (7.2kW),2025-11-17 22:30:00,1.98,12.49,0.0,Fall,71.5
EV-10058,USR-1238,Single-Family,Level 1 (1.4kW),2025-08-04 18:02:00,29.88,33.64,0.25,Fall,23.2
EV-10059,USR-1393,Single-Family,Level 2 (7.2kW),2025-04-09 07:59:00,4.66,24.58,0.0,Fall,43.9
EV-10060,USR-1256,Single-Family,Level 2 (7.2kW),2025-10-01 21:06:00,6.17,38.55,0.0,Spring,12.0
EV-10061,USR-1166,Townhouse,Level 2 (7.2kW),2025-06-20 19:59:00,4.44,22.04,0.28,Summer,49.7
EV-10062,USR-1251,Townhouse,Level 2 (7.2kW),2025-04-05 13:02:00,3.47,21.86,0.14,Spring,50.1
EV-10063,USR-1239,Single-Family,Level 2 (7.2kW),2025-08-06 14:27:00,5.04,26.02,0.67,Spring,40.6
EV-10064,USR-1126,Townhouse,Level 2 (7.2kW),2025-08-11 23:35:00,46.99,18.05,0.0,Winter,58.8
EV-10065,USR-1032,Single-Family,Level 2 (7.2kW),2025-03-20 11:56:00,5.15,32.15,0.19,Summer,26.6
EV-10066,USR-1275,Condo/Apartment,Level 2 (7.2kW),2025-06-09 23:19:00,5.47,25.23,0.0,Summer,42.4
EV-10067,USR-1188,Condo/Apartment,Level 2 (7.2kW),2025-06-07 17:03:00,5.39,27.51,0.73,Spring,37.2
EV-10068,USR-1001,Condo/Apartment,Level 1 (1.4kW),2025-08-16 21:54:00,29.97,38.16,0.0,Fall,12.9
EV-10069,USR-1225,Single-Family,Level 2 (7.2kW),2025-01-16 09:27:00,12.97,20.41,0.42,Spring,53.4
EV-10070,USR-1229,Townhouse,Level 2 (7.2kW),2025-03-27 18:49:00,2.37,13.89,0.9,Fall,68.3
EV-10071,USR-1049,Condo/Apartment,Level 2 (7.2kW),2025-02-22 22:30:00,5.66,34.39,0.0,Fall,21.5
EV-10072,USR-1351,Single-Family,Level 2 (7.2kW),2025-07-06 23:08:00,7.93,20.33,0.0,Summer,53.6
EV-10073,USR-1161,Single-Family,Level 2 (7.2kW),2025-09-06 06:58:00,2.55,11.83,0.0,Summer,73.0
EV-10074,USR-1160,Townhouse,Level 2 (7.2kW),2025-11-04 00:40:00,7.06,38.38,0.0,Summer,12.4
EV-10075,USR-1181,Condo/Apartment,Level 2 (7.2kW),2025-03-25 16:54:00,11.28,32.11,0.37,Spring,26.7
EV-10076,USR-1201,Single-Family,Level 1 (1.4kW),2025-10-07 18:05:00,23.15,21.03,0.25,Winter,52.0
EV-10077,USR-1134,Single-Family,Level 1 (1.4kW),2025-11-08 17:19:00,27.56,35.75,0.31,Winter,18.4
EV-10078,USR-1160,Single-Family,Level 2 (7.2kW),2025-06-27 00:19:00,6.03,34.13,0.0,Winter,22.1
EV-10079,USR-1288,Single-Family,Level 2 (7.2kW),2025-12-16 17:56:00,2.09,11.92,1.0,Summer,72.8
EV-10080,USR-1181,Single-Family,Level 2 (7.2kW),2025-12-26 19:59:00,3.96,21.2,0.31,Winter,51.6
EV-10081,USR-1388,Single-Family,Level 2 (7.2kW),2025-09-18 13:09:00,7.29,33.6,0.6,Spring,23.3
EV-10082,USR-1321,Condo/Apartment,Level 2 (7.2kW),2025-11-15 18:17:00,11.59,30.97,0.23,Fall,29.3
EV-10083,USR-1007,Single-Family,Level 2 (7.2kW),2025-02-05 19:51:00,3.75,24.44,0.33,Spring,44.2
EV-10084,USR-1282,Single-Family,Level 2 (7.2kW),2025-02-22 13:32:00,7.61,27.2,0.65,Winter,37.9
EV-10085,USR-1299,Condo/Apartment,Level 1 (1.4kW),2025-11-07 18:59:00,26.47,36.4,0.19,Summer,16.9
EV-10086,USR-1254,Townhouse,Level 1 (1.4kW),2025-07-28 16:04:00,17.5,22.25,0.42,Spring,49.2
EV-10087,USR-1155,Condo/Apartment,Level 2 (7.2kW),2025-11-14 15:51:00,4.77,18.57,0.95,Winter,57.6
EV-10088,USR-1225,Single-Family,Level 2 (7.2kW),2025-06-10 17:19:00,19.59,26.46,0.31,Fall,39.6
EV-10089,USR-1309,Single-Family,Level 2 (7.2kW),2025-03-22 10:25:00,4.58,27.2,0.0,Spring,37.9
EV-10090,USR-1353,Single-Family,Level 2 (7.2kW),2025-06-01 21:30:00,6.27,32.46,0.0,Winter,25.9
EV-10091,USR-1376,Single-Family,Level 2 (7.2kW),2025-10-15 21:46:00,4.76,21.42,0.0,Winter,51.1
EV-10092,USR-1343,Condo/Apartment,Level 2 (7.2kW),2025-01-09 20:06:00,13.89,38.94,0.08,Fall,11.1
EV-10093,USR-1197,Townhouse,Level 2 (7.2kW),2025-01-06 19:35:00,5.01,25.1,0.3,Winter,42.7
EV-10094,USR-1303,Condo/Apartment,Level 2 (7.2kW),2025-10-19 21:29:00,2.68,11.52,0.0,Winter,73.7
EV-10095,USR-1149,Single-Family,Level 2 (7.2kW),2025-06-12 16:29:00,6.98,26.99,0.68,Spring,38.4
EV-10096,USR-1250,Townhouse,Level 2 (7.2kW),2025-02-27 15:01:00,5.14,29.35,0.81,Winter,33.0
EV-10097,USR-1203,Single-Family,Level 2 (7.2kW),2025-03-02 23:38:00,6.42,32.42,0.0,Winter,26.0
EV-10098,USR-1317,Condo/Apartment,Level 2 (7.2kW),2025-12-03 17:55:00,3.28,22.34,0.93,Fall,49.0
EV-10099,USR-1061,Condo/Apartment,Level 1 (1.4kW),2025-01-10 17:25:00,32.07,37.81,0.31,Winter,13.7
EV-10100,USR-1326,Townhouse,Level 2 (7.2kW),2025-03-03 18:14:00,3.56,21.03,0.8,Spring,52.0
EV-10101,USR-1272,Single-Family,Level 2 (7.2kW),2025-01-22 22:07:00,3.3,21.03,0.0,Fall,52.0
EV-10102,USR-1372,Townhouse,Level 2 (7.2kW),2025-04-01 18:10:00,11.94,29.48,0.25,Winter,32.7
EV-10103,USR-1389,Condo/Apartment,Level 2 (7.2kW),2025-03-08 22:06:00,5.33,25.15,0.0,Summer,42.6
EV-10104,USR-1256,Single-Family,Level 1 (1.4kW),2025-12-01 22:23:00,22.58,29.79,0.0,Spring,32.0
EV-10105,USR-1219,Condo/Apartment,Level 1 (1.4kW),2025-10-07 21:37:00,16.02,21.03,0.0,Fall,52.0
EV-10106,USR-1183,Condo/Apartment,Level 1 (1.4kW),2025-04-29 08:15:00,17.03,16.65,0.35,Winter,62.0
EV-10107,USR-1008,Townhouse,Level 2 (7.2kW),2025-10-17 11:06:00,2.56,16.65,0.0,Spring,62.0
EV-10108,USR-1396,Townhouse,Level 2 (7.2kW),2025-05-18 14:44:00,10.66,30.45,0.47,Spring,30.5
EV-10109,USR-1298,Condo/Apartment,Level 2 (7.2kW),2025-06-03 00:18:00,6.12,13.89,0.0,Fall,68.3
EV-10110,USR-1394,Condo/Apartment,Level 2 (7.2kW),2025-12-11 23:50:00,3.02,18.75,0.0,Winter,57.2
EV-10111,USR-1033,Condo/Apartment,Level 2 (7.2kW),2025-11-23 10:09:00,5.64,24.71,0.0,Winter,43.6
EV-10112,USR-1232,Single-Family,Level 2 (7.2kW),2025-07-24 14:48:00,4.27,12.75,0.72,Winter,70.9
EV-10113,USR-1117,Townhouse,Level 2 (7.2kW),2025-01-22 19:32:00,3.26,19.23,0.46,Winter,56.1
EV-10114,USR-1079,Condo/Apartment,Level 2 (7.2kW),2025-03-05 18:51:00,5.45,35.83,0.41,Winter,18.2
EV-10115,USR-1202,Condo/Apartment,Level 2 (7.2kW),2025-05-09 04:23:00,8.46,37.06,0.0,Winter,15.4
EV-10116,USR-1258,Condo/Apartment,Level 2 (7.2kW),2025-12-03 23:06:00,6.16,20.06,0.0,Spring,54.2
EV-10117,USR-1231,Single-Family,Level 2 (7.2kW),2025-10-22 21:07:00,9.6,24.88,0.0,Spring,43.2
EV-10118,USR-1206,Condo/Apartment,Level 2 (7.2kW),2025-03-05 12:57:00,2.35,16.82,0.0,Fall,61.6
EV-10119,USR-1359,Single-Family,Level 1 (1.4kW),2025-10-25 23:48:00,13.78,18.0,0.0,Spring,58.9
EV-10120,USR-1133,Condo/Apartment,Level 2 (7.2kW),2025-09-04 23:34:00,5.75,37.28,0.0,Winter,14.9
EV-10121,USR-1273,Townhouse,Level 1 (1.4kW),2025-04-18 22:02:00,19.42,25.5,0.0,Spring,41.8
EV-10122,USR-1369,Townhouse,Level 2 (7.2kW),2025-08-17 17:59:00,6.78,27.77,0.46,Spring,36.6
EV-10123,USR-1168,Condo/Apartment,Level 2 (7.2kW),2025-06-18 20:31:00,7.38,21.6,0.07,Winter,50.7
EV-10124,USR-1208,Single-Family,Level 2 (7.2kW),2025-07-16 12:33:00,12.83,36.32,0.42,Spring,17.1
EV-10125,USR-1084,Townhouse,Level 2 (7.2kW),2025-03-08 17:20:00,3.89,20.41,0.94,Winter,53.4
EV-10126,USR-1200,Condo/Apartment,Level 2 (7.2kW),2025-03-16 12:38:00,7.46,28.39,0.53,Winter,35.2
EV-10127,USR-1207,Single-Family,Level 2 (7.2kW),2025-06-10 23:22:00,4.61,14.19,0.0,Winter,67.6
EV-10128,USR-1329,Single-Family,Level 2 (7.2kW),2025-07-02 23:11:00,5.51,33.47,0.0,Fall,23.6
EV-10129,USR-1017,Condo/Apartment,Level 2 (7.2kW),2025-06-29 17:19:00,6.77,33.95,0.54,Fall,22.5
EV-10130,USR-1300,Single-Family,Level 2 (7.2kW),2025-12-06 16:11:00,3.43,19.84,1.0,Winter,54.7
EV-10131,USR-1000,Townhouse,Level 2 (7.2kW),2025-02-05 00:13:00,5.69,18.66,0.0,Fall,57.4
EV-10132,USR-1063,Single-Family,Level 2 (7.2kW),2025-12-13 00:55:00,4.57,21.47,0.0,Winter,51.0
EV-10133,USR-1314,Townhouse,Level 2 (7.2kW),2025-03-03 11:43:00,7.56,13.1,0.42,Fall,70.1
EV-10134,USR-1387,Single-Family,Level 2 (7.2kW),2025-01-23 18:37:00,1.88,12.22,1.0,Winter,72.1
EV-10135,USR-1005,Single-Family,Level 1 (1.4kW),2025-08-25 18:00:00,13.83,14.68,0.25,Fall,66.5
EV-10136,USR-1102,Condo/Apartment,Level 1 (1.4kW),2025-03-29 17:50:00,11.64,12.97,0.28,Summer,70.4
EV-10137,USR-1329,Single-Family,Level 2 (7.2kW),2025-12-28 23:23:00,6.95,12.53,0.0,Summer,71.4
EV-10138,USR-1187,Single-Family,Level 2 (7.2kW),2025-11-28 17:03:00,13.47,36.71,0.33,Fall,16.2
EV-10139,USR-1035,Condo/Apartment,Level 2 (7.2kW),2025-04-16 22:35:00,7.29,33.69,0.0,Fall,23.1
EV-10140,USR-1062,Single-Family,Level 1 (1.4kW),2025-02-18 19:59:00,24.32,29.09,0.1,Fall,33.6
EV-10141,USR-1348,Single-Family,Level 2 (7.2kW),2025-02-23 21:51:00,7.77,32.94,0.0,Winter,24.8
EV-10142,USR-1088,Condo/Apartment,Level 1 (1.4kW),2025-04-24 18:46:00,57.92,19.76,0.19,Spring,54.9
EV-10143,USR-1199,Condo/Apartment,Level 1 (1.4kW),2025-03-17 21:27:00,21.27,26.02,0.0,Fall,40.6
EV-10144,USR-1324,Townhouse,Level 2 (7.2kW),2025-02-08 16:45:00,7.43,29.31,0.57,Spring,33.1
EV-10145,USR-1019,Condo/Apartment,Level 1 (1.4kW),2025-08-26 10:42:00,67.65,25.06,0.42,Fall,42.8
EV-10146,USR-1162,Condo/Apartment,Level 2 (7.2kW),2025-07-07 17:12:00,3.51,17.17,1.0,Summer,60.8
EV-10147,USR-1165,Single-Family,Level 2 (7.2kW),2025-08-08 17:38:00,4.54,29.26,0.74,Winter,33.2
EV-10148,USR-1397,Condo/Apartment,Level 2 (7.2kW),2025-12-09 18:11:00,5.42,27.25,0.55,Summer,37.8
EV-10149,USR-1152,Single-Family,Level 2 (7.2kW),2025-04-20 20:11:00,4.45,22.04,0.22,Summer,49.7
EV-10150,USR-1143,Single-Family,Level 2 (7.2kW),2025-01-29 15:12:00,8.23,14.81,0.61,Fall,66.2
EV-10151,USR-1381,Single-Family,Level 1 (1.4kW),2025-08-31 20:24:00,17.38,23.66,0.06,Spring,46.0
EV-10152,USR-1310,Condo/Apartment,Level 1 (1.4kW),2025-06-13 13:07:00,17.66,19.14,0.42,Fall,56.3
EV-10153,USR-1211,Condo/Apartment,Level 2 (7.2kW),2025-11-02 16:10:00,11.9,39.25,0.42,Summer,10.4
EV-10154,USR-1174,Single-Family,Level 2 (7.2kW),2025-06-05 11:15:00,8.45,11.43,0.44,Winter,73.9
EV-10155,USR-1287,Townhouse,Level 1 (1.4kW),2025-12-21 00:40:00,17.88,18.09,0.0,Summer,58.7
EV-10156,USR-1362,Single-Family,Level 1 (1.4kW),2025-12-14 20:34:00,18.24,24.71,0.04,Winter,43.6
EV-10157,USR-1289,Condo/Apartment,Level 2 (7.2kW),2025-06-17 16:14:00,7.19,17.35,0.69,Summer,60.4
EV-10158,USR-1123,Single-Family,Level 2 (7.2kW),2025-09-11 10:54:00,3.6,23.74,0.0,Summer,45.8
EV-10159,USR-1313,Condo/Apartment,Level 2 (7.2kW),2025-11-29 19:49:00,10.06,35.35,0.12,Fall,19.3
EV-10160,USR-1151,Condo/Apartment,Level 2 (7.2kW),2025-12-22 12:23:00,4.16,21.42,0.12,Fall,51.1
EV-10161,USR-1343,Condo/Apartment,Level 2 (7.2kW),2025-01-04 18:07:00,5.0,30.8,0.6,Spring,29.7
EV-10162,USR-1297,Townhouse,Level 2 (7.2kW),2025-12-19 17:41:00,15.35,28.83,0.29,Spring,34.2
EV-10163,USR-1133,Townhouse,Level 2 (7.2kW),2025-04-14 18:05:00,4.1,28.83,0.71,Fall,34.2
EV-10164,USR-1375,Single-Family,Level 2 (7.2kW),2025-10-10 21:16:00,4.97,26.15,0.0,Fall,40.3
EV-10165,USR-1243,Townhouse,Level 2 (7.2kW),2025-06-09 17:53:00,7.6,33.25,0.42,Spring,24.1
EV-10166,USR-1392,Condo/Apartment,Level 2 (7.2kW),2025-12-30 17:36:00,9.54,32.24,0.36,Winter,26.4
EV-10167,USR-1348,Single-Family,Level 2 (7.2kW),2025-04-04 23:11:00,6.57,23.96,0.0,Spring,45.3
EV-10168,USR-1147,Townhouse,Level 2 (7.2kW),2025-03-07 00:39:00,14.6,26.11,0.0,Fall,40.4
EV-10169,USR-1103,Single-Family,Level 2 (7.2kW),2025-09-27 19:53:00,5.17,19.19,0.24,Spring,56.2
EV-10170,USR-1383,Townhouse,Level 1 (1.4kW),2025-03-06 12:43:00,26.35,34.52,0.42,Fall,21.2
EV-10171,USR-1015,Single-Family,Level 1 (1.4kW),2025-06-02 00:26:00,20.92,19.8,0.0,Winter,54.8
EV-10172,USR-1369,Townhouse,Level 2 (7.2kW),2025-12-31 18:17:00,5.57,39.43,0.48,Winter,10.0
EV-10173,USR-1078,Single-Family,Level 2 (7.2kW),2025-10-12 15:15:00,2.86,15.33,0.75,Fall,65.0
EV-10174,USR-1032,Single-Family,Level 2 (7.2kW),2025-10-24 17:48:00,7.28,19.32,0.43,Winter,55.9
EV-10175,USR-1198,Townhouse,Level 2 (7.2kW),2025-07-21 13:32:00,4.3,15.07,0.44,Winter,65.6
EV-10176,USR-1020,Townhouse,Level 2 (7.2kW),2025-03-16 19:26:00,7.33,26.68,0.23,Fall,39.1
EV-10177,USR-1346,Townhouse,Level 2 (7.2kW),2025-09-13 17:31:00,5.05,13.14,0.67,Summer,70.0
EV-10178,USR-1178,Townhouse,Level 2 (7.2kW),2025-02-02 22:26:00,8.76,13.32,0.0,Fall,69.6
EV-10179,USR-1113,Townhouse,Level 2 (7.2kW),2025-08-13 00:52:00,2.64,14.5,0.0,Winter,66.9
EV-10180,USR-1122,Townhouse,Level 2 (7.2kW),2025-10-16 00:54:00,8.38,18.71,0.0,Fall,57.3
EV-10181,USR-1210,Condo/Apartment,Level 2 (7.2kW),2025-04-06 21:23:00,43.32,25.63,0.0,Summer,41.5
EV-10182,USR-1391,Condo/Apartment,Level 2 (7.2kW),2025-07-09 17:56:00,4.49,31.37,0.72,Winter,28.4
EV-10183,USR-1030,Condo/Apartment,Level 1 (1.4kW),2025-07-31 15:02:00,14.83,16.78,0.42,Spring,61.7
EV-10184,USR-1084,Condo/Apartment,Level 2 (7.2kW),2025-08-15 17:08:00,7.95,21.16,0.5,Winter,51.7
EV-10185,USR-1396,Townhouse,Level 2 (7.2kW),2025-04-16 18:39:00,5.25,36.97,0.48,Summer,15.6
EV-10186,USR-1002,Single-Family,Level 2 (7.2kW),2025-08-30 19:09:00,4.34,18.18,0.44,Fall,58.5
EV-10187,USR-1036,Townhouse,Level 2 (7.2kW),2025-10-27 11:04:00,9.07,29.0,0.46,Fall,33.8
EV-10188,USR-1362,Condo/Apartment,Level 2 (7.2kW),2025-04-07 10:26:00,29.82,36.84,0.42,Winter,15.9
EV-10189,USR-1182,Single-Family,Level 2 (7.2kW),2025-09-12 12:48:00,6.07,16.43,0.48,Summer,62.5
EV-10190,USR-1315,Condo/Apartment,Level 2 (7.2kW),2025-06-26 23:50:00,4.89,31.15,0.0,Summer,28.9
EV-10191,USR-1226,Single-Family,Level 2 (7.2kW),2025-08-09 16:49:00,3.82,17.92,1.0,Fall,59.1
EV-10192,USR-1258,Townhouse,Level 2 (7.2kW),2025-08-23 21:46:00,4.48,21.12,0.0,Summer,51.8
EV-10193,USR-1234,Single-Family,Level 1 (1.4kW),2025-02-10 17:55:00,19.84,20.98,0.27,Winter,52.1
EV-10194,USR-1103,Single-Family,Level 2 (7.2kW),2025-09-20 18:36:00,5.87,37.54,0.42,Fall,14.3
EV-10195,USR-1023,Single-Family,Level 2 (7.2kW),2025-06-20 00:25:00,6.48,37.67,0.0,Winter,14.0
EV-10196,USR-1241,Condo/Apartment,Level 2 (7.2kW),2025-11-10 17:54:00,4.38,24.4,0.72,Winter,44.3
EV-10197,USR-1075,Single-Family,Level 1 (1.4kW),2025-08-18 12:35:00,15.23,16.52,0.42,Winter,62.3
EV-10198,USR-1151,Single-Family,Level 2 (7.2kW),2025-05-03 20:36:00,7.87,13.71,0.06,Spring,68.7
EV-10199,USR-1107,Single-Family,Level 2 (7.2kW),2025-11-10 16:50:00,6.9,19.71,0.61,Winter,55.0
EV-10200,USR-1355,Townhouse,Level 2 (7.2kW),2025-12-30 19:36:00,5.67,22.04,0.26,Fall,49.7
EV-10201,USR-1260,Townhouse,Level 1 (1.4kW),2025-09-11 10:41:00,20.46,18.66,0.42,Fall,57.4
EV-10202,USR-1330,Single-Family,Level 2 (7.2kW),2025-08-24 22:32:00,5.83,14.94,0.0,Winter,65.9
EV-10203,USR-1316,Single-Family,Level 2 (7.2kW),2025-04-08 18:38:00,9.67,26.42,0.26,Fall,39.7
EV-10204,USR-1083,Condo/Apartment,Level 2 (7.2kW),2025-08-24 04:38:00,10.7,36.97,0.0,Fall,15.6
EV-10205,USR-1324,Townhouse,Level 2 (7.2kW),2025-06-09 17:50:00,4.46,25.36,0.72,Winter,42.1
EV-10206,USR-1207,Townhouse,Level 2 (7.2kW),2025-08-07 20:03:00,4.4,19.41,0.22,Spring,55.7
EV-10207,USR-1381,Single-Family,Level 1 (1.4kW),2025-12-27 23:03:00,26.32,34.52,0.0,Spring,21.2
EV-10208,USR-1003,Single-Family,Level 2 (7.2kW),2025-11-07 19:26:00,4.46,15.33,0.39,Winter,65.0
EV-10209,USR-1005,Condo/Apartment,Level 2 (7.2kW),2025-01-12 16:40:00,7.24,31.63,0.62,Fall,27.8
EV-10210,USR-1357,Condo/Apartment,Level 2 (7.2kW),2025-06-12 23:26:00,5.09,12.31,0.0,Fall,71.9
EV-10211,USR-1001,Condo/Apartment,Level 2 (7.2kW),2025-10-23 20:31:00,6.16,18.22,0.08,Summer,58.4
EV-10212,USR-1090,Single-Family,Level 2 (7.2kW),2025-03-21 19:24:00,2.24,11.65,0.78,Summer,73.4
EV-10213,USR-1218,Single-Family,Level 2 (7.2kW),2025-06-19 20:47:00,2.83,18.53,0.08,Summer,57.7
EV-10214,USR-1368,Townhouse,Level 1 (1.4kW),2025-02-22 22:51:00,25.81,26.02,0.0,Fall,40.6
EV-10215,USR-1021,Condo/Apartment,Level 2 (7.2kW),2025-08-15 13:09:00,2.64,17.35,0.0,Spring,60.4
EV-10216,USR-1192,Condo/Apartment,Level 2 (7.2kW),2025-01-05 18:16:00,5.51,21.51,0.5,Fall,50.9
EV-10217,USR-1379,Townhouse,Level 2 (7.2kW),2025-12-25 17:00:00,6.08,16.78,0.64,Fall,61.7
EV-10218,USR-1087,Townhouse,Level 2 (7.2kW),2025-04-28 00:45:00,3.04,21.03,0.0,Fall,52.0
EV-10219,USR-1179,Single-Family,Level 2 (7.2kW),2025-05-26 20:39:00,5.39,28.78,0.09,Fall,34.3
EV-10220,USR-1347,Townhouse,Level 2 (7.2kW),2025-02-18 00:29:00,3.67,23.0,0.0,Summer,47.5
EV-10221,USR-1230,Single-Family,Level 2 (7.2kW),2025-09-20 11:11:00,2.75,18.31,0.0,Winter,58.2
EV-10222,USR-1239,Townhouse,Level 2 (7.2kW),2025-05-13 10:03:00,8.32,31.45,0.29,Winter,28.2
EV-10223,USR-1305,Townhouse,Level 2 (7.2kW),2025-05-14 08:03:00,11.29,25.98,0.3,Spring,40.7
EV-10224,USR-1227,Condo/Apartment,Level 2 (7.2kW),2025-11-23 10:28:00,9.74,19.98,0.41,Spring,54.4
EV-10225,USR-1087,Condo/Apartment,Level 2 (7.2kW),2025-09-08 13:05:00,6.85,32.29,0.57,Spring,26.3
EV-10226,USR-1233,Single-Family,Level 2 (7.2kW),2025-03-30 18:31:00,3.67,25.58,0.67,Fall,41.6
EV-10227,USR-1390,Townhouse,Level 2 (7.2kW),2025-05-26 19:06:00,6.66,28.47,0.3,Fall,35.0
EV-10228,USR-1024,Townhouse,Level 2 (7.2kW),2025-01-07 09:13:00,7.64,36.93,0.1,Winter,15.7
EV-10229,USR-1235,Single-Family,Level 2 (7.2kW),2025-08-12 17:01:00,3.37,18.09,1.0,Spring,58.7
EV-10230,USR-1393,Single-Family,Level 2 (7.2kW),2025-12-22 16:45:00,8.17,32.51,0.52,Winter,25.8
EV-10231,USR-1127,Single-Family,Level 1 (1.4kW),2025-11-15 18:05:00,14.29,16.91,0.25,Summer,61.4
EV-10232,USR-1031,Single-Family,Level 2 (7.2kW),2025-03-31 13:09:00,4.02,28.34,0.29,Spring,35.3
EV-10233,USR-1078,Single-Family,Level 2 (7.2kW),2025-12-13 17:33:00,6.45,34.52,0.54,Winter,21.2
EV-10234,USR-1398,Single-Family,Level 2 (7.2kW),2025-02-23 01:32:00,4.63,20.24,0.0,Summer,53.8
EV-10235,USR-1099,Condo/Apartment,Level 2 (7.2kW),2025-04-17 00:43:00,9.73,35.0,0.0,Spring,20.1
EV-10236,USR-1010,Single-Family,Level 2 (7.2kW),2025-09-02 12:00:00,10.84,22.04,0.45,Spring,49.7
EV-10237,USR-1087,Single-Family,Level 2 (7.2kW),2025-01-11 12:54:00,4.53,11.21,0.32,Spring,74.4
EV-10238,USR-1394,Single-Family,Level 2 (7.2kW),2025-08-01 01:10:00,3.99,12.53,0.0,Fall,71.4
EV-10239,USR-1030,Single-Family,Level 2 (7.2kW),2025-07-26 18:25:00,3.25,12.57,0.85,Fall,71.3
EV-10240,USR-1351,Townhouse,Level 2 (7.2kW),2025-12-25 17:27:00,15.61,29.13,0.31,Summer,33.5
EV-10241,USR-1128,Condo/Apartment,Level 1 (1.4kW),2025-10-15 10:03:00,23.26,22.17,0.42,Summer,49.4
EV-10242,USR-1209,Single-Family,Level 2 (7.2kW),2025-03-29 16:27:00,4.98,29.26,0.95,Spring,33.2
EV-10243,USR-1377,Single-Family,Level 2 (7.2kW),2025-11-01 20:55:00,5.63,38.16,0.04,Spring,12.9
EV-10244,USR-1383,Condo/Apartment,Level 2 (7.2kW),2025-05-03 17:49:00,2.8,19.06,1.0,Winter,56.5
EV-10245,USR-1110,Single-Family,Level 1 (1.4kW),2025-08-12 17:03:00,30.95,37.72,0.33,Fall,13.9
EV-10246,USR-1104,Single-Family,Level 2 (7.2kW),2025-10-26 16:32:00,8.63,38.59,0.51,Spring,11.9
EV-10247,USR-1199,Condo/Apartment,Level 2 (7.2kW),2025-09-16 08:27:00,5.69,31.76,0.0,Fall,27.5
EV-10248,USR-1049,Single-Family,Level 2 (7.2kW),2025-03-22 10:12:00,4.22,15.99,0.0,Fall,63.5
EV-10249,USR-1364,Single-Family,Level 1 (1.4kW),2025-12-07 23:44:00,11.71,11.61,0.0,Spring,73.5
EV-10250,USR-1357,Townhouse,Level 2 (7.2kW),2025-06-01 22:54:00,6.01,37.81,0.0,Summer,13.7
EV-10251,USR-1124,Condo/Apartment,Level 2 (7.2kW),2025-09-12 22:45:00,2.26,14.37,0.0,Spring,67.2
EV-10252,USR-1109,Condo/Apartment,Level 2 (7.2kW),2025-05-15 16:56:00,4.31,24.75,0.94,Winter,43.5
EV-10253,USR-1263,Condo/Apartment,Level 2 (7.2kW),2025-04-24 11:50:00,6.76,34.56,0.37,Fall,21.1
EV-10254,USR-1320,Condo/Apartment,Level 2 (7.2kW),2025-04-15 18:41:00,4.34,30.27,0.56,Spring,30.9
EV-10255,USR-1280,Single-Family,Level 2 (7.2kW),2025-11-06 15:39:00,5.04,12.35,0.9,Summer,71.8
EV-10256,USR-1146,Single-Family,Level 1 (1.4kW),2025-03-30 16:44:00,15.85,21.07,0.38,Summer,51.9
EV-10257,USR-1063,Single-Family,Level 2 (7.2kW),2025-05-10 16:15:00,11.99,29.7,0.4,Summer,32.2
EV-10258,USR-1294,Single-Family,Level 2 (7.2kW),2025-05-06 08:53:00,7.87,26.33,0.09,Fall,39.9
EV-10259,USR-1206,Single-Family,Level 2 (7.2kW),2025-04-28 21:43:00,9.87,32.07,0.0,Winter,26.8
EV-10260,USR-1169,Townhouse,Level 2 (7.2kW),2025-05-30 21:26:00,4.79,20.68,0.0,Winter,52.8
EV-10261,USR-1330,Single-Family,Level 1 (1.4kW),2025-05-31 23:41:00,9.64,13.45,0.0,Fall,69.3
EV-10262,USR-1045,Condo/Apartment,Level 1 (1.4kW),2025-10-21 19:45:00,14.6,18.27,0.1,Winter,58.3
EV-10263,USR-1049,Townhouse,Level 2 (7.2kW),2025-06-04 23:54:00,6.04,36.14,0.0,Winter,17.5
EV-10264,USR-1379,Condo/Apartment,Level 2 (7.2kW),2025-09-11 00:29:00,5.04,25.28,0.0,Summer,42.3
EV-10265,USR-1298,Single-Family,Level 2 (7.2kW),2025-01-09 18:57:00,5.02,30.67,0.43,Fall,30.0
EV-10266,USR-1066,Condo/Apartment,Level 2 (7.2kW),2025-06-17 21:17:00,2.54,16.47,0.0,Summer,62.4
EV-10267,USR-1224,Townhouse,Level 2 (7.2kW),2025-03-15 19:17:00,7.89,32.77,0.22,Summer,25.2
EV-10268,USR-1055,Single-Family,Level 2 (7.2kW),2025-10-13 17:58:00,4.69,32.24,0.68,Spring,26.4
EV-10269,USR-1047,Single-Family,Level 2 (7.2kW),2025-06-01 17:20:00,10.45,36.45,0.36,Fall,16.8
EV-10270,USR-1041,Single-Family,Level 2 (7.2kW),2025-11-25 00:50:00,6.26,24.31,0.0,Winter,44.5
EV-10271,USR-1149,Single-Family,Level 2 (7.2kW),2025-05-26 19:48:00,7.24,25.15,0.17,Fall,42.6
EV-10272,USR-1217,Single-Family,Level 2 (7.2kW),2025-04-16 10:15:00,20.9,28.91,0.42,Fall,34.0
EV-10273,USR-1037,Condo/Apartment,Level 2 (7.2kW),2025-01-08 19:19:00,4.13,28.61,0.41,Winter,34.7
EV-10274,USR-1322,Condo/Apartment,Level 2 (7.2kW),2025-03-24 21:08:00,14.09,37.41,0.0,Winter,14.6
EV-10275,USR-1028,Condo/Apartment,Level 2 (7.2kW),2025-04-26 16:36:00,2.56,12.05,1.0,Summer,72.5
EV-10276,USR-1276,Townhouse,Level 2 (7.2kW),2025-05-22 17:46:00,2.0,12.0,1.0,Winter,72.6
EV-10277,USR-1128,Single-Family,Level 2 (7.2kW),2025-06-14 19:55:00,2.62,16.82,0.45,Summer,61.6
EV-10278,USR-1392,Single-Family,Level 2 (7.2kW),2025-07-01 20:15:00,8.96,38.2,0.08,Fall,12.8
EV-10279,USR-1261,Single-Family,Level 2 (7.2kW),2025-01-18 17:07:00,50.1,24.36,0.33,Summer,44.4
EV-10280,USR-1040,Single-Family,Level 2 (7.2kW),2025-01-26 18:18:00,2.73,16.6,1.0,Winter,62.1
EV-10281,USR-1078,Single-Family,Level 1 (1.4kW),2025-02-20 11:14:00,35.52,34.43,0.42,Spring,21.4
EV-10282,USR-1036,Townhouse,Level 1 (1.4kW),2025-03-06 20:06:00,23.46,25.8,0.08,Summer,41.1
EV-10283,USR-1041,Condo/Apartment,Level 1 (1.4kW),2025-05-03 18:44:00,13.24,16.82,0.21,Fall,61.6
EV-10284,USR-1161,Townhouse,Level 2 (7.2kW),2025-09-29 19:21:00,2.61,11.74,0.64,Fall,73.2
EV-10285,USR-1080,Single-Family,Level 2 (7.2kW),2025-07-07 17:27:00,9.39,26.37,0.39,Winter,39.8
EV-10286,USR-1331,Single-Family,Level 2 (7.2kW),2025-02-02 15:57:00,5.22,36.62,0.95,Fall,16.4
EV-10287,USR-1014,Townhouse,Level 2 (7.2kW),2025-02-21 22:20:00,5.25,31.45,0.0,Winter,28.2
EV-10288,USR-1080,Single-Family,Level 2 (7.2kW),2025-01-26 22:14:00,9.55,26.72,0.0,Spring,39.0
EV-10289,USR-1218,Condo/Apartment,Level 2 (7.2kW),2025-06-28 14:37:00,4.1,17.79,0.65,Summer,59.4
EV-10290,USR-1170,Single-Family,Level 2 (7.2kW),2025-03-29 17:59:00,6.53,22.04,0.48,Fall,49.7
EV-10291,USR-1359,Condo/Apartment,Level 2 (7.2kW),2025-01-01 17:12:00,7.28,31.5,0.53,Summer,28.1
EV-10292,USR-1109,Single-Family,Level 2 (7.2kW),2025-06-09 19:34:00,6.08,34.52,0.24,Spring,21.2
EV-10293,USR-1201,Single-Family,Level 2 (7.2kW),2025-09-08 21:39:00,8.47,33.91,0.0,Summer,22.6
EV-10294,USR-1021,Condo/Apartment,Level 2 (7.2kW),2025-01-08 17:15:00,7.84,17.96,0.47,Fall,59.0
EV-10295,USR-1158,Single-Family,Level 2 (7.2kW),2025-10-14 18:26:00,7.09,25.06,0.38,Winter,42.8
EV-10296,USR-1143,Townhouse,Level 1 (1.4kW),2025-01-24 21:39:00,20.39,19.41,0.0,Winter,55.7
EV-10297,USR-1143,Townhouse,Level 2 (7.2kW),2025-08-13 18:23:00,5.48,33.73,0.5,Winter,23.0
EV-10298,USR-1067,Townhouse,Level 2 (7.2kW),2025-11-30 04:08:00,7.75,27.64,0.0,Winter,36.9
EV-10299,USR-1036,Single-Family,Level 1 (1.4kW),2025-05-10 20:45:00,28.2,30.93,0.02,Winter,29.4
EV-10300,USR-1005,Condo/Apartment,Level 2 (7.2kW),2025-10-12 16:22:00,5.29,26.2,0.86,Winter,40.2
EV-10301,USR-1324,Single-Family,Level 2 (7.2kW),2025-11-16 19:42:00,3.08,18.97,0.46,Spring,56.7
EV-10302,USR-1042,Townhouse,Level 1 (1.4kW),2025-07-05 11:59:00,37.69,37.19,0.42,Summer,15.1
EV-10303,USR-1240,Single-Family,Level 2 (7.2kW),2025-12-16 22:00:00,5.1,31.45,0.0,Winter,28.2
EV-10304,USR-1309,Townhouse,Level 2 (7.2kW),2025-04-06 22:24:00,7.22,25.85,0.0,Fall,41.0
EV-10305,USR-1384,Single-Family,Level 2 (7.2kW),2025-10-02 16:17:00,2.87,15.42,1.0,Fall,64.8
EV-10306,USR-1195,Single-Family,Level 2 (7.2kW),2025-01-09 13:12:00,5.5,29.66,0.45,Winter,32.3
EV-10307,USR-1288,Single-Family,Level 1 (1.4kW),2025-10-29 00:05:00,15.18,14.19,0.0,Fall,67.6
EV-10308,USR-1131,Condo/Apartment,Level 2 (7.2kW),2025-12-08 17:36:00,7.58,32.9,0.45,Fall,24.9
EV-10309,USR-1145,Single-Family,Level 2 (7.2kW),2025-09-22 12:24:00,6.03,35.88,0.4,Winter,18.1
EV-10310,USR-1013,Townhouse,Level 2 (7.2kW),2025-07-25 12:55:00,5.84,32.86,0.46,Fall,25.0
EV-10311,USR-1221,Townhouse,Level 1 (1.4kW),2025-05-03 15:25:00,13.27,17.65,0.42,Fall,59.7
EV-10312,USR-1247,Single-Family,Level 1 (1.4kW),2025-08-13 12:39:00,12.87,16.25,0.42,Fall,62.9
EV-10313,USR-1099,Single-Family,Level 2 (7.2kW),2025-11-23 23:51:00,6.91,28.87,0.0,Summer,34.1
EV-10314,USR-1221,Single-Family,Level 2 (7.2kW),2025-05-29 22:46:00,3.14,16.08,0.0,Fall,63.3
EV-10315,USR-1386,Condo/Apartment,Level 2 (7.2kW),2025-08-04 16:18:00,2.65,17.65,1.0,Fall,59.7
EV-10316,USR-1215,Townhouse,Level 2 (7.2kW),2025-05-15 15:09:00,13.91,37.54,0.42,Summer,14.3
EV-10317,USR-1161,Single-Family,Level 2 (7.2kW),2025-03-30 17:12:00,12.63,25.63,0.33,Fall,41.5
EV-10318,USR-1098,Condo/Apartment,Level 2 (7.2kW),2025-06-17 11:11:00,6.41,38.77,0.23,Winter,11.5
EV-10319,USR-1108,Single-Family,Level 2 (7.2kW),2025-04-16 18:30:00,9.45,16.43,0.26,Spring,62.5
EV-10320,USR-1275,Townhouse,Level 2 (7.2kW),2025-10-18 16:19:00,5.66,14.02,0.83,Fall,68.0
EV-10321,USR-1318,Townhouse,Level 2 (7.2kW),2025-08-04 23:32:00,3.87,27.38,0.0,Fall,37.5
EV-10322,USR-1222,Condo/Apartment,Level 2 (7.2kW),2025-04-25 20:58:00,7.9,38.42,0.03,Fall,12.3
EV-10323,USR-1377,Townhouse,Level 2 (7.2kW),2025-02-15 19:07:00,4.28,29.61,0.44,Winter,32.4
EV-10324,USR-1139,Condo/Apartment,Level 2 (7.2kW),2025-08-10 19:08:00,5.53,32.59,0.35,Summer,25.6
EV-10325,USR-1102,Single-Family,Level 2 (7.2kW),2025-09-03 15:07:00,2.05,12.13,0.56,Fall,72.3
EV-10326,USR-1092,Condo/Apartment,Level 1 (1.4kW),2025-11-04 18:13:00,32.06,31.45,0.25,Fall,28.2
EV-10327,USR-1361,Single-Family,Level 2 (7.2kW),2025-07-29 17:03:00,4.78,28.34,0.8,Winter,35.3
EV-10328,USR-1111,Townhouse,Level 2 (7.2kW),2025-06-04 19:46:00,5.58,37.5,0.22,Winter,14.4
EV-10329,USR-1327,Townhouse,Level 1 (1.4kW),2025-12-26 17:08:00,24.33,33.12,0.33,Spring,24.4
EV-10330,USR-1148,Single-Family,Level 2 (7.2kW),2025-05-27 15:08:00,11.54,18.62,0.43,Summer,57.5
EV-10331,USR-1177,Townhouse,Level 2 (7.2kW),2025-05-21 11:05:00,3.43,18.27,0.0,Winter,58.3
EV-10332,USR-1293,Townhouse,Level 2 (7.2kW),2025-12-21 11:59:00,9.58,25.32,0.51,Winter,42.2
EV-10333,USR-1392,Single-Family,Level 2 (7.2kW),2025-11-17 17:00:00,4.15,25.45,0.94,Fall,41.9
EV-10334,USR-1223,Townhouse,Level 2 (7.2kW),2025-07-25 17:22:00,45.81,12.35,0.31,Summer,71.8
EV-10335,USR-1018,Single-Family,Level 1 (1.4kW),2025-02-18 19:06:00,22.0,29.39,0.17,Winter,32.9
EV-10336,USR-1007,Townhouse,Level 2 (7.2kW),2025-03-27 16:37:00,6.2,33.51,0.72,Winter,23.5
EV-10337,USR-1183,Townhouse,Level 2 (7.2kW),2025-05-17 18:54:00,4.67,31.15,0.47,Fall,28.9
EV-10338,USR-1377,Condo/Apartment,Level 1 (1.4kW),2025-08-20 16:43:00,21.41,28.83,0.38,Fall,34.2
EV-10339,USR-1387,Single-Family,Level 2 (7.2kW),2025-09-23 01:27:00,7.2,16.16,0.0,Spring,63.1
EV-10340,USR-1214,Single-Family,Level 2 (7.2kW),2025-07-21 17:29:00,5.07,35.66,0.71,Fall,18.6
EV-10341,USR-1188,Townhouse,Level 1 (1.4kW),2025-12-24 16:53:00,13.1,18.09,0.35,Winter,58.7
EV-10342,USR-1026,Townhouse,Level 2 (7.2kW),2025-10-14 18:51:00,4.22,25.01,0.53,Spring,42.9
EV-10343,USR-1203,Townhouse,Level 2 (7.2kW),2025-06-25 06:32:00,9.17,18.14,0.0,Spring,58.6
EV-10344,USR-1259,Condo/Apartment,Level 2 (7.2kW),2025-11-27 17:54:00,7.93,23.61,0.41,Summer,46.1
EV-10345,USR-1163,Townhouse,Level 2 (7.2kW),2025-10-04 16:51:00,4.02,22.96,1.0,Spring,47.6
EV-10346,USR-1213,Single-Family,Level 2 (7.2kW),2025-04-05 14:44:00,7.84,24.8,0.62,Spring,43.4
EV-10347,USR-1073,Condo/Apartment,Level 2 (7.2kW),2025-12-06 23:20:00,3.64,20.9,0.0,Fall,52.3
EV-10348,USR-1244,Single-Family,Level 2 (7.2kW),2025-11-13 18:22:00,2.8,18.0,0.92,Spring,58.9
EV-10349,USR-1036,Townhouse,Level 2 (7.2kW),2025-03-10 00:21:00,2.63,14.63,0.0,Fall,66.6
EV-10350,USR-1307,Townhouse,Level 2 (7.2kW),2025-12-11 15:50:00,4.01,24.66,0.94,Fall,43.7
EV-10351,USR-1290,Single-Family,Level 1 (1.4kW),2025-06-25 19:54:00,30.15,38.38,0.1,Fall,12.4
EV-10352,USR-1029,Single-Family,Level 2 (7.2kW),2025-09-21 21:12:00,3.69,25.54,0.0,Fall,41.7
EV-10353,USR-1226,Townhouse,Level 1 (1.4kW),2025-12-07 16:56:00,21.56,29.04,0.35,Summer,33.7
EV-10354,USR-1082,Single-Family,Level 2 (7.2kW),2025-11-18 16:16:00,3.69,23.09,1.0,Fall,47.3
EV-10355,USR-1242,Single-Family,Level 1 (1.4kW),2025-11-24 15:37:00,19.35,23.13,0.42,Spring,47.2
EV-10356,USR-1180,Single-Family,Level 2 (7.2kW),2025-07-26 19:48:00,5.28,25.76,0.23,Spring,41.2
EV-10357,USR-1311,Townhouse,Level 1 (1.4kW),2025-01-11 17:49:00,29.63,36.27,0.27,Winter,17.2
EV-10358,USR-1085,Single-Family,Level 2 (7.2kW),2025-08-17 17:57:00,3.25,11.74,1.0,Fall,73.2
EV-10359,USR-1059,Condo/Apartment,Level 2 (7.2kW),2025-07-17 00:02:00,14.27,32.29,0.0,Fall,26.3
EV-10360,USR-1201,Single-Family,Level 2 (7.2kW),2025-08-02 19:25:00,11.39,36.1,0.15,Spring,17.6
EV-10361,USR-1015,Condo/Apartment,Level 2 (7.2kW),2025-01-27 18:48:00,2.29,15.86,0.9,Fall,63.8
EV-10362,USR-1123,Townhouse,Level 2 (7.2kW),2025-10-15 22:10:00,2.96,20.9,0.0,Fall,52.3
EV-10363,USR-1147,Single-Family,Level 1 (1.4kW),2025-01-13 13:21:00,27.31,34.43,0.42,Winter,21.4
EV-10364,USR-1037,Condo/Apartment,Level 2 (7.2kW),2025-06-08 17:46:00,3.36,20.63,0.93,Fall,52.9
EV-10365,USR-1206,Townhouse,Level 2 (7.2kW),2025-12-06 17:58:00,4.32,19.58,0.72,Winter,55.3
EV-10366,USR-1252,Single-Family,Level 1 (1.4kW),2025-07-29 10:21:00,28.92,38.73,0.42,Fall,11.6
EV-10367,USR-1240,Single-Family,Level 1 (1.4kW),2025-12-15 17:19:00,23.79,31.76,0.31,Spring,27.5
EV-10368,USR-1251,Condo/Apartment,Level 2 (7.2kW),2025-09-13 15:00:00,4.62,30.67,0.79,Fall,30.0
EV-10369,USR-1018,Single-Family,Level 2 (7.2kW),2025-04-06 08:42:00,5.36,30.75,0.0,Winter,29.8
EV-10370,USR-1099,Single-Family,Level 1 (1.4kW),2025-07-06 18:11:00,26.92,31.37,0.25,Summer,28.4
EV-10371,USR-1124,Single-Family,Level 2 (7.2kW),2025-03-14 23:41:00,13.12,17.79,0.0,Fall,59.4
EV-10372,USR-1066,Townhouse,Level 2 (7.2kW),2025-04-25 12:40:00,9.8,29.13,0.5,Summer,33.5
EV-10373,USR-1069,Single-Family,Level 2 (7.2kW),2025-03-15 15:00:00,5.22,24.09,0.81,Spring,45.0
EV-10374,USR-1325,Townhouse,Level 2 (7.2kW),2025-03-19 12:11:00,8.05,32.37,0.52,Fall,26.1
EV-10375,USR-1106,Single-Family,Level 2 (7.2kW),2025-06-30 22:13:00,7.58,37.72,0.0,Fall,13.9
EV-10376,USR-1230,Single-Family,Level 2 (7.2kW),2025-03-03 11:12:00,2.94,15.25,0.0,Spring,65.2
EV-10377,USR-1125,Townhouse,Level 1 (1.4kW),2025-06-02 10:05:00,19.87,21.12,0.42,Winter,51.8
EV-10378,USR-1094,Single-Family,Level 2 (7.2kW),2025-04-13 16:48:00,5.6,26.72,0.74,Spring,39.0
EV-10379,USR-1196,Single-Family,Level 1 (1.4kW),2025-08-15 20:57:00,20.01,26.5,0.02,Fall,39.5
EV-10380,USR-1157,Single-Family,Level 2 (7.2kW),2025-06-06 20:43:00,7.61,36.49,0.06,Spring,16.7
EV-10381,USR-1015,Condo/Apartment,Level 2 (7.2kW),2025-03-09 17:28:00,3.66,20.81,1.0,Fall,52.5
EV-10382,USR-1007,Single-Family,Level 1 (1.4kW),2025-01-01 16:04:00,22.11,15.68,0.42,Fall,64.2
EV-10383,USR-1294,Townhouse,Level 2 (7.2kW),2025-01-25 10:58:00,6.37,26.42,0.19,Summer,39.7
EV-10384,USR-1016,Single-Family,Level 2 (7.2kW),2025-04-21 20:12:00,6.0,14.94,0.17,Winter,65.9
EV-10385,USR-1232,Condo/Apartment,Level 2 (7.2kW),2025-11-29 10:18:00,2.03,12.84,0.0,Winter,70.7
EV-10386,USR-1075,Townhouse,Level 2 (7.2kW),2025-03-01 17:27:00,3.54,25.06,1.0,Winter,42.8
EV-10387,USR-1038,Single-Family,Level 2 (7.2kW),2025-12-06 10:47:00,8.93,35.13,0.42,Winter,19.8
EV-10388,USR-1384,Condo/Apartment,Level 1 (1.4kW),2025-07-23 16:44:00,25.27,34.96,0.38,Spring,20.2
EV-10389,USR-1154,Townhouse,Level 2 (7.2kW),2025-07-05 10:28:00,2.64,14.28,0.0,Winter,67.4
EV-10390,USR-1373,Condo/Apartment,Level 2 (7.2kW),2025-10-30 19:15:00,6.64,18.14,0.26,Spring,58.6
EV-10391,USR-1262,Condo/Apartment,Level 2 (7.2kW),2025-09-08 07:10:00,2.63,13.76,0.0,Winter,68.6
EV-10392,USR-1076,Single-Family,Level 2 (7.2kW),2025-09-20 17:02:00,3.25,15.29,1.0,Fall,65.1
EV-10393,USR-1361,Townhouse,Level 1 (1.4kW),2025-11-07 22:40:00,25.52,34.56,0.0,Summer,21.1
EV-10394,USR-1186,Townhouse,Level 1 (1.4kW),2025-06-28 23:31:00,26.31,36.54,0.0,Summer,16.6
EV-10395,USR-1348,Single-Family,Level 2 (7.2kW),2025-02-19 16:49:00,9.16,26.81,0.46,Spring,38.8
EV-10396,USR-1101,Single-Family,Level 1 (1.4kW),2025-12-11 17:36:00,19.45,24.84,0.29,Fall,43.3
EV-10397,USR-1372,Townhouse,Level 2 (7.2kW),2025-01-13 17:55:00,2.82,19.58,1.0,Fall,55.3
EV-10398,USR-1360,Condo/Apartment,Level 2 (7.2kW),2025-08-07 23:51:00,5.91,16.73,0.0,Spring,61.8
EV-10399,USR-1029,Single-Family,Level 1 (1.4kW),2025-01-26 20:17:00,26.32,34.78,0.06,Summer,20.6
EV-10400,USR-1006,Single-Family,Level 2 (7.2kW),2025-01-23 22:57:00,6.6,34.17,0.0,Summer,22.0
EV-10401,USR-1353,Townhouse,Level 1 (1.4kW),2025-06-03 14:24:00,21.81,28.3,0.42,Fall,35.4
EV-10402,USR-1195,Condo/Apartment,Level 2 (7.2kW),2025-09-26 12:25:00,10.14,18.14,0.49,Summer,58.6
EV-10403,USR-1038,Single-Family,Level 2 (7.2kW),2025-03-17 16:55:00,3.72,25.32,1.0,Winter,42.2
EV-10404,USR-1200,Single-Family,Level 1 (1.4kW),2025-09-21 18:38:00,16.54,15.2,0.21,Fall,65.3
EV-10405,USR-1192,Single-Family,Level 2 (7.2kW),2025-09-15 17:00:00,3.3,21.12,1.0,Winter,51.8
EV-10406,USR-1170,Single-Family,Level 2 (7.2kW),2025-12-26 20:25:00,3.26,15.25,0.23,Winter,65.2
EV-10407,USR-1236,Townhouse,Level 1 (1.4kW),2025-08-16 22:11:00,27.14,35.88,0.0,Fall,18.1
EV-10408,USR-1117,Townhouse,Level 1 (1.4kW),2025-10-18 09:25:00,31.71,36.49,0.42,Winter,16.7
EV-10409,USR-1005,Townhouse,Level 2 (7.2kW),2025-09-17 00:03:00,4.0,23.96,0.0,Fall,45.3
EV-10410,USR-1363,Single-Family,Level 2 (7.2kW),2025-03-06 18:12:00,5.69,36.71,0.52,Fall,16.2
EV-10411,USR-1145,Townhouse,Level 2 (7.2kW),2025-07-27 22:01:00,6.89,22.12,0.0,Winter,49.5
EV-10412,USR-1147,Single-Family,Level 2 (7.2kW),2025-02-02 18:45:00,4.13,22.21,0.53,Summer,49.3
EV-10413,USR-1122,Single-Family,Level 2 (7.2kW),2025-08-16 19:51:00,17.05,39.08,0.1,Summer,10.8
EV-10414,USR-1065,Single-Family,Level 2 (7.2kW),2025-11-30 00:16:00,3.81,26.07,0.0,Fall,40.5
EV-10415,USR-1342,Condo/Apartment,Level 2 (7.2kW),2025-01-17 08:34:00,6.93,35.88,0.0,Fall,18.1
EV-10416,USR-1323,Single-Family,Level 2 (7.2kW),2025-09-02 17:36:00,4.0,24.8,0.88,Fall,43.4
EV-10417,USR-1015,Condo/Apartment,Level 2 (7.2kW),2025-03-02 22:27:00,6.75,34.52,0.0,Summer,21.2
EV-10418,USR-1232,Single-Family,Level 1 (1.4kW),2025-02-13 14:05:00,21.17,28.78,0.42,Winter,34.3
EV-10419,USR-1144,Single-Family,Level 2 (7.2kW),2025-05-05 10:29:00,4.06,27.2,0.0,Fall,37.9
EV-10420,USR-1009,Single-Family,Level 1 (1.4kW),2025-09-14 14:52:00,20.41,28.39,0.42,Fall,35.2
EV-10421,USR-1010,Townhouse,Level 2 (7.2kW),2025-12-04 17:16:00,4.44,30.93,0.83,Summer,29.4
EV-10422,USR-1308,Single-Family,Level 1 (1.4kW),2025-05-08 23:01:00,26.46,30.97,0.0,Spring,29.3
EV-10423,USR-1355,Townhouse,Level 2 (7.2kW),2025-09-14 14:52:00,6.99,28.91,0.71,Spring,34.0
EV-10424,USR-1079,Single-Family,Level 2 (7.2kW),2025-01-10 12:01:00,5.5,19.19,0.27,Winter,56.2
EV-10425,USR-1117,Single-Family,Level 2 (7.2kW),2025-03-20 16:24:00,6.09,25.89,0.76,Winter,40.9
EV-10426,USR-1359,Condo/Apartment,Level 1 (1.4kW),2025-09-10 18:28:00,13.76,17.57,0.23,Summer,59.9
EV-10427,USR-1300,Single-Family,Level 2 (7.2kW),2025-08-22 22:27:00,2.6,12.57,0.0,Winter,71.3
EV-10428,USR-1069,Single-Family,Level 2 (7.2kW),2025-08-16 23:22:00,3.05,17.96,0.0,Spring,59.0
EV-10429,USR-1349,Single-Family,Level 2 (7.2kW),2025-05-13 00:05:00,7.42,18.75,0.0,Winter,57.2
EV-10430,USR-1393,Single-Family,Level 2 (7.2kW),2025-03-08 23:17:00,7.29,25.06,0.0,Fall,42.8
EV-10431,USR-1390,Single-Family,Level 2 (7.2kW),2025-10-01 13:14:00,6.15,34.08,0.52,Fall,22.2
EV-10432,USR-1051,Single-Family,Level 1 (1.4kW),2025-07-04 23:37:00,32.57,36.67,0.0,Winter,16.3
EV-10433,USR-1366,Single-Family,Level 2 (7.2kW),2025-03-31 22:57:00,4.57,22.04,0.0,Summer,49.7
EV-10434,USR-1399,Townhouse,Level 2 (7.2kW),2025-02-15 18:37:00,4.3,15.64,0.56,Fall,64.3
EV-10435,USR-1381,Single-Family,Level 2 (7.2kW),2025-10-20 22:51:00,4.77,20.63,0.0,Winter,52.9
EV-10436,USR-1030,Townhouse,Level 2 (7.2kW),2025-04-24 19:39:00,6.9,36.97,0.21,Fall,15.6
EV-10437,USR-1335,Condo/Apartment,Level 2 (7.2kW),2025-02-23 18:36:00,12.54,25.1,0.21,Winter,42.7
EV-10438,USR-1217,Single-Family,Level 1 (1.4kW),2025-07-26 17:19:00,21.43,26.9,0.31,Summer,38.6
EV-10439,USR-1263,Single-Family,Level 2 (7.2kW),2025-10-28 18:59:00,5.5,16.78,0.41,Spring,61.7
EV-10440,USR-1217,Single-Family,Level 2 (7.2kW),2025-10-25 17:43:00,6.39,19.14,0.54,Fall,56.3
EV-10441,USR-1042,Single-Family,Level 2 (7.2kW),2025-12-09 09:04:00,6.29,38.59,0.0,Summer,11.9
EV-10442,USR-1107,Single-Family,Level 2 (7.2kW),2025-01-19 22:08:00,6.42,14.59,0.0,Spring,66.7
EV-10443,USR-1237,Townhouse,Level 1 (1.4kW),2025-10-19 20:09:00,16.74,22.04,0.08,Winter,49.7
EV-10444,USR-1255,Single-Family,Level 2 (7.2kW),2025-02-03 20:30:00,4.35,25.54,0.11,Winter,41.7
EV-10445,USR-1171,Condo/Apartment,Level 2 (7.2kW),2025-10-13 17:15:00,6.73,25.5,0.56,Winter,41.8
EV-10446,USR-1292,Condo/Apartment,Level 2 (7.2kW),2025-11-30 17:52:00,7.55,39.12,0.42,Winter,10.7
EV-10447,USR-1223,Townhouse,Level 2 (7.2kW),2025-11-30 20:00:00,8.19,38.2,0.12,Fall,12.8
EV-10448,USR-1264,Single-Family,Level 2 (7.2kW),2025-12-08 22:18:00,3.23,14.54,0.0,Fall,66.8
EV-10449,USR-1113,Townhouse,Level 2 (7.2kW),2025-12-20 10:24:00,4.46,28.69,0.0,Fall,34.5
EV-10450,USR-1297,Single-Family,Level 2 (7.2kW),2025-09-06 12:50:00,3.23,20.68,0.0,Fall,52.8
EV-10451,USR-1132,Single-Family,Level 2 (7.2kW),2025-09-08 23:34:00,10.84,23.22,0.0,Spring,47.0
EV-10452,USR-1345,Townhouse,Level 2 (7.2kW),2025-12-30 17:55:00,29.95,15.51,0.27,Fall,64.6
EV-10453,USR-1340,Single-Family,Level 2 (7.2kW),2025-06-21 19:27:00,5.86,16.03,0.29,Fall,63.4
EV-10454,USR-1354,Townhouse,Level 2 (7.2kW),2025-12-10 15:58:00,5.44,22.69,0.91,Spring,48.2
EV-10455,USR-1296,Single-Family,Level 2 (7.2kW),2025-02-15 22:10:00,5.41,38.38,0.0,Fall,12.4
EV-10456,USR-1189,Condo/Apartment,Level 2 (7.2kW),2025-05-13 22:56:00,11.02,34.17,0.0,Spring,22.0
EV-10457,USR-1010,Townhouse,Level 2 (7.2kW),2025-02-26 21:35:00,5.1,25.98,0.0,Spring,40.7
EV-10458,USR-1261,Townhouse,Level 2 (7.2kW),2025-11-18 07:13:00,5.06,32.72,0.0,Spring,25.3
EV-10459,USR-1315,Single-Family,Level 2 (7.2kW),2025-11-17 11:48:00,3.94,20.28,0.0,Fall,53.7
EV-10460,USR-1045,Townhouse,Level 2 (7.2kW),2025-12-04 18:33:00,7.79,34.13,0.31,Spring,22.1
EV-10461,USR-1349,Condo/Apartment,Level 2 (7.2kW),2025-10-11 17:50:00,3.13,15.16,1.0,Spring,65.4
EV-10462,USR-1119,Single-Family,Level 2 (7.2kW),2025-05-08 19:16:00,9.37,32.15,0.18,Winter,26.6
EV-10463,USR-1370,Townhouse,Level 2 (7.2kW),2025-07-06 17:15:00,8.88,22.87,0.42,Winter,47.8
EV-10464,USR-1203,Single-Family,Level 2 (7.2kW),2025-02-12 18:35:00,8.05,39.25,0.3,Fall,10.4
EV-10465,USR-1153,Condo/Apartment,Level 2 (7.2kW),2025-05-07 19:22:00,4.31,20.06,0.39,Fall,54.2
EV-10466,USR-1063,Single-Family,Level 2 (7.2kW),2025-05-27 00:42:00,4.44,16.65,0.0,Spring,62.0
EV-10467,USR-1377,Townhouse,Level 2 (7.2kW),2025-12-10 16:42:00,3.04,13.41,1.0,Winter,69.4
EV-10468,USR-1107,Single-Family,Level 1 (1.4kW),2025-10-22 05:34:00,20.28,27.16,0.12,Summer,38.0
EV-10469,USR-1089,Condo/Apartment,Level 2 (7.2kW),2025-10-17 18:58:00,7.11,12.53,0.31,Winter,71.4
EV-10470,USR-1164,Condo/Apartment,Level 1 (1.4kW),2025-08-24 18:08:00,11.24,13.23,0.27,Winter,69.8
EV-10471,USR-1048,Condo/Apartment,Level 2 (7.2kW),2025-02-03 19:50:00,8.3,24.31,0.15,Summer,44.5
EV-10472,USR-1198,Townhouse,Level 2 (7.2kW),2025-10-29 20:49:00,7.57,16.21,0.03,Spring,63.0
EV-10473,USR-1138,Single-Family,Level 2 (7.2kW),2025-11-18 21:36:00,10.23,37.5,0.0,Fall,14.4
EV-10474,USR-1073,Single-Family,Level 2 (7.2kW),2025-11-27 17:02:00,8.65,29.04,0.46,Summer,33.7
EV-10475,USR-1358,Single-Family,Level 1 (1.4kW),2025-05-19 21:14:00,17.13,19.19,0.0,Summer,56.2
EV-10476,USR-1378,Townhouse,Level 2 (7.2kW),2025-01-31 11:25:00,10.08,29.18,0.49,Fall,33.4
EV-10477,USR-1149,Townhouse,Level 2 (7.2kW),2025-08-27 17:37:00,5.87,32.42,0.58,Spring,26.0
EV-10478,USR-1337,Single-Family,Level 2 (7.2kW),2025-11-14 19:42:00,3.76,26.9,0.4,Fall,38.6
EV-10479,USR-1223,Townhouse,Level 1 (1.4kW),2025-05-12 09:36:00,26.25,36.58,0.42,Winter,16.5
EV-10480,USR-1289,Single-Family,Level 2 (7.2kW),2025-01-09 19:29:00,18.82,33.16,0.15,Spring,24.3
EV-10481,USR-1272,Single-Family,Level 2 (7.2kW),2025-09-08 15:17:00,5.31,12.05,0.86,Winter,72.5
EV-10482,USR-1105,Single-Family,Level 2 (7.2kW),2025-03-31 17:51:00,4.5,31.76,0.72,Summer,27.5
EV-10483,USR-1038,Townhouse,Level 2 (7.2kW),2025-01-03 17:51:00,4.54,28.39,0.68,Summer,35.2
EV-10484,USR-1127,Condo/Apartment,Level 2 (7.2kW),2025-08-05 23:18:00,3.83,22.34,0.0,Fall,49.0
EV-10485,USR-1278,Single-Family,Level 2 (7.2kW),2025-03-21 21:19:00,4.55,21.16,0.0,Spring,51.7
EV-10486,USR-1275,Townhouse,Level 2 (7.2kW),2025-09-13 16:22:00,3.88,16.91,1.0,Fall,61.4
EV-10487,USR-1178,Single-Family,Level 1 (1.4kW),2025-10-19 09:10:00,27.94,35.62,0.42,Fall,18.7
EV-10488,USR-1012,Townhouse,Level 2 (7.2kW),2025-10-15 22:22:00,6.86,39.38,0.0,Fall,10.1
EV-10489,USR-1190,Single-Family,Level 2 (7.2kW),2025-09-07 21:33:00,8.17,35.66,0.0,Winter,18.6
EV-10490,USR-1261,Single-Family,Level 2 (7.2kW),2025-08-04 19:41:00,5.51,36.62,0.27,Summer,16.4
EV-10491,USR-1255,Condo/Apartment,Level 2 (7.2kW),2025-12-25 18:49:00,8.74,32.9,0.26,Fall,24.9
EV-10492,USR-1388,Condo/Apartment,Level 1 (1.4kW),2025-09-11 10:17:00,19.31,18.53,0.42,Winter,57.7
EV-10493,USR-1102,Condo/Apartment,Level 2 (7.2kW),2025-10-21 11:59:00,7.91,25.8,0.47,Winter,41.1
EV-10494,USR-1370,Single-Family,Level 2 (7.2kW),2025-01-09 17:59:00,5.91,35.66,0.54,Winter,18.6
EV-10495,USR-1348,Single-Family,Level 1 (1.4kW),2025-07-08 00:56:00,15.02,19.89,0.0,Summer,54.6
EV-10496,USR-1388,Townhouse,Level 2 (7.2kW),2025-04-20 21:31:00,2.06,13.45,0.0,Winter,69.3
EV-10497,USR-1230,Condo/Apartment,Level 2 (7.2kW),2025-08-29 18:56:00,2.79,14.68,0.75,Fall,66.5
EV-10498,USR-1149,Single-Family,Level 2 (7.2kW),2025-12-02 10:01:00,2.65,16.95,0.0,Winter,61.3
EV-10499,USR-1143,Townhouse,Level 2 (7.2kW),2025-05-03 16:59:00,6.13,35.31,0.68,Summer,19.4
EV-10500,USR-1354,Single-Family,Level 2 (7.2kW),2025-06-05 17:02:00,8.61,33.73,0.46,Summer,23.0
EV-10501,USR-1310,Townhouse,Level 2 (7.2kW),2025-08-16 00:44:00,4.78,16.08,0.0,Fall,63.3
EV-10502,USR-1089,Single-Family,Level 2 (7.2kW),2025-03-04 22:43:00,5.63,12.31,0.0,Winter,71.9
EV-10503,USR-1095,Single-Family,Level 2 (7.2kW),2025-04-05 17:02:00,3.76,26.15,1.0,Winter,40.3
EV-10504,USR-1298,Single-Family,Level 2 (7.2kW),2025-02-11 23:33:00,4.71,25.5,0.0,Fall,41.8
EV-10505,USR-1146,Condo/Apartment,Level 2 (7.2kW),2025-07-21 17:23:00,3.42,24.58,1.0,Winter,43.9
EV-10506,USR-1089,Townhouse,Level 2 (7.2kW),2025-01-14 12:49:00,7.76,21.38,0.58,Summer,51.2
EV-10507,USR-1198,Single-Family,Level 2 (7.2kW),2025-10-16 17:15:00,4.31,21.33,0.83,Spring,51.3
EV-10508,USR-1074,Townhouse,Level 1 (1.4kW),2025-05-12 19:12:00,28.42,33.73,0.17,Winter,23.0
EV-10509,USR-1219,Single-Family,Level 2 (7.2kW),2025-02-22 15:08:00,5.94,19.49,0.83,Winter,55.5
EV-10510,USR-1183,Townhouse,Level 2 (7.2kW),2025-02-04 17:47:00,8.49,34.13,0.38,Summer,22.1
EV-10511,USR-1301,Single-Family,Level 2 (7.2kW),2025-07-13 17:59:00,1.9,13.19,1.0,Fall,69.9
EV-10512,USR-1303,Townhouse,Level 2 (7.2kW),2025-07-17 21:40:00,7.1,29.31,0.0,Fall,33.1
EV-10513,USR-1089,Single-Family,Level 2 (7.2kW),2025-08-15 17:09:00,4.68,20.02,0.84,Fall,54.3
EV-10514,USR-1394,Townhouse,Level 1 (1.4kW),2025-04-22 18:10:00,14.29,18.22,0.25,Winter,58.4
EV-10515,USR-1324,Condo/Apartment,Level 2 (7.2kW),2025-01-11 17:33:00,5.81,12.84,0.58,Winter,70.7
EV-10516,USR-1132,Single-Family,Level 2 (7.2kW),2025-10-18 21:25:00,3.61,21.2,0.0,Fall,51.6
EV-10517,USR-1347,Condo/Apartment,Level 2 (7.2kW),2025-02-16 19:32:00,5.83,34.87,0.25,Winter,20.4
EV-10518,USR-1201,Single-Family,Level 2 (7.2kW),2025-06-20 18:35:00,9.31,26.11,0.26,Fall,40.4
EV-10519,USR-1174,Condo/Apartment,Level 2 (7.2kW),2025-08-18 00:58:00,11.26,19.8,0.0,Summer,54.8
EV-10520,USR-1230,Townhouse,Level 2 (7.2kW),2025-11-16 17:11:00,6.48,21.77,0.62,Winter,50.3
EV-10521,USR-1371,Single-Family,Level 2 (7.2kW),2025-08-02 00:30:00,3.79,24.18,0.0,Spring,44.8
EV-10522,USR-1387,Single-Family,Level 2 (7.2kW),2025-11-23 10:36:00,6.15,37.06,0.12,Fall,15.4
EV-10523,USR-1063,Condo/Apartment,Level 2 (7.2kW),2025-08-04 13:20:00,7.89,38.77,0.62,Summer,11.5
EV-10524,USR-1367,Condo/Apartment,Level 2 (7.2kW),2025-07-22 18:59:00,7.4,38.38,0.3,Fall,12.4
EV-10525,USR-1152,Townhouse,Level 2 (7.2kW),2025-05-11 19:38:00,5.82,11.83,0.25,Summer,73.0
EV-10526,USR-1178,Condo/Apartment,Level 2 (7.2kW),2025-11-24 16:27:00,3.75,23.09,1.0,Spring,47.3
EV-10527,USR-1147,Single-Family,Level 1 (1.4kW),2025-12-07 16:46:00,16.57,23.17,0.35,Winter,47.1
EV-10528,USR-1179,Single-Family,Level 1 (1.4kW),2025-04-26 18:41:00,23.63,32.68,0.21,Fall,25.4
EV-10529,USR-1180,Condo/Apartment,Level 2 (7.2kW),2025-04-24 18:13:00,5.97,13.23,0.5,Fall,69.8
EV-10530,USR-1267,Townhouse,Level 2 (7.2kW),2025-12-04 22:59:00,4.03,28.69,0.0,Fall,34.5
EV-10531,USR-1107,Townhouse,Level 2 (7.2kW),2025-08-05 23:56:00,5.66,15.29,0.0,Spring,65.1
EV-10532,USR-1218,Townhouse,Level 1 (1.4kW),2025-09-19 14:14:00,34.56,35.4,0.42,Winter,19.2
EV-10533,USR-1070,Townhouse,Level 2 (7.2kW),2025-09-16 19:04:00,45.64,13.19,0.17,Summer,69.9
EV-10534,USR-1329,Single-Family,Level 2 (7.2kW),2025-08-04 15:43:00,3.09,13.1,0.85,Spring,70.1
EV-10535,USR-1290,Townhouse,Level 2 (7.2kW),2025-03-16 23:53:00,5.01,12.49,0.0,Summer,71.5
EV-10536,USR-1155,Condo/Apartment,Level 2 (7.2kW),2025-01-17 17:00:00,5.36,33.25,0.73,Fall,24.1
EV-10537,USR-1220,Townhouse,Level 1 (1.4kW),2025-07-13 22:00:00,28.64,38.73,0.0,Spring,11.6
EV-10538,USR-1157,Single-Family,Level 1 (1.4kW),2025-06-24 17:22:00,27.8,27.99,0.31,Winter,36.1
EV-10539,USR-1234,Townhouse,Level 2 (7.2kW),2025-01-11 15:21:00,4.79,18.31,0.85,Fall,58.2
EV-10540,USR-1062,Single-Family,Level 2 (7.2kW),2025-01-25 09:07:00,8.49,32.15,0.18,Summer,26.6
EV-10541,USR-1385,Single-Family,Level 2 (7.2kW),2025-05-07 21:45:00,5.7,22.12,0.0,Summer,49.5
EV-10542,USR-1042,Single-Family,Level 2 (7.2kW),2025-08-21 12:31:00,6.73,36.8,0.48,Summer,16.0
EV-10543,USR-1196,Single-Family,Level 2 (7.2kW),2025-11-07 15:41:00,4.15,25.76,0.88,Summer,41.2
EV-10544,USR-1307,Single-Family,Level 2 (7.2kW),2025-12-23 23:20:00,7.86,12.44,0.0,Spring,71.6
EV-10545,USR-1392,Single-Family,Level 2 (7.2kW),2025-09-23 22:11:00,10.64,39.21,0.0,Fall,10.5
EV-10546,USR-1133,Single-Family,Level 2 (7.2kW),2025-03-23 12:07:00,4.1,12.4,0.06,Spring,71.7
EV-10547,USR-1210,Single-Family,Level 2 (7.2kW),2025-10-20 14:14:00,6.96,12.4,0.71,Winter,71.7
EV-10548,USR-1191,Single-Family,Level 2 (7.2kW),2025-03-25 19:18:00,5.96,17.22,0.29,Spring,60.7
EV-10549,USR-1039,Townhouse,Level 2 (7.2kW),2025-03-28 19:42:00,4.73,30.4,0.32,Winter,30.6
EV-10550,USR-1079,Condo/Apartment,Level 2 (7.2kW),2025-06-30 11:17:00,7.38,38.59,0.37,Winter,11.9
EV-10551,USR-1124,Condo/Apartment,Level 2 (7.2kW),2025-11-10 22:44:00,3.68,18.09,0.0,Winter,58.7
EV-10552,USR-1188,Townhouse,Level 2 (7.2kW),2025-10-08 14:15:00,5.12,36.4,0.67,Winter,16.9
EV-10553,USR-1195,Townhouse,Level 2 (7.2kW),2025-07-25 21:54:00,4.54,14.37,0.0,Fall,67.2
EV-10554,USR-1188,Condo/Apartment,Level 1 (1.4kW),2025-06-29 18:28:00,13.19,14.85,0.23,Spring,66.1
EV-10555,USR-1013,Condo/Apartment,Level 2 (7.2kW),2025-04-19 12:49:00,2.74,17.39,0.0,Spring,60.3
EV-10556,USR-1124,Single-Family,Level 1 (1.4kW),2025-08-18 13:21:00,51.12,25.85,0.42,Winter,41.0
EV-10557,USR-1054,Single-Family,Level 1 (1.4kW),2025-08-25 12:55:00,15.53,17.92,0.42,Fall,59.1
EV-10558,USR-1091,Townhouse,Level 1 (1.4kW),2025-12-31 17:49:00,26.11,30.05,0.27,Summer,31.4
EV-10559,USR-1380,Single-Family,Level 2 (7.2kW),2025-08-09 17:14:00,5.47,25.01,0.73,Summer,42.9
EV-10560,USR-1196,Single-Family,Level 1 (1.4kW),2025-01-23 17:12:00,11.27,11.7,0.35,Summer,73.3
EV-10561,USR-1111,Condo/Apartment,Level 2 (7.2kW),2025-03-25 17:22:00,5.11,21.51,0.71,Spring,50.9
EV-10562,USR-1023,Single-Family,Level 2 (7.2kW),2025-07-01 09:21:00,12.95,28.91,0.42,Fall,34.0
EV-10563,USR-1170,Single-Family,Level 2 (7.2kW),2025-05-11 21:16:00,6.41,38.73,0.0,Fall,11.6
EV-10564,USR-1391,Townhouse,Level 2 (7.2kW),2025-01-05 19:41:00,4.92,13.1,0.3,Winter,70.1
EV-10565,USR-1358,Townhouse,Level 2 (7.2kW),2025-05-02 13:49:00,10.36,13.36,0.48,Winter,69.5
EV-10566,USR-1032,Single-Family,Level 2 (7.2kW),2025-07-08 23:40:00,6.07,21.95,0.0,Spring,49.9
EV-10567,USR-1397,Condo/Apartment,Level 2 (7.2kW),2025-08-08 20:24:00,5.12,28.83,0.14,Fall,34.2
EV-10568,USR-1338,Condo/Apartment,Level 1 (1.4kW),2025-04-28 09:28:00,20.34,28.47,0.42,Summer,35.0
EV-10569,USR-1213,Townhouse,Level 2 (7.2kW),2025-06-28 16:38:00,4.63,31.8,0.95,Fall,27.4
EV-10570,USR-1128,Single-Family,Level 2 (7.2kW),2025-12-17 11:45:00,8.88,22.34,0.53,Summer,49.0
EV-10571,USR-1239,Condo/Apartment,Level 2 (7.2kW),2025-01-15 18:09:00,3.94,21.25,0.75,Winter,51.5
EV-10572,USR-1309,Townhouse,Level 2 (7.2kW),2025-10-23 20:30:00,7.02,35.62,0.07,Fall,18.7
EV-10573,USR-1296,Single-Family,Level 2 (7.2kW),2025-03-21 00:57:00,3.78,19.89,0.0,Summer,54.6
EV-10574,USR-1241,Single-Family,Level 2 (7.2kW),2025-10-30 18:57:00,4.99,29.57,0.45,Winter,32.5
EV-10575,USR-1296,Condo/Apartment,Level 2 (7.2kW),2025-12-26 16:44:00,4.4,27.82,1.0,Spring,36.5
EV-10576,USR-1368,Condo/Apartment,Level 2 (7.2kW),2025-12-01 18:46:00,45.09,38.99,0.19,Summer,11.0
EV-10577,USR-1145,Townhouse,Level 2 (7.2kW),2025-11-19 16:23:00,4.97,33.51,0.95,Winter,23.5
EV-10578,USR-1148,Condo/Apartment,Level 1 (1.4kW),2025-12-05 17:28:00,33.7,36.14,0.31,Fall,17.5
EV-10579,USR-1246,Single-Family,Level 2 (7.2kW),2025-08-11 01:08:00,9.03,22.65,0.0,Spring,48.3
EV-10580,USR-1226,Condo/Apartment,Level 2 (7.2kW),2025-03-29 12:18:00,4.35,12.09,0.17,Winter,72.4
EV-10581,USR-1002,Condo/Apartment,Level 2 (7.2kW),2025-10-28 18:25:00,1.65,11.61,1.0,Winter,73.5
EV-10582,USR-1011,Townhouse,Level 2 (7.2kW),2025-05-07 09:20:00,10.27,24.27,0.36,Summer,44.6
EV-10583,USR-1208,Condo/Apartment,Level 2 (7.2kW),2025-05-17 23:37:00,3.17,22.65,0.0,Fall,48.3
EV-10584,USR-1018,Single-Family,Level 1 (1.4kW),2025-12-14 18:35:00,14.97,18.57,0.21,Winter,57.6
EV-10585,USR-1151,Single-Family,Level 2 (7.2kW),2025-02-24 13:25:00,6.29,11.65,0.58,Summer,73.4
EV-10586,USR-1352,Single-Family,Level 2 (7.2kW),2025-06-25 22:27:00,2.97,16.25,0.0,Summer,62.9
EV-10587,USR-1074,Single-Family,Level 2 (7.2kW),2025-06-27 20:00:00,9.59,37.94,0.1,Spring,13.4
EV-10588,USR-1059,Single-Family,Level 2 (7.2kW),2025-07-14 22:30:00,5.26,34.96,0.0,Fall,20.2
EV-10589,USR-1118,Single-Family,Level 2 (7.2kW),2025-04-18 22:18:00,5.4,11.43,0.0,Winter,73.9
EV-10590,USR-1005,Single-Family,Level 2 (7.2kW),2025-02-09 16:30:00,5.36,28.39,0.82,Fall,35.2
EV-10591,USR-1011,Townhouse,Level 2 (7.2kW),2025-06-05 22:31:00,4.19,29.75,0.0,Spring,32.1
EV-10592,USR-1206,Townhouse,Level 2 (7.2kW),2025-08-31 17:31:00,2.53,16.65,1.0,Fall,62.0
EV-10593,USR-1137,Townhouse,Level 1 (1.4kW),2025-05-18 19:20:00,19.04,12.27,0.15,Spring,72.0
EV-10594,USR-1195,Townhouse,Level 2 (7.2kW),2025-12-10 23:54:00,10.42,33.29,0.0,Fall,24.0
EV-10595,USR-1312,Single-Family,Level 2 (7.2kW),2025-06-01 23:47:00,7.96,35.0,0.0,Spring,20.1
EV-10596,USR-1171,Single-Family,Level 1 (1.4kW),2025-09-16 19:08:00,11.2,11.0,0.18,Fall,74.9
EV-10597,USR-1172,Condo/Apartment,Level 2 (7.2kW),2025-12-24 08:44:00,9.66,22.43,0.23,Spring,48.8
EV-10598,USR-1105,Condo/Apartment,Level 1 (1.4kW),2025-08-27 19:23:00,26.04,35.92,0.15,Fall,18.0
EV-10599,USR-1310,Single-Family,Level 2 (7.2kW),2025-12-11 23:52:00,5.45,37.46,0.0,Spring,14.5
EV-10600,USR-1343,Condo/Apartment,Level 2 (7.2kW),2025-08-16 11:47:00,6.51,34.61,0.35,Spring,21.0
EV-10601,USR-1158,Townhouse,Level 2 (7.2kW),2025-11-09 20:47:00,5.53,36.8,0.04,Winter,16.0
EV-10602,USR-1349,Townhouse,Level 2 (7.2kW),2025-03-12 17:11:00,12.74,37.54,0.33,Spring,14.3
EV-10603,USR-1296,Single-Family,Level 2 (7.2kW),2025-08-08 17:35:00,8.38,36.75,0.41,Winter,16.1
EV-10604,USR-1113,Single-Family,Level 2 (7.2kW),2025-04-22 17:02:00,3.95,20.46,1.0,Winter,53.3
EV-10605,USR-1281,Condo/Apartment,Level 1 (1.4kW),2025-10-27 11:27:00,28.16,27.47,0.42,Fall,37.3
EV-10606,USR-1170,Single-Family,Level 2 (7.2kW),2025-12-22 22:56:00,5.6,37.15,0.0,Winter,15.2
EV-10607,USR-1179,Single-Family,Level 2 (7.2kW),2025-07-22 12:33:00,18.39,34.3,0.42,Fall,21.7
EV-10608,USR-1233,Single-Family,Level 2 (7.2kW),2025-04-15 18:21:00,14.05,26.9,0.23,Winter,38.6
EV-10609,USR-1045,Single-Family,Level 2 (7.2kW),2025-06-07 12:36:00,11.5,23.26,0.43,Winter,46.9
EV-10610,USR-1132,Single-Family,Level 2 (7.2kW),2025-05-08 12:59:00,7.33,11.52,0.57,Spring,73.7
EV-10611,USR-1310,Condo/Apartment,Level 2 (7.2kW),2025-11-18 07:26:00,1.89,12.44,0.0,Summer,71.6
EV-10612,USR-1150,Single-Family,Level 2 (7.2kW),2025-03-31 12:03:00,2.4,11.83,0.0,Fall,73.0
EV-10613,USR-1107,Condo/Apartment,Level 1 (1.4kW),2025-05-11 17:20:00,24.75,34.3,0.31,Winter,21.7
EV-10614,USR-1209,Single-Family,Level 2 (7.2kW),2025-08-04 19:49:00,8.17,39.34,0.15,Fall,10.2
EV-10615,USR-1238,Single-Family,Level 2 (7.2kW),2025-08-18 22:04:00,3.23,20.98,0.0,Fall,52.1
EV-10616,USR-1124,Condo/Apartment,Level 2 (7.2kW),2025-09-22 09:05:00,6.25,37.72,0.0,Summer,13.9
EV-10617,USR-1032,Condo/Apartment,Level 2 (7.2kW),2025-08-05 17:16:00,3.82,19.1,0.94,Spring,56.4
EV-10618,USR-1363,Single-Family,Level 2 (7.2kW),2025-10-04 19:29:00,5.54,38.51,0.3,Fall,12.1
EV-10619,USR-1213,Single-Family,Level 2 (7.2kW),2025-10-15 17:54:00,8.95,37.19,0.36,Summer,15.1
EV-10620,USR-1081,Condo/Apartment,Level 2 (7.2kW),2025-10-16 17:34:00,8.4,27.47,0.41,Spring,37.3
EV-10621,USR-1044,Single-Family,Level 1 (1.4kW),2025-05-15 11:08:00,17.74,24.18,0.42,Spring,44.8
EV-10622,USR-1364,Condo/Apartment,Level 2 (7.2kW),2025-02-01 23:35:00,5.07,28.47,0.0,Spring,35.0
EV-10623,USR-1352,Townhouse,Level 2 (7.2kW),2025-07-03 23:43:00,8.0,13.32,0.0,Winter,69.6
EV-10624,USR-1169,Townhouse,Level 2 (7.2kW),2025-11-04 16:06:00,11.82,31.45,0.42,Fall,28.2
EV-10625,USR-1142,Single-Family,Level 2 (7.2kW),2025-07-18 17:07:00,6.14,23.79,0.64,Fall,45.7
EV-10626,USR-1019,Condo/Apartment,Level 2 (7.2kW),2025-09-10 18:12:00,5.14,24.93,0.57,Winter,43.1
EV-10627,USR-1243,Townhouse,Level 2 (7.2kW),2025-04-29 23:46:00,8.21,11.52,0.0,Winter,73.7
EV-10628,USR-1092,Single-Family,Level 2 (7.2kW),2025-02-03 23:00:00,8.35,34.39,0.0,Fall,21.5
EV-10629,USR-1032,Single-Family,Level 2 (7.2kW),2025-07-18 22:18:00,2.1,12.31,0.0,Spring,71.9
EV-10630,USR-1331,Townhouse,Level 2 (7.2kW),2025-08-25 17:11:00,4.6,13.45,0.84,Fall,69.3
EV-10631,USR-1029,Condo/Apartment,Level 2 (7.2kW),2025-11-09 09:42:00,10.58,36.45,0.4,Winter,16.8
EV-10632,USR-1116,Townhouse,Level 1 (1.4kW),2025-05-09 17:37:00,10.89,13.71,0.32,Fall,68.7
EV-10633,USR-1308,Single-Family,Level 2 (7.2kW),2025-06-17 22:51:00,4.58,26.28,0.0,Summer,40.0
EV-10634,USR-1049,Single-Family,Level 2 (7.2kW),2025-12-18 14:11:00,4.04,27.34,0.53,Winter,37.6
EV-10635,USR-1247,Townhouse,Level 2 (7.2kW),2025-01-27 13:38:00,3.95,17.08,0.38,Summer,61.0
EV-10636,USR-1075,Single-Family,Level 2 (7.2kW),2025-06-27 11:46:00,9.42,26.07,0.53,Winter,40.5
EV-10637,USR-1106,Condo/Apartment,Level 2 (7.2kW),2025-12-18 17:40:00,4.73,26.81,0.74,Fall,38.8
EV-10638,USR-1167,Townhouse,Level 1 (1.4kW),2025-12-07 20:34:00,18.87,19.8,0.04,Fall,54.8
EV-10639,USR-1087,Single-Family,Level 2 (7.2kW),2025-04-29 17:02:00,4.09,15.81,0.94,Spring,63.9
EV-10640,USR-1300,Townhouse,Level 2 (7.2kW),2025-07-29 21:33:00,5.69,22.56,0.0,Spring,48.5
EV-10641,USR-1320,Single-Family,Level 2 (7.2kW),2025-04-08 20:53:00,15.12,36.75,0.02,Winter,16.1
EV-10642,USR-1122,Single-Family,Level 1 (1.4kW),2025-04-06 12:43:00,24.48,30.71,0.42,Spring,29.9
EV-10643,USR-1073,Single-Family,Level 2 (7.2kW),2025-04-20 15:42:00,7.97,34.65,0.62,Winter,20.9
EV-10644,USR-1052,Single-Family,Level 2 (7.2kW),2025-08-14 23:04:00,11.19,33.56,0.0,Winter,23.4
EV-10645,USR-1360,Single-Family,Level 2 (7.2kW),2025-02-19 18:23:00,52.0,31.85,0.23,Winter,27.3
EV-10646,USR-1297,Townhouse,Level 2 (7.2kW),2025-01-23 00:36:00,8.35,20.33,0.0,Winter,53.6
EV-10647,USR-1146,Townhouse,Level 2 (7.2kW),2025-11-08 18:56:00,7.19,24.66,0.31,Fall,43.7
EV-10648,USR-1131,Townhouse,Level 2 (7.2kW),2025-12-29 11:25:00,3.53,24.09,0.0,Winter,45.0
EV-10649,USR-1175,Townhouse,Level 2 (7.2kW),2025-07-11 19:40:00,4.0,28.3,0.38,Winter,35.4
EV-10650,USR-1242,Single-Family,Level 1 (1.4kW),2025-01-19 22:33:00,24.34,25.28,0.0,Winter,42.3
EV-10651,USR-1065,Single-Family,Level 2 (7.2kW),2025-07-29 15:34:00,6.72,35.13,0.74,Fall,19.8
EV-10652,USR-1188,Townhouse,Level 1 (1.4kW),2025-11-22 21:32:00,21.45,26.5,0.0,Winter,39.5
EV-10653,USR-1228,Single-Family,Level 2 (7.2kW),2025-12-08 19:28:00,6.0,19.01,0.29,Summer,56.6
EV-10654,USR-1341,Single-Family,Level 2 (7.2kW),2025-03-04 00:17:00,7.86,23.17,0.0,Summer,47.1
EV-10655,USR-1182,Townhouse,Level 2 (7.2kW),2025-10-19 20:26:00,8.39,25.36,0.09,Spring,42.1
EV-10656,USR-1327,Single-Family,Level 2 (7.2kW),2025-06-08 16:52:00,8.42,23.04,0.5,Winter,47.4
EV-10657,USR-1246,Single-Family,Level 2 (7.2kW),2025-05-17 22:22:00,5.19,22.6,0.0,Winter,48.4
EV-10658,USR-1033,Condo/Apartment,Level 2 (7.2kW),2025-08-04 10:28:00,7.1,28.87,0.21,Fall,34.1
EV-10659,USR-1314,Single-Family,Level 2 (7.2kW),2025-07-21 09:43:00,9.69,25.01,0.33,Fall,42.9
EV-10660,USR-1339,Single-Family,Level 2 (7.2kW),2025-06-09 13:31:00,8.96,30.67,0.56,Spring,30.0
EV-10661,USR-1383,Single-Family,Level 1 (1.4kW),2025-10-28 13:23:00,28.61,27.25,0.42,Fall,37.8
EV-10662,USR-1260,Townhouse,Level 2 (7.2kW),2025-03-17 22:55:00,6.66,34.26,0.0,Winter,21.8
EV-10663,USR-1055,Single-Family,Level 2 (7.2kW),2025-07-22 17:57:00,4.59,19.19,0.68,Winter,56.2
EV-10664,USR-1189,Condo/Apartment,Level 2 (7.2kW),2025-01-30 08:35:00,10.43,36.54,0.29,Winter,16.6
EV-10665,USR-1232,Condo/Apartment,Level 2 (7.2kW),2025-09-02 17:11:00,2.54,12.0,1.0,Fall,72.6
EV-10666,USR-1157,Condo/Apartment,Level 2 (7.2kW),2025-10-09 21:10:00,3.92,16.16,0.0,Winter,63.1
EV-10667,USR-1377,Single-Family,Level 2 (7.2kW),2025-04-27 22:13:00,2.45,14.37,0.0,Winter,67.2
EV-10668,USR-1303,Single-Family,Level 2 (7.2kW),2025-04-19 17:46:00,3.69,25.41,0.87,Fall,42.0
EV-10669,USR-1216,Condo/Apartment,Level 2 (7.2kW),2025-11-27 10:28:00,9.18,34.96,0.38,Winter,20.2
EV-10670,USR-1276,Single-Family,Level 2 (7.2kW),2025-06-28 17:34:00,3.35,18.09,1.0,Winter,58.7
EV-10671,USR-1305,Townhouse,Level 1 (1.4kW),2025-03-06 21:52:00,27.4,37.19,0.0,Summer,15.1
EV-10672,USR-1011,Condo/Apartment,Level 2 (7.2kW),2025-06-04 10:27:00,3.35,13.14,0.0,Winter,70.0
EV-10673,USR-1097,Condo/Apartment,Level 2 (7.2kW),2025-06-05 17:14:00,3.58,24.75,1.0,Spring,43.5
EV-10674,USR-1198,Condo/Apartment,Level 2 (7.2kW),2025-12-14 21:37:00,5.04,23.22,0.0,Fall,47.0
EV-10675,USR-1230,Single-Family,Level 2 (7.2kW),2025-07-05 16:09:00,3.39,21.86,1.0,Fall,50.1
EV-10676,USR-1290,Condo/Apartment,Level 2 (7.2kW),2025-10-14 14:11:00,5.12,16.21,0.62,Fall,63.0
EV-10677,USR-1380,Single-Family,Level 2 (7.2kW),2025-06-24 17:16:00,2.75,13.41,1.0,Fall,69.4
EV-10678,USR-1164,Single-Family,Level 1 (1.4kW),2025-06-13 18:54:00,56.48,26.11,0.19,Summer,40.4
EV-10679,USR-1252,Single-Family,Level 2 (7.2kW),2025-02-27 16:57:00,6.45,17.96,0.65,Summer,59.0
EV-10680,USR-1382,Single-Family,Level 2 (7.2kW),2025-09-19 14:46:00,6.51,38.07,0.77,Fall,13.1
EV-10681,USR-1133,Single-Family,Level 2 (7.2kW),2025-12-04 11:32:00,3.56,23.88,0.0,Spring,45.5
EV-10682,USR-1350,Townhouse,Level 2 (7.2kW),2025-03-24 12:53:00,2.6,17.7,0.0,Winter,59.6
EV-10683,USR-1113,Single-Family,Level 2 (7.2kW),2025-02-01 20:41:00,3.91,22.6,0.12,Fall,48.4
EV-10684,USR-1293,Townhouse,Level 1 (1.4kW),2025-12-29 12:51:00,21.78,23.66,0.42,Spring,46.0
EV-10685,USR-1091,Single-Family,Level 2 (7.2kW),2025-07-23 17:40:00,4.61,16.78,0.74,Summer,61.7
EV-10686,USR-1385,Single-Family,Level 1 (1.4kW),2025-07-14 21:09:00,20.83,28.39,0.0,Winter,35.2
EV-10687,USR-1227,Single-Family,Level 1 (1.4kW),2025-08-19 23:47:00,10.67,12.79,0.0,Winter,70.8
EV-10688,USR-1230,Single-Family,Level 2 (7.2kW),2025-06-20 19:25:00,8.96,12.44,0.19,Fall,71.6
EV-10689,USR-1150,Condo/Apartment,Level 2 (7.2kW),2025-01-28 19:25:00,13.43,35.97,0.15,Summer,17.9
EV-10690,USR-1034,Single-Family,Level 2 (7.2kW),2025-03-22 08:55:00,7.41,28.39,0.03,Summer,35.2
EV-10691,USR-1269,Single-Family,Level 1 (1.4kW),2025-12-30 21:48:00,17.03,17.61,0.0,Spring,59.8
EV-10692,USR-1144,Single-Family,Level 1 (1.4kW),2025-08-05 18:16:00,22.65,30.84,0.23,Fall,29.6
EV-10693,USR-1176,Single-Family,Level 1 (1.4kW),2025-10-14 17:31:00,29.44,38.02,0.29,Spring,13.2
EV-10694,USR-1183,Condo/Apartment,Level 2 (7.2kW),2025-05-26 18:23:00,3.72,18.09,0.73,Winter,58.7
EV-10695,USR-1242,Townhouse,Level 1 (1.4kW),2025-04-24 13:04:00,12.02,15.55,0.42,Spring,64.5
EV-10696,USR-1097,Condo/Apartment,Level 1 (1.4kW),2025-08-11 14:03:00,20.02,27.38,0.42,Fall,37.5
EV-10697,USR-1340,Single-Family,Level 2 (7.2kW),2025-06-24 20:48:00,12.25,37.94,0.02,Fall,13.4
EV-10698,USR-1045,Single-Family,Level 1 (1.4kW),2025-09-07 22:42:00,16.95,21.51,0.0,Spring,50.9
EV-10699,USR-1275,Townhouse,Level 2 (7.2kW),2025-01-25 16:51:00,16.24,18.22,0.35,Summer,58.4
EV-10700,USR-1122,Townhouse,Level 2 (7.2kW),2025-03-22 23:50:00,15.88,33.56,0.0,Winter,23.4
EV-10701,USR-1354,Townhouse,Level 2 (7.2kW),2025-06-26 17:33:00,6.34,30.23,0.54,Winter,31.0
EV-10702,USR-1390,Single-Family,Level 2 (7.2kW),2025-09-18 14:27:00,12.93,36.89,0.42,Summer,15.8
EV-10703,USR-1207,Single-Family,Level 2 (7.2kW),2025-09-10 22:54:00,6.31,19.84,0.0,Winter,54.7
EV-10704,USR-1247,Single-Family,Level 1 (1.4kW),2025-06-08 23:18:00,14.16,17.44,0.0,Fall,60.2
EV-10705,USR-1141,Townhouse,Level 2 (7.2kW),2025-03-06 17:03:00,8.88,20.59,0.44,Fall,53.0
EV-10706,USR-1169,Single-Family,Level 2 (7.2kW),2025-07-28 13:21:00,7.3,32.86,0.63,Winter,25.0
EV-10707,USR-1322,Single-Family,Level 2 (7.2kW),2025-06-08 22:38:00,6.59,23.22,0.0,Fall,47.0
EV-10708,USR-1083,Single-Family,Level 2 (7.2kW),2025-03-10 15:11:00,5.5,20.15,0.82,Fall,54.0
EV-10709,USR-1020,Condo/Apartment,Level 1 (1.4kW),2025-04-06 13:26:00,22.36,26.46,0.42,Winter,39.6
EV-10710,USR-1047,Townhouse,Level 2 (7.2kW),2025-03-18 16:53:00,4.71,24.75,0.89,Spring,43.5
EV-10711,USR-1154,Townhouse,Level 2 (7.2kW),2025-03-17 12:13:00,3.12,20.72,0.0,Winter,52.7
EV-10712,USR-1366,Condo/Apartment,Level 2 (7.2kW),2025-05-11 11:14:00,4.27,20.28,0.0,Winter,53.7
EV-10713,USR-1143,Townhouse,Level 2 (7.2kW),2025-04-01 12:58:00,13.48,15.81,0.42,Fall,63.9
EV-10714,USR-1023,Single-Family,Level 2 (7.2kW),2025-03-28 00:05:00,10.3,11.48,0.0,Winter,73.8
EV-10715,USR-1318,Townhouse,Level 2 (7.2kW),2025-01-18 17:40:00,7.61,30.27,0.45,Winter,30.9
EV-10716,USR-1238,Single-Family,Level 2 (7.2kW),2025-05-16 11:15:00,11.56,34.74,0.43,Summer,20.7
EV-10717,USR-1361,Condo/Apartment,Level 2 (7.2kW),2025-11-02 13:41:00,7.2,39.43,0.66,Fall,10.0
EV-10718,USR-1336,Condo/Apartment,Level 1 (1.4kW),2025-12-21 18:33:00,26.63,35.44,0.21,Winter,19.1
EV-10719,USR-1344,Single-Family,Level 2 (7.2kW),2025-03-07 00:32:00,4.8,32.11,0.0,Fall,26.7
EV-10720,USR-1316,Condo/Apartment,Level 2 (7.2kW),2025-06-17 15:18:00,5.07,28.65,0.86,Spring,34.6
EV-10721,USR-1216,Condo/Apartment,Level 2 (7.2kW),2025-06-21 15:38:00,5.75,12.79,0.87,Summer,70.8
EV-10722,USR-1135,Single-Family,Level 2 (7.2kW),2025-05-03 18:45:00,10.72,25.63,0.21,Winter,41.5
EV-10723,USR-1178,Single-Family,Level 2 (7.2kW),2025-02-20 09:29:00,5.16,35.75,0.0,Spring,18.4
EV-10724,USR-1066,Townhouse,Level 2 (7.2kW),2025-06-03 12:01:00,3.59,25.15,0.0,Fall,42.6
EV-10725,USR-1102,Single-Family,Level 2 (7.2kW),2025-04-23 22:38:00,6.52,12.27,0.0,Fall,72.0
EV-10726,USR-1088,Condo/Apartment,Level 2 (7.2kW),2025-06-02 22:53:00,15.98,26.42,0.0,Summer,39.7
EV-10727,USR-1162,Single-Family,Level 2 (7.2kW),2025-01-06 10:48:00,5.34,38.16,0.05,Winter,12.9
EV-10728,USR-1067,Single-Family,Level 2 (7.2kW),2025-12-05 10:22:00,6.91,16.65,0.18,Winter,62.0
EV-10729,USR-1059,Townhouse,Level 2 (7.2kW),2025-08-11 00:01:00,19.2,27.95,0.0,Summer,36.2
EV-10730,USR-1017,Single-Family,Level 1 (1.4kW),2025-07-06 20:11:00,30.23,28.43,0.08,Spring,35.1
EV-10731,USR-1002,Condo/Apartment,Level 2 (7.2kW),2025-03-04 17:03:00,11.2,12.0,0.36,Fall,72.6
EV-10732,USR-1156,Single-Family,Level 2 (7.2kW),2025-08-08 23:33:00,4.28,28.26,0.0,Fall,35.5
EV-10733,USR-1248,Townhouse,Level 2 (7.2kW),2025-07-19 17:49:00,9.65,31.89,0.33,Winter,27.2
EV-10734,USR-1371,Townhouse,Level 1 (1.4kW),2025-12-03 23:52:00,32.65,35.48,0.0,Fall,19.0
EV-10735,USR-1300,Single-Family,Level 2 (7.2kW),2025-01-04 13:20:00,7.29,35.66,0.63,Winter,18.6
EV-10736,USR-1113,Single-Family,Level 1 (1.4kW),2025-05-08 18:24:00,31.77,38.02,0.23,Winter,13.2
EV-10737,USR-1067,Single-Family,Level 2 (7.2kW),2025-05-21 17:34:00,4.49,12.57,0.78,Summer,71.3
EV-10738,USR-1183,Single-Family,Level 2 (7.2kW),2025-01-13 17:53:00,54.34,24.31,0.27,Spring,44.5
EV-10739,USR-1173,Single-Family,Level 2 (7.2kW),2025-02-28 23:32:00,10.18,32.77,0.0,Spring,25.2
EV-10740,USR-1367,Condo/Apartment,Level 2 (7.2kW),2025-01-06 03:59:00,4.02,27.38,0.0,Summer,37.5
EV-10741,USR-1397,Townhouse,Level 2 (7.2kW),2025-10-14 19:26:00,10.41,33.51,0.17,Spring,23.5
EV-10742,USR-1335,Condo/Apartment,Level 2 (7.2kW),2025-01-23 20:42:00,5.77,22.04,0.08,Fall,49.7
EV-10743,USR-1217,Townhouse,Level 2 (7.2kW),2025-06-29 23:24:00,2.16,11.57,0.0,Spring,73.6
EV-10744,USR-1218,Single-Family,Level 2 (7.2kW),2025-09-18 23:10:00,8.69,19.23,0.0,Spring,56.1
EV-10745,USR-1112,Condo/Apartment,Level 2 (7.2kW),2025-01-14 22:36:00,7.27,14.02,0.0,Summer,68.0
EV-10746,USR-1209,Single-Family,Level 2 (7.2kW),2025-10-09 20:41:00,7.68,36.05,0.06,Summer,17.7
EV-10747,USR-1264,Townhouse,Level 2 (7.2kW),2025-07-01 21:44:00,3.69,22.87,0.0,Summer,47.8
EV-10748,USR-1343,Single-Family,Level 2 (7.2kW),2025-02-03 18:01:00,2.67,12.88,1.0,Summer,70.6
EV-10749,USR-1330,Townhouse,Level 2 (7.2kW),2025-09-24 16:13:00,7.54,30.31,0.65,Summer,30.8
EV-10750,USR-1065,Condo/Apartment,Level 2 (7.2kW),2025-05-01 10:29:00,10.31,35.18,0.45,Spring,19.7
EV-10751,USR-1383,Single-Family,Level 2 (7.2kW),2025-05-17 16:53:00,5.85,35.62,0.71,Fall,18.7
EV-10752,USR-1166,Condo/Apartment,Level 2 (7.2kW),2025-10-19 18:58:00,5.96,38.38,0.38,Spring,12.4
EV-10753,USR-1304,Townhouse,Level 1 (1.4kW),2025-02-02 22:21:00,22.15,20.24,0.0,Fall,53.8
EV-10754,USR-1002,Condo/Apartment,Level 2 (7.2kW),2025-01-19 16:03:00,7.44,37.32,0.67,Summer,14.8
EV-10755,USR-1333,Townhouse,Level 2 (7.2kW),2025-06-10 12:20:00,3.77,11.04,0.06,Spring,74.8
EV-10756,USR-1366,Single-Family,Level 2 (7.2kW),2025-09-13 22:36:00,4.25,21.95,0.0,Spring,49.9
EV-10757,USR-1160,Single-Family,Level 2 (7.2kW),2025-03-16 23:38:00,2.54,16.6,0.0,Winter,62.1
EV-10758,USR-1024,Townhouse,Level 2 (7.2kW),2025-03-23 22:08:00,8.94,31.02,0.0,Winter,29.2
EV-10759,USR-1381,Single-Family,Level 2 (7.2kW),2025-05-04 17:30:00,7.86,33.86,0.44,Winter,22.7
EV-10760,USR-1362,Single-Family,Level 1 (1.4kW),2025-12-23 19:07:00,21.59,19.45,0.17,Winter,55.6
EV-10761,USR-1198,Townhouse,Level 2 (7.2kW),2025-03-06 17:32:00,2.21,13.32,1.0,Summer,69.6
EV-10762,USR-1045,Condo/Apartment,Level 2 (7.2kW),2025-12-06 23:10:00,4.36,29.26,0.0,Spring,33.2
EV-10763,USR-1210,Single-Family,Level 2 (7.2kW),2025-08-07 12:50:00,5.17,31.72,0.38,Winter,27.6
EV-10764,USR-1035,Single-Family,Level 2 (7.2kW),2025-04-27 21:23:00,2.4,16.38,0.0,Fall,62.6
EV-10765,USR-1216,Townhouse,Level 2 (7.2kW),2025-04-27 13:59:00,8.65,38.86,0.57,Summer,11.3
EV-10766,USR-1271,Condo/Apartment,Level 2 (7.2kW),2025-11-03 22:20:00,3.0,11.39,0.0,Fall,74.0
EV-10767,USR-1309,Townhouse,Level 2 (7.2kW),2025-06-05 17:46:00,3.62,24.31,0.87,Fall,44.5
EV-10768,USR-1246,Condo/Apartment,Level 2 (7.2kW),2025-11-09 15:28:00,4.49,16.69,0.83,Fall,61.9
EV-10769,USR-1389,Townhouse,Level 2 (7.2kW),2025-12-21 17:59:00,7.86,16.6,0.41,Summer,62.1
EV-10770,USR-1141,Single-Family,Level 2 (7.2kW),2025-11-28 17:07:00,5.32,22.74,0.73,Spring,48.1
EV-10771,USR-1246,Single-Family,Level 2 (7.2kW),2025-05-15 10:12:00,5.13,34.48,0.0,Fall,21.3
EV-10772,USR-1267,Single-Family,Level 2 (7.2kW),2025-10-24 17:24:00,1.99,13.97,1.0,Summer,68.1
EV-10773,USR-1338,Single-Family,Level 2 (7.2kW),2025-02-15 22:03:00,8.39,15.86,0.0,Winter,63.8
EV-10774,USR-1129,Single-Family,Level 2 (7.2kW),2025-10-14 18:11:00,8.71,23.35,0.34,Summer,46.7
EV-10775,USR-1254,Single-Family,Level 2 (7.2kW),2025-05-12 17:53:00,6.18,26.94,0.52,Winter,38.5
EV-10776,USR-1220,Condo/Apartment,Level 2 (7.2kW),2025-07-02 21:57:00,3.81,24.58,0.0,Spring,43.9
EV-10777,USR-1319,Single-Family,Level 2 (7.2kW),2025-07-01 11:41:00,5.96,21.47,0.25,Winter,51.0
EV-10778,USR-1124,Townhouse,Level 2 (7.2kW),2025-12-29 18:30:00,11.13,32.59,0.22,Winter,25.6
EV-10779,USR-1181,Condo/Apartment,Level 1 (1.4kW),2025-07-24 23:30:00,27.07,34.39,0.0,Fall,21.5
EV-10780,USR-1144,Townhouse,Level 2 (7.2kW),2025-11-01 18:38:00,5.23,35.27,0.48,Spring,19.5
EV-10781,USR-1277,Condo/Apartment,Level 2 (7.2kW),2025-03-02 23:16:00,6.28,24.27,0.0,Summer,44.6
EV-10782,USR-1136,Condo/Apartment,Level 2 (7.2kW),2025-10-24 18:53:00,4.37,19.23,0.5,Fall,56.1
EV-10783,USR-1091,Single-Family,Level 1 (1.4kW),2025-08-13 18:38:00,33.09,37.32,0.21,Fall,14.8
EV-10784,USR-1073,Single-Family,Level 1 (1.4kW),2025-06-19 12:25:00,12.88,15.51,0.42,Spring,64.6
EV-10785,USR-1014,Single-Family,Level 2 (7.2kW),2025-08-02 21:13:00,4.91,34.65,0.0,Summer,20.9
EV-10786,USR-1202,Condo/Apartment,Level 2 (7.2kW),2025-02-04 23:59:00,4.71,19.8,0.0,Winter,54.8
EV-10787,USR-1082,Single-Family,Level 2 (7.2kW),2025-12-06 15:42:00,5.36,21.9,0.91,Summer,50.0
EV-10788,USR-1114,Townhouse,Level 2 (7.2kW),2025-03-04 17:30:00,14.0,11.92,0.29,Fall,72.8
EV-10789,USR-1098,Single-Family,Level 1 (1.4kW),2025-07-25 16:51:00,29.58,21.64,0.35,Winter,50.6
EV-10790,USR-1287,Single-Family,Level 2 (7.2kW),2025-05-22 20:08:00,3.82,16.21,0.25,Winter,63.0
EV-10791,USR-1020,Single-Family,Level 2 (7.2kW),2025-11-29 18:23:00,7.54,12.05,0.35,Spring,72.5
EV-10792,USR-1387,Condo/Apartment,Level 2 (7.2kW),2025-05-26 12:23:00,6.51,35.27,0.42,Fall,19.5
EV-10793,USR-1172,Single-Family,Level 2 (7.2kW),2025-09-03 00:12:00,8.5,31.89,0.0,Summer,27.2
EV-10794,USR-1183,Single-Family,Level 2 (7.2kW),2025-07-13 21:17:00,8.65,19.76,0.0,Spring,54.9
EV-10795,USR-1112,Single-Family,Level 2 (7.2kW),2025-01-18 17:20:00,11.04,15.29,0.33,Spring,65.1
EV-10796,USR-1053,Townhouse,Level 2 (7.2kW),2025-10-09 20:36:00,11.53,21.6,0.04,Fall,50.7
EV-10797,USR-1101,Townhouse,Level 2 (7.2kW),2025-04-28 20:25:00,12.26,11.83,0.06,Winter,73.0
EV-10798,USR-1211,Single-Family,Level 2 (7.2kW),2025-01-23 01:59:00,6.44,36.93,0.0,Winter,15.7
EV-10799,USR-1176,Condo/Apartment,Level 2 (7.2kW),2025-10-04 18:31:00,7.14,36.58,0.34,Summer,16.5
EV-10800,USR-1174,Townhouse,Level 2 (7.2kW),2025-09-26 22:04:00,6.12,24.93,0.0,Summer,43.1
EV-10801,USR-1191,Condo/Apartment,Level 2 (7.2kW),2025-10-27 19:42:00,7.91,34.3,0.19,Winter,21.7
EV-10802,USR-1182,Townhouse,Level 2 (7.2kW),2025-12-12 00:17:00,4.46,26.77,0.0,Summer,38.9
EV-10803,USR-1363,Single-Family,Level 2 (7.2kW),2025-10-09 17:17:00,3.04,12.13,1.0,Summer,72.3
EV-10804,USR-1162,Condo/Apartment,Level 1 (1.4kW),2025-01-30 14:52:00,14.87,17.74,0.42,Winter,59.5
EV-10805,USR-1336,Condo/Apartment,Level 1 (1.4kW),2025-12-04 14:10:00,29.37,34.65,0.42,Spring,20.9
EV-10806,USR-1290,Townhouse,Level 2 (7.2kW),2025-08-19 23:33:00,6.47,29.88,0.0,Summer,31.8
EV-10807,USR-1293,Condo/Apartment,Level 2 (7.2kW),2025-04-03 20:57:00,3.91,17.17,0.06,Winter,60.8
EV-10808,USR-1227,Condo/Apartment,Level 2 (7.2kW),2025-09-05 16:56:00,10.25,20.63,0.41,Summer,52.9
EV-10809,USR-1290,Single-Family,Level 2 (7.2kW),2025-05-02 21:19:00,5.48,19.19,0.0,Winter,56.2
EV-10810,USR-1335,Townhouse,Level 2 (7.2kW),2025-06-08 11:38:00,1.76,12.05,0.0,Spring,72.5
EV-10811,USR-1274,Single-Family,Level 2 (7.2kW),2025-02-25 16:55:00,11.44,27.2,0.37,Fall,37.9
EV-10812,USR-1062,Townhouse,Level 2 (7.2kW),2025-11-30 23:19:00,7.36,21.47,0.0,Winter,51.0
EV-10813,USR-1355,Single-Family,Level 2 (7.2kW),2025-02-01 00:12:00,8.23,36.32,0.0,Winter,17.1
EV-10814,USR-1189,Single-Family,Level 1 (1.4kW),2025-10-27 13:14:00,12.72,15.07,0.42,Spring,65.6
EV-10815,USR-1065,Single-Family,Level 2 (7.2kW),2025-06-05 22:48:00,8.98,33.34,0.0,Spring,23.9
EV-10816,USR-1339,Single-Family,Level 2 (7.2kW),2025-12-10 22:17:00,3.76,16.43,0.0,Spring,62.5
EV-10817,USR-1388,Single-Family,Level 2 (7.2kW),2025-04-27 17:53:00,5.27,27.77,0.59,Spring,36.6
EV-10818,USR-1262,Single-Family,Level 2 (7.2kW),2025-01-05 10:58:00,12.32,15.81,0.42,Winter,63.9
EV-10819,USR-1114,Single-Family,Level 2 (7.2kW),2025-02-06 14:39:00,9.89,34.13,0.5,Spring,22.1
EV-10820,USR-1203,Single-Family,Level 1 (1.4kW),2025-05-30 16:39:00,21.98,24.93,0.38,Spring,43.1
EV-10821,USR-1140,Condo/Apartment,Level 2 (7.2kW),2025-05-07 17:29:00,9.61,16.56,0.38,Winter,62.2
EV-10822,USR-1021,Townhouse,Level 2 (7.2kW),2025-01-14 19:51:00,5.84,16.08,0.21,Summer,63.3
EV-10823,USR-1048,Townhouse,Level 2 (7.2kW),2025-04-30 16:31:00,6.39,30.88,0.69,Summer,29.5
EV-10824,USR-1378,Single-Family,Level 2 (7.2kW),2025-06-21 17:12:00,6.44,37.11,0.62,Fall,15.3
EV-10825,USR-1172,Townhouse,Level 1 (1.4kW),2025-12-23 18:39:00,14.83,14.11,0.21,Summer,67.8
EV-10826,USR-1285,Townhouse,Level 2 (7.2kW),2025-09-07 19:03:00,5.21,32.55,0.38,Winter,25.7
EV-10827,USR-1276,Townhouse,Level 2 (7.2kW),2025-10-21 00:50:00,9.19,37.72,0.0,Winter,13.9
EV-10828,USR-1021,Single-Family,Level 2 (7.2kW),2025-10-12 08:22:00,5.54,34.83,0.0,Winter,20.5
EV-10829,USR-1280,Condo/Apartment,Level 2 (7.2kW),2025-03-13 16:31:00,12.06,24.01,0.38,Fall,45.2
EV-10830,USR-1399,Single-Family,Level 2 (7.2kW),2025-10-14 17:46:00,2.65,14.72,1.0,Summer,66.4
EV-10831,USR-1292,Condo/Apartment,Level 1 (1.4kW),2025-11-15 18:13:00,11.47,12.35,0.26,Spring,71.8
EV-10832,USR-1055,Townhouse,Level 2 (7.2kW),2025-09-20 21:18:00,2.28,11.61,0.0,Summer,73.5
EV-10833,USR-1331,Single-Family,Level 1 (1.4kW),2025-09-25 11:45:00,17.68,23.57,0.42,Spring,46.2
EV-10834,USR-1354,Single-Family,Level 2 (7.2kW),2025-01-30 02:18:00,5.68,14.11,0.0,Summer,67.8
EV-10835,USR-1323,Townhouse,Level 2 (7.2kW),2025-11-18 14:17:00,3.03,14.02,0.46,Winter,68.0
EV-10836,USR-1048,Single-Family,Level 2 (7.2kW),2025-11-17 16:55:00,9.14,29.18,0.46,Winter,33.4
EV-10837,USR-1203,Single-Family,Level 2 (7.2kW),2025-06-14 18:20:00,8.66,30.31,0.31,Winter,30.8
EV-10838,USR-1317,Single-Family,Level 1 (1.4kW),2025-10-01 17:09:00,35.81,37.5,0.33,Winter,14.4
EV-10839,USR-1198,Townhouse,Level 2 (7.2kW),2025-05-15 17:06:00,10.63,15.33,0.37,Winter,65.0
EV-10840,USR-1119,Condo/Apartment,Level 2 (7.2kW),2025-03-08 10:52:00,5.41,35.18,0.05,Fall,19.7
EV-10841,USR-1266,Single-Family,Level 2 (7.2kW),2025-04-25 14:51:00,3.29,17.39,0.64,Fall,60.3
EV-10842,USR-1147,Townhouse,Level 2 (7.2kW),2025-11-03 15:27:00,6.6,29.26,0.74,Winter,33.2
EV-10843,USR-1221,Single-Family,Level 1 (1.4kW),2025-03-24 17:12:00,14.86,16.95,0.33,Winter,61.3
EV-10844,USR-1167,Single-Family,Level 1 (1.4kW),2025-08-02 21:57:00,21.94,27.42,0.0,Summer,37.4
EV-10845,USR-1218,Single-Family,Level 2 (7.2kW),2025-09-12 15:57:00,8.04,38.46,0.61,Spring,12.2
EV-10846,USR-1325,Townhouse,Level 2 (7.2kW),2025-09-05 21:17:00,6.02,34.56,0.0,Winter,21.1
EV-10847,USR-1293,Single-Family,Level 2 (7.2kW),2025-05-27 17:04:00,6.38,28.83,0.62,Spring,34.2
EV-10848,USR-1022,Townhouse,Level 2 (7.2kW),2025-07-25 19:47:00,3.7,19.84,0.33,Spring,54.7
EV-10849,USR-1291,Single-Family,Level 2 (7.2kW),2025-02-02 19:45:00,13.74,16.69,0.1,Summer,61.9
EV-10850,USR-1053,Condo/Apartment,Level 2 (7.2kW),2025-06-25 17:09:00,11.43,19.14,0.35,Winter,56.3
EV-10851,USR-1264,Single-Family,Level 2 (7.2kW),2025-07-31 22:05:00,4.21,20.41,0.0,Summer,53.4
EV-10852,USR-1125,Townhouse,Level 2 (7.2kW),2025-02-23 22:34:00,5.07,30.67,0.0,Spring,30.0
EV-10853,USR-1158,Townhouse,Level 2 (7.2kW),2025-05-18 17:55:00,12.5,29.04,0.27,Winter,33.7
EV-10854,USR-1287,Townhouse,Level 2 (7.2kW),2025-01-14 00:55:00,4.23,25.28,0.0,Spring,42.3
EV-10855,USR-1221,Condo/Apartment,Level 2 (7.2kW),2025-02-21 00:04:00,4.44,28.17,0.0,Summer,35.7
EV-10856,USR-1332,Single-Family,Level 1 (1.4kW),2025-03-17 00:05:00,17.87,18.79,0.0,Spring,57.1
EV-10857,USR-1354,Townhouse,Level 2 (7.2kW),2025-10-19 13:21:00,1.85,11.04,0.0,Winter,74.8
EV-10858,USR-1215,Single-Family,Level 1 (1.4kW),2025-08-05 17:27:00,19.44,25.67,0.31,Fall,41.4
EV-10859,USR-1258,Townhouse,Level 1 (1.4kW),2025-09-05 17:29:00,17.28,13.19,0.31,Winter,69.9
EV-10860,USR-1096,Townhouse,Level 1 (1.4kW),2025-01-04 23:03:00,27.26,38.02,0.0,Summer,13.2
EV-10861,USR-1019,Single-Family,Level 2 (7.2kW),2025-07-22 15:19:00,5.99,21.07,0.83,Fall,51.9
EV-10862,USR-1301,Townhouse,Level 2 (7.2kW),2025-08-20 22:20:00,2.43,16.6,0.0,Fall,62.1
EV-10863,USR-1148,Condo/Apartment,Level 2 (7.2kW),2025-12-04 12:25:00,3.35,14.02,0.0,Summer,68.0
EV-10864,USR-1102,Single-Family,Level 1 (1.4kW),2025-03-09 08:31:00,12.95,15.29,0.38,Winter,65.1
EV-10865,USR-1041,Townhouse,Level 1 (1.4kW),2025-01-30 13:31:00,14.28,17.3,0.42,Fall,60.5
EV-10866,USR-1132,Single-Family,Level 2 (7.2kW),2025-09-11 18:47:00,6.34,25.89,0.35,Fall,40.9
EV-10867,USR-1383,Single-Family,Level 2 (7.2kW),2025-05-17 18:11:00,4.95,11.35,0.6,Winter,74.1
EV-10868,USR-1021,Single-Family,Level 2 (7.2kW),2025-06-20 13:15:00,12.81,33.78,0.42,Spring,22.9
EV-10869,USR-1277,Single-Family,Level 1 (1.4kW),2025-09-26 13:36:00,29.01,33.69,0.42,Winter,23.1
EV-10870,USR-1070,Townhouse,Level 1 (1.4kW),2025-09-07 14:40:00,25.04,31.67,0.42,Fall,27.7
EV-10871,USR-1047,Single-Family,Level 2 (7.2kW),2025-03-26 17:22:00,9.51,21.07,0.39,Winter,51.9
EV-10872,USR-1330,Single-Family,Level 2 (7.2kW),2025-02-16 19:36:00,3.82,13.93,0.38,Summer,68.2
EV-10873,USR-1093,Condo/Apartment,Level 2 (7.2kW),2025-09-09 23:42:00,7.73,32.29,0.0,Fall,26.3
EV-10874,USR-1029,Condo/Apartment,Level 2 (7.2kW),2025-01-27 18:40:00,18.81,24.58,0.21,Winter,43.9
EV-10875,USR-1250,Townhouse,Level 2 (7.2kW),2025-04-08 18:38:00,7.36,35.44,0.33,Winter,19.1
EV-10876,USR-1189,Single-Family,Level 2 (7.2kW),2025-07-30 18:12:00,5.46,20.94,0.55,Fall,52.2
EV-10877,USR-1379,Single-Family,Level 2 (7.2kW),2025-03-18 22:55:00,6.16,34.87,0.0,Fall,20.4
EV-10878,USR-1035,Single-Family,Level 2 (7.2kW),2025-08-16 18:42:00,5.45,24.14,0.45,Fall,44.9
EV-10879,USR-1333,Single-Family,Level 2 (7.2kW),2025-02-04 17:19:00,6.88,28.43,0.54,Fall,35.1
EV-10880,USR-1395,Single-Family,Level 2 (7.2kW),2025-04-11 23:03:00,5.35,13.93,0.0,Spring,68.2
EV-10881,USR-1130,Single-Family,Level 2 (7.2kW),2025-09-25 00:05:00,6.97,34.83,0.0,Spring,20.5
EV-10882,USR-1060,Townhouse,Level 2 (7.2kW),2025-10-02 13:54:00,2.97,18.79,0.25,Fall,57.1
EV-10883,USR-1034,Single-Family,Level 2 (7.2kW),2025-02-24 19:05:00,21.36,11.83,0.17,Spring,73.0
EV-10884,USR-1286,Condo/Apartment,Level 1 (1.4kW),2025-10-18 18:47:00,23.66,29.0,0.19,Spring,33.8
EV-10885,USR-1187,Condo/Apartment,Level 2 (7.2kW),2025-09-29 22:43:00,11.73,32.02,0.0,Fall,26.9
EV-10886,USR-1387,Single-Family,Level 2 (7.2kW),2025-10-25 23:58:00,10.76,28.61,0.0,Winter,34.7
EV-10887,USR-1143,Single-Family,Level 2 (7.2kW),2025-11-24 21:17:00,11.3,20.59,0.0,Winter,53.0
EV-10888,USR-1249,Single-Family,Level 2 (7.2kW),2025-03-04 17:39:00,3.3,15.42,1.0,Fall,64.8
EV-10889,USR-1089,Condo/Apartment,Level 2 (7.2kW),2025-10-25 17:05:00,5.18,32.86,0.76,Winter,25.0
EV-10890,USR-1371,Single-Family,Level 2 (7.2kW),2025-04-29 17:19:00,6.74,29.26,0.56,Summer,33.2
EV-10891,USR-1163,Single-Family,Level 2 (7.2kW),2025-07-20 22:57:00,6.96,25.36,0.0,Winter,42.1
EV-10892,USR-1333,Single-Family,Level 1 (1.4kW),2025-12-30 22:39:00,19.44,16.52,0.0,Spring,62.3
EV-10893,USR-1032,Condo/Apartment,Level 2 (7.2kW),2025-03-16 16:42:00,3.53,23.61,1.0,Spring,46.1
EV-10894,USR-1210,Single-Family,Level 2 (7.2kW),2025-08-04 00:31:00,4.99,35.7,0.0,Spring,18.5
EV-10895,USR-1262,Condo/Apartment,Level 1 (1.4kW),2025-05-11 12:59:00,24.71,16.47,0.42,Winter,62.4
EV-10896,USR-1025,Condo/Apartment,Level 2 (7.2kW),2025-10-01 22:21:00,14.22,30.49,0.0,Fall,30.4
EV-10897,USR-1393,Single-Family,Level 2 (7.2kW),2025-07-21 15:21:00,3.21,20.11,0.77,Winter,54.1
EV-10898,USR-1216,Single-Family,Level 2 (7.2kW),2025-05-25 19:57:00,6.76,36.4,0.19,Winter,16.9
EV-10899,USR-1276,Single-Family,Level 1 (1.4kW),2025-09-06 22:26:00,20.58,27.25,0.0,Winter,37.8
EV-10900,USR-1015,Condo/Apartment,Level 1 (1.4kW),2025-10-29 22:01:00,26.04,33.47,0.0,Fall,23.6
EV-10901,USR-1386,Condo/Apartment,Level 2 (7.2kW),2025-09-09 15:56:00,10.12,23.88,0.49,Winter,45.5
EV-10902,USR-1325,Townhouse,Level 2 (7.2kW),2025-07-19 16:50:00,7.28,26.46,0.57,Winter,39.6
EV-10903,USR-1024,Single-Family,Level 2 (7.2kW),2025-06-23 23:06:00,3.44,13.49,0.0,Winter,69.2
EV-10904,USR-1200,Single-Family,Level 2 (7.2kW),2025-11-29 09:27:00,3.87,18.62,0.0,Winter,57.5
EV-10905,USR-1099,Townhouse,Level 2 (7.2kW),2025-07-18 17:19:00,5.99,16.08,0.62,Fall,63.3
EV-10906,USR-1079,Single-Family,Level 2 (7.2kW),2025-08-26 16:59:00,5.48,33.91,0.77,Summer,22.6
EV-10907,USR-1121,Single-Family,Level 2 (7.2kW),2025-08-21 19:17:00,4.85,32.11,0.35,Winter,26.7
EV-10908,USR-1206,Condo/Apartment,Level 2 (7.2kW),2025-08-13 16:21:00,24.4,35.0,0.4,Fall,20.1
EV-10909,USR-1010,Condo/Apartment,Level 2 (7.2kW),2025-08-15 17:04:00,4.91,11.3,0.8,Fall,74.2
EV-10910,USR-1124,Single-Family,Level 2 (7.2kW),2025-09-25 11:11:00,5.98,34.39,0.17,Fall,21.5
EV-10911,USR-1360,Single-Family,Level 2 (7.2kW),2025-07-05 22:55:00,6.42,35.31,0.0,Fall,19.4
EV-10912,USR-1360,Townhouse,Level 2 (7.2kW),2025-01-02 23:56:00,4.01,22.91,0.0,Winter,47.7
EV-10913,USR-1143,Single-Family,Level 1 (1.4kW),2025-01-24 22:16:00,14.26,19.06,0.0,Winter,56.5
EV-10914,USR-1183,Single-Family,Level 2 (7.2kW),2025-08-10 00:09:00,6.02,32.51,0.0,Spring,25.8
EV-10915,USR-1084,Condo/Apartment,Level 2 (7.2kW),2025-02-03 20:13:00,16.64,11.87,0.08,Spring,72.9
EV-10916,USR-1305,Condo/Apartment,Level 1 (1.4kW),2025-11-24 12:12:00,21.72,27.6,0.42,Winter,37.0
EV-10917,USR-1183,Single-Family,Level 2 (7.2kW),2025-11-26 18:36:00,4.23,28.52,0.59,Fall,34.9
EV-10918,USR-1316,Single-Family,Level 1 (1.4kW),2025-07-08 17:15:00,31.12,37.72,0.31,Summer,13.9
EV-10919,USR-1154,Condo/Apartment,Level 2 (7.2kW),2025-02-25 12:13:00,6.83,33.99,0.43,Winter,22.4
EV-10920,USR-1343,Single-Family,Level 2 (7.2kW),2025-10-13 22:19:00,7.13,18.88,0.0,Spring,56.9
EV-10921,USR-1299,Single-Family,Level 2 (7.2kW),2025-05-03 23:32:00,9.82,30.75,0.0,Spring,29.8
EV-10922,USR-1023,Condo/Apartment,Level 2 (7.2kW),2025-11-15 17:17:00,5.04,22.69,0.71,Winter,48.2
EV-10923,USR-1127,Condo/Apartment,Level 2 (7.2kW),2025-08-05 12:08:00,5.52,29.75,0.3,Spring,32.1
EV-10924,USR-1071,Single-Family,Level 2 (7.2kW),2025-05-25 13:43:00,3.04,20.5,0.23,Summer,53.2
EV-10925,USR-1018,Condo/Apartment,Level 2 (7.2kW),2025-01-14 22:22:00,8.34,19.84,0.0,Winter,54.7
EV-10926,USR-1277,Townhouse,Level 2 (7.2kW),2025-01-07 20:23:00,17.39,36.75,0.06,Winter,16.1
EV-10927,USR-1372,Single-Family,Level 1 (1.4kW),2025-11-22 17:42:00,12.77,16.73,0.29,Summer,61.8
EV-10928,USR-1315,Townhouse,Level 2 (7.2kW),2025-02-22 04:52:00,2.05,13.05,0.0,Spring,70.2
EV-10929,USR-1208,Condo/Apartment,Level 2 (7.2kW),2025-05-06 19:41:00,46.98,12.7,0.12,Fall,71.0
EV-10930,USR-1232,Single-Family,Level 2 (7.2kW),2025-02-03 17:45:00,9.1,21.55,0.35,Fall,50.8
EV-10931,USR-1032,Condo/Apartment,Level 2 (7.2kW),2025-02-17 23:11:00,12.01,29.13,0.0,Fall,33.5
EV-10932,USR-1133,Condo/Apartment,Level 2 (7.2kW),2025-12-19 10:44:00,5.48,29.7,0.0,Winter,32.2
EV-10933,USR-1374,Townhouse,Level 2 (7.2kW),2025-01-02 17:01:00,7.25,21.07,0.55,Summer,51.9
EV-10934,USR-1086,Condo/Apartment,Level 1 (1.4kW),2025-03-18 13:10:00,23.83,30.05,0.42,Spring,31.4
EV-10935,USR-1117,Condo/Apartment,Level 2 (7.2kW),2025-07-18 18:47:00,6.76,31.76,0.33,Fall,27.5
EV-10936,USR-1075,Townhouse,Level 2 (7.2kW),2025-01-08 00:58:00,7.68,12.22,0.0,Summer,72.1
EV-10937,USR-1045,Townhouse,Level 2 (7.2kW),2025-09-03 12:03:00,9.92,12.09,0.5,Winter,72.4
EV-10938,USR-1145,Single-Family,Level 1 (1.4kW),2025-06-21 17:18:00,25.86,35.18,0.31,Summer,19.7
EV-10939,USR-1237,Condo/Apartment,Level 2 (7.2kW),2025-05-29 19:56:00,3.52,24.05,0.33,Summer,45.1
EV-10940,USR-1352,Condo/Apartment,Level 2 (7.2kW),2025-01-31 20:38:00,6.72,25.32,0.07,Summer,42.2
EV-10941,USR-1009,Condo/Apartment,Level 2 (7.2kW),2025-09-02 12:11:00,16.96,23.7,0.42,Summer,45.9
EV-10942,USR-1033,Townhouse,Level 1 (1.4kW),2025-07-08 23:04:00,11.1,13.71,0.0,Winter,68.7
EV-10943,USR-1083,Townhouse,Level 2 (7.2kW),2025-01-06 22:32:00,10.69,39.38,0.0,Fall,10.1
EV-10944,USR-1299,Condo/Apartment,Level 2 (7.2kW),2025-05-04 12:06:00,3.24,17.13,0.0,Winter,60.9
EV-10945,USR-1150,Condo/Apartment,Level 2 (7.2kW),2025-04-21 15:28:00,5.3,31.06,0.86,Spring,29.1
EV-10946,USR-1061,Townhouse,Level 2 (7.2kW),2025-01-02 18:02:00,13.64,36.89,0.25,Fall,15.8
EV-10947,USR-1246,Condo/Apartment,Level 2 (7.2kW),2025-05-02 23:51:00,7.73,28.47,0.0,Fall,35.0
EV-10948,USR-1061,Condo/Apartment,Level 2 (7.2kW),2025-06-03 18:18:00,10.41,33.21,0.26,Fall,24.2
EV-10949,USR-1176,Single-Family,Level 2 (7.2kW),2025-03-31 15:19:00,5.67,34.26,0.87,Fall,21.8
EV-10950,USR-1048,Condo/Apartment,Level 2 (7.2kW),2025-01-31 16:54:00,2.79,15.38,1.0,Fall,64.9
EV-10951,USR-1167,Townhouse,Level 2 (7.2kW),2025-07-22 21:32:00,5.12,25.23,0.0,Spring,42.4
EV-10952,USR-1046,Single-Family,Level 2 (7.2kW),2025-10-06 17:52:00,9.08,30.93,0.35,Winter,29.4
EV-10953,USR-1184,Condo/Apartment,Level 2 (7.2kW),2025-01-31 09:05:00,5.55,25.45,0.0,Summer,41.9
EV-10954,USR-1342,Single-Family,Level 2 (7.2kW),2025-01-05 20:05:00,3.0,14.59,0.33,Summer,66.7
EV-10955,USR-1107,Single-Family,Level 2 (7.2kW),2025-12-20 17:26:00,5.59,33.25,0.65,Winter,24.1
EV-10956,USR-1187,Townhouse,Level 2 (7.2kW),2025-09-07 21:10:00,12.29,29.44,0.0,Fall,32.8
EV-10957,USR-1032,Condo/Apartment,Level 2 (7.2kW),2025-06-21 17:55:00,1.6,11.26,1.0,Spring,74.3
EV-10958,USR-1304,Townhouse,Level 1 (1.4kW),2025-04-18 16:43:00,30.2,32.42,0.38,Summer,26.0
EV-10959,USR-1066,Townhouse,Level 1 (1.4kW),2025-02-14 09:54:00,15.81,20.63,0.42,Winter,52.9
EV-10960,USR-1042,Townhouse,Level 2 (7.2kW),2025-02-09 22:23:00,6.61,33.25,0.0,Spring,24.1
EV-10961,USR-1297,Townhouse,Level 2 (7.2kW),2025-09-06 19:11:00,4.42,22.47,0.44,Winter,48.7
EV-10962,USR-1056,Single-Family,Level 2 (7.2kW),2025-06-04 22:57:00,47.03,13.19,0.0,Winter,69.9
EV-10963,USR-1175,Townhouse,Level 2 (7.2kW),2025-06-26 18:55:00,7.17,23.79,0.31,Winter,45.7
EV-10964,USR-1286,Single-Family,Level 2 (7.2kW),2025-02-19 18:41:00,6.04,23.04,0.4,Winter,47.4
EV-10965,USR-1170,Townhouse,Level 2 (7.2kW),2025-06-17 19:47:00,9.52,34.74,0.13,Fall,20.7
EV-10966,USR-1324,Single-Family,Level 2 (7.2kW),2025-09-11 21:25:00,8.12,35.48,0.0,Fall,19.0
EV-10967,USR-1191,Single-Family,Level 1 (1.4kW),2025-09-29 10:21:00,13.34,17.22,0.42,Summer,60.7
EV-10968,USR-1317,Single-Family,Level 2 (7.2kW),2025-06-30 19:06:00,6.69,33.12,0.3,Spring,24.4
EV-10969,USR-1193,Condo/Apartment,Level 2 (7.2kW),2025-04-27 22:09:00,3.09,20.24,0.0,Fall,53.8
EV-10970,USR-1141,Condo/Apartment,Level 1 (1.4kW),2025-10-31 16:38:00,21.64,29.57,0.38,Spring,32.5
EV-10971,USR-1207,Townhouse,Level 2 (7.2kW),2025-07-26 23:33:00,14.16,28.47,0.0,Winter,35.0
EV-10972,USR-1189,Single-Family,Level 2 (7.2kW),2025-08-06 22:34:00,10.02,35.7,0.0,Summer,18.5
EV-10973,USR-1023,Condo/Apartment,Level 2 (7.2kW),2025-10-21 17:24:00,6.33,17.48,0.58,Fall,60.1
EV-10974,USR-1205,Single-Family,Level 2 (7.2kW),2025-11-08 21:42:00,3.29,21.99,0.0,Spring,49.8
EV-10975,USR-1366,Single-Family,Level 2 (7.2kW),2025-10-09 20:01:00,8.65,13.32,0.11,Spring,69.6
EV-10976,USR-1313,Townhouse,Level 1 (1.4kW),2025-07-25 00:14:00,25.15,24.44,0.0,Spring,44.2
EV-10977,USR-1130,Single-Family,Level 1 (1.4kW),2025-12-10 21:33:00,22.02,21.16,0.0,Spring,51.7
EV-10978,USR-1174,Condo/Apartment,Level 2 (7.2kW),2025-05-30 17:26:00,3.51,20.15,1.0,Winter,54.0
EV-10979,USR-1062,Condo/Apartment,Level 2 (7.2kW),2025-08-09 18:44:00,4.64,20.5,0.53,Fall,53.2
EV-10980,USR-1315,Single-Family,Level 2 (7.2kW),2025-08-23 23:17:00,2.85,17.61,0.0,Winter,59.8
EV-10981,USR-1288,Single-Family,Level 2 (7.2kW),2025-01-29 23:16:00,6.19,34.17,0.0,Summer,22.0
EV-10982,USR-1001,Single-Family,Level 1 (1.4kW),2025-08-11 22:06:00,19.45,26.72,0.0,Fall,39.0
EV-10983,USR-1147,Single-Family,Level 2 (7.2kW),2025-04-25 21:33:00,3.05,20.81,0.0,Fall,52.5
EV-10984,USR-1293,Condo/Apartment,Level 2 (7.2kW),2025-09-01 18:59:00,7.02,14.33,0.31,Winter,67.3
EV-10985,USR-1279,Single-Family,Level 2 (7.2kW),2025-04-11 00:05:00,7.95,26.11,0.0,Fall,40.4
EV-10986,USR-1107,Single-Family,Level 2 (7.2kW),2025-11-29 00:31:00,5.33,15.9,0.0,Fall,63.7
EV-10987,USR-1260,Single-Family,Level 1 (1.4kW),2025-09-20 17:15:00,9.12,11.13,0.41,Winter,74.6
EV-10988,USR-1345,Townhouse,Level 2 (7.2kW),2025-03-30 16:10:00,6.74,31.19,0.74,Summer,28.8
EV-10989,USR-1218,Single-Family,Level 1 (1.4kW),2025-01-22 14:46:00,18.75,26.07,0.42,Spring,40.5
EV-10990,USR-1040,Townhouse,Level 2 (7.2kW),2025-01-11 23:06:00,3.03,18.88,0.0,Fall,56.9
EV-10991,USR-1077,Condo/Apartment,Level 2 (7.2kW),2025-10-03 18:33:00,3.38,24.27,0.71,Fall,44.6
EV-10992,USR-1216,Single-Family,Level 1 (1.4kW),2025-09-08 17:17:00,12.07,15.77,0.31,Summer,64.0
EV-10993,USR-1177,Single-Family,Level 2 (7.2kW),2025-08-08 17:42:00,4.13,26.24,0.82,Fall,40.1
EV-10994,USR-1328,Single-Family,Level 2 (7.2kW),2025-08-09 18:27:00,6.48,13.54,0.42,Winter,69.1
EV-10995,USR-1293,Townhouse,Level 1 (1.4kW),2025-07-26 17:52:00,18.24,21.77,0.27,Spring,50.3
EV-10996,USR-1199,Single-Family,Level 2 (7.2kW),2025-07-06 23:59:00,3.74,18.36,0.0,Spring,58.1
EV-10997,USR-1093,Townhouse,Level 2 (7.2kW),2025-11-04 22:46:00,5.28,25.58,0.0,Winter,41.6
EV-10998,USR-1371,Single-Family,Level 2 (7.2kW),2025-05-25 21:27:00,5.96,25.5,0.0,Summer,41.8
EV-10999,USR-1372,Single-Family,Level 2 (7.2kW),2025-06-30 17:57:00,9.7,34.83,0.33,Winter,20.5
EV-11000,USR-1183,Single-Family,Level 2 (7.2kW),2025-12-21 13:46:00,2.99,14.68,0.25,Spring,66.5
EV-11001,USR-1353,Single-Family,Level 2 (7.2kW),2025-08-08 21:03:00,5.54,24.58,0.0,Spring,43.9
EV-11002,USR-1272,Condo/Apartment,Level 2 (7.2kW),2025-08-05 10:44:00,12.76,18.14,0.42,Winter,58.6
EV-11003,USR-1225,Condo/Apartment,Level 2 (7.2kW),2025-01-13 12:51:00,14.51,39.16,0.42,Winter,10.6
EV-11004,USR-1115,Single-Family,Level 1 (1.4kW),2025-10-04 18:54:00,61.7,21.25,0.19,Summer,51.5
EV-11005,USR-1131,Condo/Apartment,Level 1 (1.4kW),2025-01-13 17:16:00,18.54,22.91,0.31,Winter,47.7
EV-11006,USR-1150,Townhouse,Level 2 (7.2kW),2025-04-19 21:48:00,11.88,28.56,0.0,Winter,34.8
EV-11007,USR-1134,Townhouse,Level 2 (7.2kW),2025-04-15 11:38:00,3.87,24.84,0.0,Summer,43.3
EV-11008,USR-1326,Townhouse,Level 2 (7.2kW),2025-02-16 17:59:00,8.09,34.26,0.39,Fall,21.8
EV-11009,USR-1071,Condo/Apartment,Level 2 (7.2kW),2025-10-29 00:39:00,9.75,14.85,0.0,Summer,66.1
EV-11010,USR-1307,Townhouse,Level 2 (7.2kW),2025-04-18 18:14:00,7.48,28.47,0.4,Winter,35.0
EV-11011,USR-1348,Single-Family,Level 2 (7.2kW),2025-05-18 22:14:00,5.43,36.89,0.0,Winter,15.8
EV-11012,USR-1319,Condo/Apartment,Level 1 (1.4kW),2025-02-28 23:40:00,32.15,35.27,0.0,Summer,19.5
EV-11013,USR-1133,Townhouse,Level 2 (7.2kW),2025-04-02 20:41:00,5.58,13.27,0.09,Fall,69.7
EV-11014,USR-1286,Condo/Apartment,Level 2 (7.2kW),2025-05-29 19:20:00,4.09,15.86,0.41,Fall,63.8
EV-11015,USR-1036,Single-Family,Level 2 (7.2kW),2025-10-30 22:41:00,8.77,36.27,0.0,Fall,17.2
EV-11016,USR-1227,Single-Family,Level 2 (7.2kW),2025-10-02 22:23:00,3.09,19.8,0.0,Fall,54.8
EV-11017,USR-1136,Condo/Apartment,Level 2 (7.2kW),2025-07-29 17:43:00,4.77,28.91,0.7,Winter,34.0
EV-11018,USR-1356,Condo/Apartment,Level 2 (7.2kW),2025-03-29 18:31:00,9.16,38.73,0.27,Fall,11.6
EV-11019,USR-1124,Single-Family,Level 2 (7.2kW),2025-09-02 18:41:00,7.56,38.24,0.32,Winter,12.7
EV-11020,USR-1045,Townhouse,Level 2 (7.2kW),2025-07-22 18:24:00,5.91,22.47,0.46,Fall,48.7
EV-11021,USR-1181,Single-Family,Level 2 (7.2kW),2025-09-08 17:36:00,11.65,30.4,0.3,Spring,30.6
EV-11022,USR-1256,Condo/Apartment,Level 2 (7.2kW),2025-02-05 18:17:00,5.75,30.49,0.48,Spring,30.4
EV-11023,USR-1046,Townhouse,Level 2 (7.2kW),2025-09-01 19:16:00,5.93,28.34,0.29,Summer,35.3
EV-11024,USR-1133,Single-Family,Level 1 (1.4kW),2025-10-08 16:29:00,33.05,31.8,0.4,Fall,27.4
EV-11025,USR-1360,Townhouse,Level 2 (7.2kW),2025-09-08 17:08:00,3.98,28.47,1.0,Summer,35.0
EV-11026,USR-1141,Single-Family,Level 2 (7.2kW),2025-06-11 15:37:00,4.1,29.39,0.88,Winter,32.9
EV-11027,USR-1050,Single-Family,Level 1 (1.4kW),2025-03-03 23:40:00,20.66,28.65,0.0,Fall,34.6
EV-11028,USR-1293,Condo/Apartment,Level 2 (7.2kW),2025-04-14 14:00:00,4.72,24.53,0.58,Winter,44.0
EV-11029,USR-1364,Condo/Apartment,Level 1 (1.4kW),2025-03-04 14:23:00,24.11,32.02,0.42,Spring,26.9
EV-11030,USR-1067,Townhouse,Level 2 (7.2kW),2025-06-27 18:07:00,10.32,32.55,0.29,Spring,25.7
EV-11031,USR-1066,Single-Family,Level 2 (7.2kW),2025-11-05 16:14:00,2.25,15.77,1.0,Fall,64.0
EV-11032,USR-1100,Condo/Apartment,Level 1 (1.4kW),2025-10-04 19:01:00,27.08,32.64,0.17,Spring,25.5
EV-11033,USR-1234,Single-Family,Level 2 (7.2kW),2025-12-24 17:25:00,5.12,36.14,0.71,Winter,17.5
EV-11034,USR-1219,Condo/Apartment,Level 1 (1.4kW),2025-10-27 00:45:00,15.41,19.76,0.0,Summer,54.9
EV-11035,USR-1349,Single-Family,Level 2 (7.2kW),2025-06-28 09:23:00,6.27,25.76,0.0,Summer,41.2
EV-11036,USR-1385,Single-Family,Level 2 (7.2kW),2025-12-31 00:38:00,33.2,26.77,0.0,Spring,38.9
EV-11037,USR-1392,Single-Family,Level 2 (7.2kW),2025-04-29 18:41:00,6.72,34.21,0.37,Fall,21.9
EV-11038,USR-1262,Condo/Apartment,Level 2 (7.2kW),2025-03-09 22:18:00,4.21,29.7,0.0,Summer,32.2
EV-11039,USR-1062,Single-Family,Level 1 (1.4kW),2025-09-03 15:40:00,20.29,27.47,0.42,Fall,37.3
EV-11040,USR-1284,Condo/Apartment,Level 1 (1.4kW),2025-08-27 19:42:00,34.18,38.29,0.12,Winter,12.6
EV-11041,USR-1189,Townhouse,Level 1 (1.4kW),2025-12-19 22:17:00,23.16,21.03,0.0,Fall,52.0
EV-11042,USR-1052,Single-Family,Level 1 (1.4kW),2025-09-27 15:56:00,29.18,35.0,0.42,Fall,20.1
EV-11043,USR-1284,Single-Family,Level 2 (7.2kW),2025-05-17 22:29:00,6.29,29.31,0.0,Spring,33.1
EV-11044,USR-1101,Single-Family,Level 1 (1.4kW),2025-02-14 18:19:00,26.57,31.45,0.23,Fall,28.2
EV-11045,USR-1173,Condo/Apartment,Level 2 (7.2kW),2025-01-21 16:55:00,3.6,17.39,1.0,Spring,60.3
EV-11046,USR-1279,Single-Family,Level 2 (7.2kW),2025-10-05 16:52:00,10.84,29.18,0.39,Summer,33.4
EV-11047,USR-1100,Single-Family,Level 2 (7.2kW),2025-02-05 12:55:00,5.22,21.25,0.38,Fall,51.5
EV-11048,USR-1273,Condo/Apartment,Level 2 (7.2kW),2025-11-15 17:52:00,6.94,36.71,0.46,Winter,16.2
EV-11049,USR-1009,Single-Family,Level 2 (7.2kW),2025-01-13 19:39:00,3.59,16.82,0.4,Fall,61.6
EV-11050,USR-1394,Single-Family,Level 2 (7.2kW),2025-12-30 18:11:00,4.55,22.21,0.63,Spring,49.3
EV-11051,USR-1145,Single-Family,Level 2 (7.2kW),2025-09-12 12:24:00,5.93,27.2,0.38,Fall,37.9
EV-11052,USR-1374,Single-Family,Level 2 (7.2kW),2025-03-31 18:50:00,4.79,27.29,0.45,Winter,37.7
EV-11053,USR-1366,Single-Family,Level 2 (7.2kW),2025-01-24 19:46:00,8.92,11.43,0.14,Fall,73.9
EV-11054,USR-1244,Townhouse,Level 1 (1.4kW),2025-10-17 00:20:00,10.26,13.89,0.0,Fall,68.3
EV-11055,USR-1389,Single-Family,Level 2 (7.2kW),2025-11-24 13:08:00,12.95,35.7,0.42,Winter,18.5
EV-11056,USR-1110,Single-Family,Level 2 (7.2kW),2025-03-19 19:44:00,6.78,30.93,0.21,Spring,29.4
EV-11057,USR-1181,Townhouse,Level 2 (7.2kW),2025-06-08 23:58:00,10.2,21.82,0.0,Summer,50.2
EV-11058,USR-1043,Single-Family,Level 1 (1.4kW),2025-04-14 12:34:00,22.86,31.06,0.42,Summer,29.1
EV-11059,USR-1306,Condo/Apartment,Level 2 (7.2kW),2025-06-23 18:26:00,5.2,20.15,0.52,Fall,54.0
EV-11060,USR-1102,Single-Family,Level 2 (7.2kW),2025-01-29 18:22:00,3.4,21.38,0.79,Fall,51.2
EV-11061,USR-1120,Single-Family,Level 2 (7.2kW),2025-01-20 22:38:00,9.55,29.75,0.0,Spring,32.1
EV-11062,USR-1071,Condo/Apartment,Level 1 (1.4kW),2025-03-19 18:53:00,17.3,19.06,0.19,Fall,56.5
EV-11063,USR-1181,Single-Family,Level 2 (7.2kW),2025-05-06 12:05:00,8.35,31.06,0.53,Winter,29.1
EV-11064,USR-1063,Single-Family,Level 2 (7.2kW),2025-06-27 17:24:00,4.83,31.63,0.75,Winter,27.8
EV-11065,USR-1164,Single-Family,Level 1 (1.4kW),2025-04-20 22:02:00,39.72,34.74,0.0,Summer,20.7
EV-11066,USR-1006,Townhouse,Level 2 (7.2kW),2025-09-18 23:18:00,10.72,23.26,0.0,Winter,46.9
EV-11067,USR-1106,Single-Family,Level 2 (7.2kW),2025-04-06 21:43:00,3.01,21.29,0.0,Spring,51.4
EV-11068,USR-1164,Townhouse,Level 2 (7.2kW),2025-07-10 23:23:00,1.9,13.49,0.0,Winter,69.2
EV-11069,USR-1087,Single-Family,Level 1 (1.4kW),2025-04-19 18:22:00,21.72,19.36,0.23,Spring,55.8
EV-11070,USR-1197,Single-Family,Level 2 (7.2kW),2025-01-08 22:54:00,6.11,24.09,0.0,Fall,45.0
EV-11071,USR-1150,Condo/Apartment,Level 2 (7.2kW),2025-12-10 08:45:00,8.9,23.92,0.19,Summer,45.4
EV-11072,USR-1360,Single-Family,Level 2 (7.2kW),2025-09-06 00:16:00,3.33,18.27,0.0,Fall,58.3
EV-11073,USR-1104,Single-Family,Level 2 (7.2kW),2025-08-26 16:04:00,42.96,23.31,0.42,Winter,46.8
EV-11074,USR-1329,Single-Family,Level 1 (1.4kW),2025-09-15 23:58:00,39.26,36.67,0.0,Winter,16.3
EV-11075,USR-1388,Townhouse,Level 2 (7.2kW),2025-12-19 13:22:00,6.97,21.25,0.61,Fall,51.5
EV-11076,USR-1141,Single-Family,Level 2 (7.2kW),2025-09-03 23:21:00,6.04,31.8,0.0,Fall,27.4
EV-11077,USR-1298,Single-Family,Level 1 (1.4kW),2025-08-20 19:30:00,16.44,22.52,0.12,Fall,48.6
EV-11078,USR-1187,Single-Family,Level 2 (7.2kW),2025-08-27 21:33:00,14.28,33.38,0.0,Fall,23.8
EV-11079,USR-1364,Single-Family,Level 2 (7.2kW),2025-11-07 16:16:00,8.73,33.34,0.54,Spring,23.9
EV-11080,USR-1256,Condo/Apartment,Level 2 (7.2kW),2025-05-23 12:35:00,6.16,39.03,0.44,Fall,10.9
EV-11081,USR-1330,Condo/Apartment,Level 2 (7.2kW),2025-01-16 21:59:00,4.62,29.18,0.0,Winter,33.4
EV-11082,USR-1203,Single-Family,Level 2 (7.2kW),2025-08-01 14:30:00,5.32,22.69,0.73,Winter,48.2
EV-11083,USR-1070,Single-Family,Level 2 (7.2kW),2025-04-15 16:33:00,10.77,27.03,0.41,Winter,38.3
EV-11084,USR-1077,Single-Family,Level 2 (7.2kW),2025-07-28 11:55:00,6.29,17.61,0.35,Spring,59.8
EV-11085,USR-1241,Single-Family,Level 2 (7.2kW),2025-12-10 16:17:00,7.65,22.87,0.61,Spring,47.8
EV-11086,USR-1114,Townhouse,Level 2 (7.2kW),2025-09-12 14:40:00,4.3,11.48,0.67,Fall,73.8
EV-11087,USR-1115,Condo/Apartment,Level 2 (7.2kW),2025-10-01 17:23:00,4.23,23.13,0.88,Fall,47.2
EV-11088,USR-1015,Townhouse,Level 2 (7.2kW),2025-09-26 18:53:00,4.74,31.28,0.47,Fall,28.6
EV-11089,USR-1349,Townhouse,Level 2 (7.2kW),2025-02-01 18:22:00,4.4,15.29,0.61,Winter,65.1
EV-11090,USR-1240,Single-Family,Level 2 (7.2kW),2025-08-06 09:47:00,11.72,26.85,0.43,Winter,38.7
EV-11091,USR-1359,Condo/Apartment,Level 2 (7.2kW),2025-08-30 12:20:00,4.41,28.78,0.17,Winter,34.3
EV-11092,USR-1163,Single-Family,Level 2 (7.2kW),2025-08-13 19:40:00,13.46,37.72,0.12,Summer,13.9
EV-11093,USR-1137,Single-Family,Level 1 (1.4kW),2025-08-21 18:47:00,16.35,18.27,0.19,Spring,58.3
EV-11094,USR-1302,Single-Family,Level 2 (7.2kW),2025-11-13 19:08:00,6.11,25.15,0.32,Spring,42.6
EV-11095,USR-1273,Single-Family,Level 1 (1.4kW),2025-10-27 03:26:00,19.28,26.2,0.0,Summer,40.2
EV-11096,USR-1027,Condo/Apartment,Level 1 (1.4kW),2025-07-25 18:11:00,19.25,23.61,0.25,Fall,46.1
EV-11097,USR-1245,Townhouse,Level 2 (7.2kW),2025-12-09 15:22:00,6.25,15.86,0.8,Winter,63.8
EV-11098,USR-1055,Single-Family,Level 2 (7.2kW),2025-10-16 22:25:00,8.2,36.45,0.0,Fall,16.8
EV-11099,USR-1041,Single-Family,Level 2 (7.2kW),2025-01-12 23:34:00,24.85,22.87,0.0,Fall,47.8
EV-11100,USR-1342,Condo/Apartment,Level 2 (7.2kW),2025-12-24 16:20:00,3.99,22.25,1.0,Spring,49.2
EV-11101,USR-1062,Condo/Apartment,Level 2 (7.2kW),2025-03-25 15:00:00,7.34,29.57,0.67,Winter,32.5
EV-11102,USR-1038,Single-Family,Level 2 (7.2kW),2025-05-19 19:44:00,8.09,29.35,0.18,Spring,33.0
EV-11103,USR-1194,Condo/Apartment,Level 2 (7.2kW),2025-08-15 14:00:00,5.21,35.35,0.62,Summer,19.3
EV-11104,USR-1199,Townhouse,Level 2 (7.2kW),2025-03-10 17:28:00,9.34,36.75,0.39,Fall,16.1
EV-11105,USR-1376,Condo/Apartment,Level 2 (7.2kW),2025-01-16 21:50:00,6.65,35.09,0.0,Spring,19.9
EV-11106,USR-1130,Townhouse,Level 1 (1.4kW),2025-09-12 22:00:00,19.16,17.61,0.0,Spring,59.8
EV-11107,USR-1041,Condo/Apartment,Level 2 (7.2kW),2025-05-27 22:10:00,10.59,29.79,0.0,Summer,32.0
EV-11108,USR-1392,Single-Family,Level 2 (7.2kW),2025-04-19 11:23:00,5.48,20.33,0.14,Winter,53.6
EV-11109,USR-1392,Single-Family,Level 1 (1.4kW),2025-11-26 19:24:00,23.9,28.52,0.15,Fall,34.9
EV-11110,USR-1201,Single-Family,Level 2 (7.2kW),2025-10-21 16:47:00,18.76,28.43,0.35,Fall,35.1
EV-11111,USR-1326,Single-Family,Level 2 (7.2kW),2025-05-10 16:44:00,14.79,35.92,0.38,Winter,18.0
EV-11112,USR-1099,Townhouse,Level 2 (7.2kW),2025-09-29 21:07:00,9.87,27.64,0.0,Fall,36.9
EV-11113,USR-1272,Townhouse,Level 2 (7.2kW),2025-03-28 00:33:00,5.82,28.52,0.0,Fall,34.9
EV-11114,USR-1258,Single-Family,Level 2 (7.2kW),2025-05-13 23:30:00,11.12,32.02,0.0,Fall,26.9
EV-11115,USR-1233,Single-Family,Level 2 (7.2kW),2025-06-11 22:52:00,35.21,19.58,0.0,Fall,55.3
EV-11116,USR-1044,Single-Family,Level 2 (7.2kW),2025-03-23 11:54:00,8.18,36.45,0.48,Winter,16.8
EV-11117,USR-1063,Single-Family,Level 1 (1.4kW),2025-09-13 00:19:00,13.78,15.99,0.0,Spring,63.5
EV-11118,USR-1134,Single-Family,Level 2 (7.2kW),2025-08-20 11:48:00,3.1,19.01,0.0,Winter,56.6
EV-11119,USR-1163,Single-Family,Level 2 (7.2kW),2025-06-24 20:41:00,11.74,32.64,0.04,Fall,25.5
EV-11120,USR-1368,Single-Family,Level 2 (7.2kW),2025-12-19 18:25:00,4.21,29.39,0.65,Fall,32.9
EV-11121,USR-1361,Single-Family,Level 2 (7.2kW),2025-02-18 18:19:00,3.64,23.48,0.73,Winter,46.4
EV-11122,USR-1016,Single-Family,Level 1 (1.4kW),2025-08-21 12:27:00,27.71,35.79,0.42,Spring,18.3
EV-11123,USR-1004,Townhouse,Level 1 (1.4kW),2025-06-06 14:40:00,17.35,20.59,0.42,Winter,53.0
EV-11124,USR-1097,Single-Family,Level 2 (7.2kW),2025-01-03 16:47:00,5.95,35.92,0.71,Winter,18.0
EV-11125,USR-1095,Townhouse,Level 2 (7.2kW),2025-03-28 15:42:00,17.07,21.33,0.42,Winter,51.3
EV-11126,USR-1140,Condo/Apartment,Level 2 (7.2kW),2025-08-25 22:55:00,9.03,15.46,0.0,Fall,64.7
EV-11127,USR-1036,Single-Family,Level 2 (7.2kW),2025-07-15 12:52:00,32.89,22.52,0.42,Summer,48.6
EV-11128,USR-1300,Condo/Apartment,Level 2 (7.2kW),2025-04-05 11:56:00,10.18,20.76,0.49,Fall,52.6
EV-11129,USR-1020,Single-Family,Level 2 (7.2kW),2025-04-27 18:54:00,3.33,14.54,0.64,Summer,66.8
EV-11130,USR-1095,Townhouse,Level 2 (7.2kW),2025-03-06 16:48:00,5.63,31.67,0.74,Spring,27.7
EV-11131,USR-1279,Single-Family,Level 2 (7.2kW),2025-11-26 13:48:00,4.25,14.41,0.47,Spring,67.1
EV-11132,USR-1231,Single-Family,Level 2 (7.2kW),2025-04-07 22:01:00,6.01,16.87,0.0,Summer,61.5
EV-11133,USR-1061,Townhouse,Level 1 (1.4kW),2025-07-15 17:02:00,36.57,35.97,0.33,Winter,17.9
EV-11134,USR-1380,Single-Family,Level 2 (7.2kW),2025-11-24 17:04:00,3.79,13.84,1.0,Fall,68.4
EV-11135,USR-1313,Single-Family,Level 1 (1.4kW),2025-04-03 09:44:00,13.04,17.74,0.42,Spring,59.5
EV-11136,USR-1077,Townhouse,Level 2 (7.2kW),2025-08-04 18:52:00,6.54,26.99,0.33,Summer,38.4
EV-11137,USR-1074,Single-Family,Level 2 (7.2kW),2025-03-23 17:33:00,5.38,32.15,0.64,Winter,26.6
EV-11138,USR-1119,Townhouse,Level 2 (7.2kW),2025-08-19 13:44:00,3.76,12.22,0.33,Spring,72.1
EV-11139,USR-1348,Single-Family,Level 2 (7.2kW),2025-06-03 16:44:00,3.21,14.46,1.0,Fall,67.0
EV-11140,USR-1390,Single-Family,Level 2 (7.2kW),2025-07-09 16:52:00,6.69,27.51,0.63,Summer,37.2
EV-11141,USR-1238,Townhouse,Level 2 (7.2kW),2025-04-25 22:44:00,3.47,15.51,0.0,Summer,64.6
EV-11142,USR-1319,Single-Family,Level 1 (1.4kW),2025-05-23 16:41:00,27.03,37.63,0.38,Summer,14.1
EV-11143,USR-1070,Single-Family,Level 2 (7.2kW),2025-02-21 23:58:00,4.6,27.69,0.0,Winter,36.8
EV-11144,USR-1340,Single-Family,Level 2 (7.2kW),2025-02-24 18:08:00,6.26,35.31,0.48,Spring,19.4
EV-11145,USR-1096,Townhouse,Level 2 (7.2kW),2025-11-12 18:31:00,6.18,38.68,0.4,Spring,11.7
EV-11146,USR-1227,Single-Family,Level 2 (7.2kW),2025-11-19 21:45:00,6.28,36.71,0.0,Fall,16.2
EV-11147,USR-1377,Condo/Apartment,Level 2 (7.2kW),2025-02-02 00:20:00,4.26,15.16,0.0,Winter,65.4
EV-11148,USR-1159,Single-Family,Level 2 (7.2kW),2025-09-28 11:05:00,14.89,28.52,0.42,Fall,34.9
EV-11149,USR-1124,Townhouse,Level 2 (7.2kW),2025-10-22 10:49:00,3.08,16.95,0.0,Fall,61.3
EV-11150,USR-1114,Single-Family,Level 2 (7.2kW),2025-11-07 22:47:00,6.22,37.46,0.0,Summer,14.5
EV-11151,USR-1090,Single-Family,Level 2 (7.2kW),2025-11-06 19:07:00,2.87,13.89,0.67,Fall,68.3
EV-11152,USR-1171,Townhouse,Level 2 (7.2kW),2025-12-27 12:06:00,5.73,15.9,0.3,Spring,63.7
EV-11153,USR-1125,Single-Family,Level 2 (7.2kW),2025-11-29 10:47:00,3.69,18.0,0.0,Winter,58.9
EV-11154,USR-1281,Townhouse,Level 1 (1.4kW),2025-01-08 23:20:00,21.36,23.96,0.0,Fall,45.3
EV-11155,USR-1055,Townhouse,Level 2 (7.2kW),2025-08-05 16:04:00,2.77,18.79,1.0,Spring,57.1
EV-11156,USR-1267,Condo/Apartment,Level 1 (1.4kW),2025-01-17 14:38:00,24.05,30.1,0.42,Winter,31.3
EV-11157,USR-1008,Condo/Apartment,Level 2 (7.2kW),2025-09-03 22:39:00,4.44,21.2,0.0,Winter,51.6
EV-11158,USR-1270,Single-Family,Level 2 (7.2kW),2025-02-28 23:02:00,2.44,16.16,0.0,Fall,63.1
EV-11159,USR-1108,Single-Family,Level 2 (7.2kW),2025-08-07 16:35:00,5.44,21.16,0.82,Fall,51.7
EV-11160,USR-1051,Condo/Apartment,Level 2 (7.2kW),2025-11-24 00:20:00,7.84,26.9,0.0,Spring,38.6
EV-11161,USR-1018,Single-Family,Level 2 (7.2kW),2025-03-22 18:15:00,4.77,23.61,0.55,Winter,46.1
EV-11162,USR-1139,Single-Family,Level 2 (7.2kW),2025-09-14 18:08:00,5.17,24.97,0.57,Summer,43.0
EV-11163,USR-1323,Condo/Apartment,Level 2 (7.2kW),2025-05-19 00:57:00,4.89,28.04,0.0,Fall,36.0
EV-11164,USR-1278,Single-Family,Level 1 (1.4kW),2025-01-22 18:48:00,15.63,13.49,0.19,Fall,69.2
EV-11165,USR-1351,Single-Family,Level 2 (7.2kW),2025-06-05 22:54:00,3.85,14.72,0.0,Winter,66.4
EV-11166,USR-1385,Townhouse,Level 2 (7.2kW),2025-10-14 11:24:00,2.36,15.95,0.0,Fall,63.6
EV-11167,USR-1069,Single-Family,Level 2 (7.2kW),2025-06-19 11:13:00,5.1,33.07,0.05,Summer,24.5
EV-11168,USR-1045,Single-Family,Level 2 (7.2kW),2025-08-25 19:19:00,8.72,15.2,0.2,Spring,65.3
EV-11169,USR-1059,Single-Family,Level 1 (1.4kW),2025-02-20 18:52:00,20.94,21.38,0.19,Winter,51.2
EV-11170,USR-1369,Single-Family,Level 1 (1.4kW),2025-09-26 12:28:00,31.55,34.61,0.42,Winter,21.0
EV-11171,USR-1185,Single-Family,Level 2 (7.2kW),2025-08-18 12:47:00,3.26,19.49,0.0,Winter,55.5
EV-11172,USR-1127,Townhouse,Level 2 (7.2kW),2025-11-29 16:50:00,2.31,16.16,1.0,Winter,63.1
EV-11173,USR-1069,Single-Family,Level 2 (7.2kW),2025-08-29 20:49:00,2.81,11.57,0.08,Fall,73.6
EV-11174,USR-1079,Single-Family,Level 2 (7.2kW),2025-05-05 20:51:00,5.01,24.8,0.05,Summer,43.4
EV-11175,USR-1249,Condo/Apartment,Level 2 (7.2kW),2025-11-07 23:14:00,6.19,31.76,0.0,Winter,27.5
EV-11176,USR-1367,Townhouse,Level 2 (7.2kW),2025-02-11 16:49:00,8.2,14.54,0.52,Fall,66.8
EV-11177,USR-1252,Single-Family,Level 2 (7.2kW),2025-12-08 18:53:00,5.62,20.37,0.39,Fall,53.5
EV-11178,USR-1107,Single-Family,Level 2 (7.2kW),2025-06-30 13:43:00,10.92,33.51,0.45,Fall,23.5
EV-11179,USR-1128,Single-Family,Level 2 (7.2kW),2025-06-03 18:45:00,8.18,30.8,0.27,Fall,29.7
EV-11180,USR-1135,Single-Family,Level 2 (7.2kW),2025-12-31 18:23:00,6.19,35.62,0.44,Fall,18.7
EV-11181,USR-1222,Townhouse,Level 2 (7.2kW),2025-09-08 19:25:00,3.13,18.27,0.54,Fall,58.3
EV-11182,USR-1293,Single-Family,Level 2 (7.2kW),2025-07-27 12:22:00,8.88,29.7,0.56,Winter,32.2
EV-11183,USR-1328,Condo/Apartment,Level 2 (7.2kW),2025-10-02 15:56:00,2.98,16.12,0.92,Winter,63.2
EV-11184,USR-1300,Single-Family,Level 2 (7.2kW),2025-09-14 20:18:00,3.73,21.6,0.2,Fall,50.7
EV-11185,USR-1021,Townhouse,Level 1 (1.4kW),2025-11-04 20:05:00,22.72,23.48,0.08,Summer,46.4
EV-11186,USR-1025,Townhouse,Level 2 (7.2kW),2025-05-06 19:14:00,2.51,14.63,0.8,Spring,66.6
EV-11187,USR-1111,Single-Family,Level 2 (7.2kW),2025-11-02 11:42:00,5.24,19.01,0.14,Winter,56.6
EV-11188,USR-1185,Single-Family,Level 1 (1.4kW),2025-06-06 23:36:00,15.16,16.52,0.0,Summer,62.3
EV-11189,USR-1111,Single-Family,Level 2 (7.2kW),2025-04-02 17:04:00,15.61,30.01,0.33,Fall,31.5
EV-11190,USR-1342,Single-Family,Level 2 (7.2kW),2025-12-08 20:13:00,10.22,20.76,0.1,Summer,52.6
EV-11191,USR-1086,Condo/Apartment,Level 2 (7.2kW),2025-04-16 20:07:00,3.43,19.41,0.29,Winter,55.7
EV-11192,USR-1140,Condo/Apartment,Level 2 (7.2kW),2025-02-18 14:40:00,1.74,11.21,0.14,Spring,74.4
EV-11193,USR-1148,Single-Family,Level 2 (7.2kW),2025-05-29 23:20:00,7.72,23.61,0.0,Spring,46.1
EV-11194,USR-1285,Single-Family,Level 1 (1.4kW),2025-08-12 22:03:00,20.59,25.98,0.0,Spring,40.7
EV-11195,USR-1141,Condo/Apartment,Level 1 (1.4kW),2025-03-25 23:10:00,23.36,28.34,0.0,Summer,35.3
EV-11196,USR-1021,Townhouse,Level 2 (7.2kW),2025-08-28 18:04:00,5.99,35.62,0.5,Summer,18.7
EV-11197,USR-1356,Townhouse,Level 2 (7.2kW),2025-09-19 02:51:00,6.45,35.27,0.0,Fall,19.5
EV-11198,USR-1258,Single-Family,Level 2 (7.2kW),2025-06-25 10:01:00,7.3,13.62,0.2,Winter,68.9
EV-11199,USR-1020,Single-Family,Level 1 (1.4kW),2025-04-08 17:33:00,29.05,30.97,0.29,Summer,29.3
